department,leaveType,leaveDuration,month,dayOfWeek,previousLeavesTaken,ageYears,tenureMonths,attendanceReliability,status
Administration,Casual Leave,1,7,1,0,33,156,94.8,Approved
Administration,Casual Leave,1,7,1,0,50,216,93.1,Rejected
Health & Safety,Sick Leave,1,7,2,0,38,216,85.7,Approved
Health & Safety,Sick Leave,1,7,3,0,39,168,96.3,Approved
Health & Safety,Sick Leave,1,7,3,1,33,156,89.4,Approved
Health & Safety,Sick Leave,1,7,4,1,38,216,89.2,Approved
Health & Safety,Sick Leave,1,7,4,0,28,36,95.4,Approved
Health & Safety,Sick Leave,1,7,4,0,36,132,86.9,Approved
Administration,Casual Leave,5,7,0,0,34,168,83.7,Approved
Health & Safety,Sick Leave,1,7,0,0,37,168,92.0,Rejected
Health & Safety,Sick Leave,1,7,0,1,36,132,89.1,Approved
Health & Safety,Sick Leave,1,7,1,2,36,132,87.2,Approved
Health & Safety,Sick Leave,1,7,2,3,36,132,99.3,Approved
Health & Safety,Sick Leave,1,7,2,2,38,216,88.9,Approved
Health & Safety,Sick Leave,1,7,2,3,38,216,92.8,Approved
Health & Safety,Sick Leave,1,7,4,0,41,192,100.0,Approved
Operations,Annual Leave,1,7,0,4,38,216,94.4,Approved
Health & Safety,Sick Leave,1,7,3,0,33,156,75.3,Approved
Health & Safety,Sick Leave,1,8,2,0,47,168,86.2,Rejected
Health & Safety,Sick Leave,1,8,2,0,28,48,85.8,Approved
Health & Safety,Sick Leave,1,8,0,5,38,216,80.2,Rejected
Health & Safety,Sick Leave,5,8,0,1,28,36,88.4,Approved
Health & Safety,Sick Leave,1,8,4,4,36,132,92.4,Approved
Operations,Annual Leave,1,8,0,2,33,156,98.1,Rejected
Health & Safety,Sick Leave,1,8,0,2,28,36,93.5,Rejected
Health & Safety,Sick Leave,1,8,1,2,33,156,86.5,Approved
Health & Safety,Sick Leave,1,8,2,0,29,72,95.5,Approved
Operations,Annual Leave,1,8,2,3,33,156,81.8,Approved
Health & Safety,Sick Leave,1,8,4,5,38,216,91.6,Approved
Operations,Annual Leave,1,8,0,6,38,216,90.5,Approved
Operations,Annual Leave,1,8,3,0,48,144,90.1,Approved
Health & Safety,Sick Leave,1,8,3,0,37,168,92.9,Rejected
Operations,Annual Leave,1,8,0,1,48,144,80.2,Approved
Health & Safety,Sick Leave,1,8,0,7,38,216,81.1,Approved
Health & Safety,Sick Leave,1,8,0,2,28,36,90.1,Approved
Operations,Annual Leave,1,8,1,4,33,156,90.8,Approved
Health & Safety,Sick Leave,1,8,3,0,32,144,93.8,Approved
Health & Safety,Sick Leave,1,8,4,2,48,144,88.0,Approved
Health & Safety,Sick Leave,1,8,4,5,36,132,72.7,Approved
Health & Safety,Sick Leave,1,9,1,0,27,84,88.0,Approved
Health & Safety,Sick Leave,1,9,0,0,37,120,90.2,Approved
Health & Safety,Sick Leave,1,9,1,8,38,216,85.3,Approved
Administration,Casual Leave,1,9,1,0,43,156,85.0,Approved
Health & Safety,Sick Leave,1,9,2,1,34,168,68.4,Approved
Health & Safety,Sick Leave,1,9,0,1,37,120,82.1,Rejected
Health & Safety,Sick Leave,1,9,1,9,38,216,86.3,Approved
Health & Safety,Sick Leave,1,9,3,0,40,144,92.3,Approved
Health & Safety,Sick Leave,1,9,4,6,36,132,80.3,Approved
Health & Safety,Sick Leave,4,9,0,1,40,144,85.3,Approved
Administration,Casual Leave,1,9,0,7,36,132,78.8,Rejected
Administration,Casual Leave,1,9,0,0,28,108,85.6,Rejected
Health & Safety,Sick Leave,1,9,1,0,28,108,78.1,Approved
Health & Safety,Sick Leave,1,9,1,1,37,120,81.2,Rejected
Administration,Casual Leave,1,9,1,5,33,156,82.1,Rejected
Administration,Casual Leave,1,9,1,0,50,216,98.1,Rejected
Operations,Annual Leave,1,9,2,1,28,108,94.1,Approved
Health & Safety,Sick Leave,1,9,2,10,38,216,94.5,Approved
Administration,Casual Leave,1,9,2,0,31,144,87.9,Rejected
Health & Safety,Sick Leave,1,9,4,0,47,168,89.2,Rejected
Health & Safety,Sick Leave,1,9,4,11,38,216,82.3,Approved
Health & Safety,Sick Leave,1,9,4,7,36,132,84.5,Approved
Health & Safety,Sick Leave,1,10,1,12,38,216,91.2,Approved
Health & Safety,Sick Leave,1,10,1,1,37,120,92.8,Rejected
Administration,Casual Leave,1,10,2,0,50,216,91.9,Rejected
Health & Safety,Sick Leave,1,10,3,0,30,108,97.8,Approved
Health & Safety,Sick Leave,1,10,4,13,38,216,91.0,Rejected
Health & Safety,Sick Leave,1,10,4,2,28,108,93.3,Approved
Health & Safety,Sick Leave,1,10,2,3,28,108,92.7,Approved
Health & Safety,Sick Leave,1,10,2,0,47,168,100.0,Approved
Health & Safety,Sick Leave,1,10,3,2,40,144,93.7,Approved
Health & Safety,Sick Leave,1,10,2,13,38,216,85.2,Approved
Health & Safety,Sick Leave,1,10,2,4,28,108,99.6,Approved
Administration,Casual Leave,2,10,3,8,36,132,88.1,Approved
Health & Safety,Sick Leave,1,10,1,3,40,144,84.3,Approved
Health & Safety,Sick Leave,1,10,1,5,28,108,95.2,Rejected
Administration,Casual Leave,1,10,2,5,33,156,84.9,Approved
Health & Safety,Sick Leave,1,10,4,3,28,36,89.3,Approved
Health & Safety,Sick Leave,1,10,4,9,36,132,92.4,Approved
Health & Safety,Sick Leave,1,11,3,14,38,216,82.7,Rejected
Health & Safety,Sick Leave,1,11,2,5,28,108,77.8,Approved
Health & Safety,Sick Leave,1,11,3,14,38,216,86.0,Approved
Operations,Annual Leave,1,11,3,0,40,204,90.5,Approved
Health & Safety,Sick Leave,1,11,3,4,40,144,94.3,Approved
Health & Safety,Sick Leave,4,11,0,2,34,168,82.7,Approved
Health & Safety,Sick Leave,1,11,0,1,33,156,89.0,Approved
Health & Safety,Sick Leave,5,11,0,5,40,144,80.6,Approved
Health & Safety,Sick Leave,1,11,4,3,34,168,86.9,Approved
Health & Safety,Sick Leave,1,11,2,6,28,108,79.9,Approved
Operations,Annual Leave,1,11,2,1,40,204,93.3,Approved
Health & Safety,Sick Leave,1,11,4,7,28,108,87.7,Approved
Health & Safety,Sick Leave,1,11,4,10,36,132,90.3,Approved
Health & Safety,Sick Leave,1,11,0,1,47,168,78.1,Approved
Health & Safety,Sick Leave,1,11,1,8,28,108,79.8,Approved
Health & Safety,Sick Leave,3,11,2,6,33,156,86.3,Rejected
Health & Safety,Sick Leave,1,11,3,6,40,144,81.8,Rejected
Health & Safety,Sick Leave,1,12,1,2,47,168,75.1,Approved
Administration,Casual Leave,8,12,1,1,37,120,86.1,Rejected
Health & Safety,Sick Leave,1,12,2,0,50,216,82.4,Approved
Administration,Casual Leave,1,12,2,0,37,168,91.1,Approved
Health & Safety,Sick Leave,1,12,3,9,28,108,81.8,Approved
Administration,Casual Leave,1,12,4,11,36,132,88.8,Rejected
Administration,Casual Leave,7,12,1,1,37,120,85.6,Approved
Health & Safety,Sick Leave,1,12,2,4,28,36,95.9,Approved
Health & Safety,Sick Leave,1,12,3,10,28,108,97.3,Approved
Health & Safety,Sick Leave,1,12,4,11,36,132,86.8,Rejected
Health & Safety,Sick Leave,1,12,1,11,28,108,92.1,Approved
Administration,Casual Leave,1,12,4,2,37,120,94.5,Approved
Administration,Casual Leave,1,12,4,1,41,192,87.9,Rejected
Health & Safety,Sick Leave,1,12,4,12,28,108,91.8,Rejected
Health & Safety,Sick Leave,1,1,2,0,28,108,84.2,Approved
Administration,Casual Leave,1,1,0,0,37,120,95.2,Approved
Administration,Casual Leave,1,1,1,1,37,120,92.0,Approved
Operations,Annual Leave,1,1,1,0,34,168,91.2,Approved
Administration,Casual Leave,1,1,2,1,28,108,92.5,Approved
Health & Safety,Sick Leave,1,1,3,0,27,84,88.2,Approved
Health & Safety,Sick Leave,1,1,3,2,28,108,91.2,Approved
Administration,Casual Leave,1,1,4,3,28,108,86.1,Approved
Administration,Casual Leave,1,1,0,2,37,120,94.5,Approved
Administration,Casual Leave,1,1,1,4,28,108,94.0,Approved
Administration,Casual Leave,1,1,1,3,37,120,91.8,Approved
Administration,Casual Leave,1,1,2,4,37,120,95.4,Approved
Administration,Casual Leave,1,1,3,5,37,120,78.4,Approved
Administration,Casual Leave,1,1,4,6,37,120,90.7,Approved
Operations,Annual Leave,1,1,1,0,30,108,90.8,Rejected
Operations,Annual Leave,1,1,1,0,33,156,99.3,Approved
Administration,Casual Leave,1,1,0,7,37,120,91.7,Rejected
Health & Safety,Sick Leave,1,1,1,5,28,108,87.3,Approved
Health & Safety,Sick Leave,1,1,3,1,33,156,86.3,Approved
Health & Safety,Sick Leave,1,2,4,1,27,84,93.6,Rejected
Health & Safety,Sick Leave,1,2,2,0,41,192,94.4,Approved
Health & Safety,Sick Leave,1,2,2,0,38,216,97.3,Approved
Health & Safety,Sick Leave,1,2,3,1,34,168,94.0,Approved
Health & Safety,Sick Leave,1,2,3,0,33,156,90.5,Rejected
Health & Safety,Sick Leave,1,2,4,0,36,132,86.8,Approved
Health & Safety,Sick Leave,1,2,4,2,33,156,70.2,Approved
Health & Safety,Sick Leave,1,2,0,0,50,108,86.0,Approved
Health & Safety,Sick Leave,1,2,1,1,50,108,84.4,Approved
Health & Safety,Sick Leave,1,2,0,6,28,108,88.9,Approved
Health & Safety,Sick Leave,1,2,1,7,28,108,92.2,Approved
Health & Safety,Sick Leave,1,2,1,0,30,108,89.3,Approved
Health & Safety,Sick Leave,1,2,1,1,27,84,85.0,Approved
Health & Safety,Sick Leave,1,2,3,8,28,108,80.7,Approved
Operations,Annual Leave,1,2,0,0,28,48,86.9,Approved
Health & Safety,Sick Leave,1,2,1,1,28,48,81.3,Approved
Health & Safety,Sick Leave,1,2,2,9,28,108,81.9,Approved
Administration,Casual Leave,1,2,3,0,33,156,88.9,Approved
Health & Safety,Sick Leave,1,3,1,0,32,144,95.0,Approved
Administration,Casual Leave,1,3,1,1,36,132,93.1,Approved
Administration,Casual Leave,1,3,1,0,29,72,86.0,Approved
Operations,Annual Leave,1,3,1,0,40,204,96.8,Approved
Health & Safety,Sick Leave,1,3,2,0,40,144,84.1,Approved
Health & Safety,Sick Leave,1,3,2,2,36,132,81.8,Approved
Health & Safety,Sick Leave,1,3,3,1,30,108,84.9,Approved
Health & Safety,Sick Leave,1,3,4,0,47,168,91.7,Approved
Health & Safety,Sick Leave,5,3,4,3,36,132,89.0,Approved
Health & Safety,Sick Leave,5,3,0,1,40,204,83.9,Approved
Health & Safety,Sick Leave,2,3,0,2,34,168,90.0,Rejected
Administration,Casual Leave,2,3,0,4,36,132,94.0,Approved
Health & Safety,Sick Leave,1,3,1,2,34,168,86.0,Approved
Health & Safety,Sick Leave,1,3,3,3,33,156,91.1,Approved
Health & Safety,Sick Leave,1,3,3,2,40,204,85.8,Approved
Health & Safety,Sick Leave,1,3,4,5,36,132,100.0,Rejected
Health & Safety,Sick Leave,1,3,4,10,28,108,89.3,Rejected
Health & Safety,Sick Leave,1,3,0,0,39,168,81.0,Approved
Health & Safety,Sick Leave,3,3,1,1,38,216,87.1,Approved
Health & Safety,Sick Leave,1,3,2,10,28,108,100.0,Approved
Health & Safety,Sick Leave,1,3,0,11,28,108,86.2,Rejected
Health & Safety,Sick Leave,1,3,0,2,30,108,98.0,Approved
Health & Safety,Sick Leave,1,3,1,11,28,108,84.5,Approved
Health & Safety,Sick Leave,2,3,2,12,28,108,81.1,Rejected
Health & Safety,Sick Leave,1,3,2,2,38,216,92.6,Approved
Health & Safety,Sick Leave,2,3,3,1,39,168,91.8,Rejected
Health & Safety,Sick Leave,1,3,4,12,28,108,78.0,Rejected
Health & Safety,Sick Leave,1,3,4,1,47,168,80.6,Approved
Health & Safety,Sick Leave,1,3,0,12,28,108,89.1,Rejected
Health & Safety,Sick Leave,1,4,2,1,40,144,90.9,Approved
Health & Safety,Sick Leave,1,4,2,12,28,108,80.2,Rejected
Health & Safety,Sick Leave,1,4,1,3,34,168,87.5,Approved
Health & Safety,Sick Leave,3,4,2,1,41,192,86.3,Rejected
Health & Safety,Sick Leave,1,4,3,4,34,168,75.7,Approved
Health & Safety,Sick Leave,1,4,4,12,28,108,88.3,Approved
Health & Safety,Sick Leave,1,4,4,5,36,132,92.6,Approved
Health & Safety,Sick Leave,3,4,2,3,38,216,88.5,Rejected
Health & Safety,Sick Leave,1,4,3,0,50,216,88.7,Approved
Health & Safety,Sick Leave,1,4,4,2,40,144,85.6,Approved
Health & Safety,Sick Leave,1,4,4,1,41,192,93.2,Approved
Health & Safety,Sick Leave,1,4,4,3,40,144,87.5,Approved
Health & Safety,Sick Leave,1,4,4,2,47,168,92.0,Rejected
Administration,Casual Leave,7,4,4,6,36,132,85.9,Rejected
Administration,Casual Leave,1,4,1,4,33,156,83.6,Approved
Health & Safety,Sick Leave,3,4,2,5,34,168,83.7,Approved
Administration,Casual Leave,1,4,2,0,36,132,97.0,Approved
Health & Safety,Sick Leave,2,4,3,5,33,156,87.9,Approved
Health & Safety,Sick Leave,1,4,4,0,37,168,99.4,Rejected
Administration,Casual Leave,1,4,0,0,48,144,92.2,Rejected
Health & Safety,Sick Leave,1,5,2,6,33,156,80.7,Approved
Health & Safety,Sick Leave,1,5,3,6,34,168,80.6,Rejected
Health & Safety,Sick Leave,1,5,0,6,34,168,86.9,Approved
Operations,Annual Leave,1,5,1,3,38,216,89.7,Approved
Administration,Casual Leave,1,5,1,13,28,108,87.8,Approved
Health & Safety,Sick Leave,1,5,2,2,27,84,79.5,Approved
Health & Safety,Sick Leave,1,5,0,7,34,168,76.2,Approved
Health & Safety,Sick Leave,1,5,1,4,38,216,85.5,Approved
Health & Safety,Sick Leave,3,5,2,7,33,156,81.2,Approved
Administration,Casual Leave,1,5,2,1,39,168,94.2,Rejected
Administration,Casual Leave,1,5,2,2,28,48,84.9,Rejected
Administration,Casual Leave,1,5,2,1,36,132,96.1,Rejected
Administration,Casual Leave,1,5,2,2,50,108,91.0,Rejected
Health & Safety,Sick Leave,1,5,1,5,38,216,87.4,Approved
Health & Safety,Sick Leave,3,5,2,1,50,216,87.3,Approved
Health & Safety,Sick Leave,1,5,4,0,28,36,91.7,Approved
Administration,Casual Leave,1,6,0,2,41,192,87.7,Approved
Health & Safety,Sick Leave,1,6,0,1,28,36,80.8,Rejected
Health & Safety,Sick Leave,3,6,1,3,41,192,91.1,Rejected
Health & Safety,Sick Leave,1,6,3,4,40,144,89.8,Approved
Health & Safety,Sick Leave,1,6,4,3,41,192,85.2,Approved
Health & Safety,Sick Leave,1,6,0,6,38,216,89.4,Approved
Health & Safety,Sick Leave,1,6,0,8,34,168,89.0,Approved
Health & Safety,Sick Leave,1,6,0,4,41,192,78.7,Approved
Health & Safety,Sick Leave,1,6,2,2,50,216,90.8,Approved
Health & Safety,Sick Leave,2,6,4,0,37,168,99.8,Approved
Health & Safety,Sick Leave,1,6,1,3,50,216,93.9,Approved
Health & Safety,Sick Leave,10,6,2,4,50,216,84.6,Rejected
Health & Safety,Sick Leave,1,6,3,1,36,132,86.3,Rejected
Health & Safety,Sick Leave,1,6,4,7,38,216,98.1,Approved
Health & Safety,Sick Leave,1,6,0,0,49,348,86.8,Approved
Health & Safety,Sick Leave,1,6,3,14,28,108,81.8,Approved
Administration,Casual Leave,2,7,1,9,34,168,87.9,Approved
Health & Safety,Sick Leave,1,7,2,4,50,216,88.0,Rejected
Health & Safety,Sick Leave,1,7,4,7,37,120,85.8,Rejected
Administration,Casual Leave,1,7,4,7,37,120,82.2,Rejected
Administration,Casual Leave,1,7,1,2,28,48,94.2,Approved
Operations,Annual Leave,1,7,3,3,30,108,86.2,Rejected
Health & Safety,Sick Leave,1,7,4,10,34,168,83.7,Approved
Health & Safety,Sick Leave,1,7,0,3,28,48,93.5,Rejected
Health & Safety,Sick Leave,1,7,1,3,28,48,92.8,Rejected
Health & Safety,Sick Leave,1,7,0,1,29,72,81.2,Approved
Health & Safety,Sick Leave,1,7,1,1,28,36,95.6,Approved
Administration,Casual Leave,1,7,2,8,33,156,76.3,Approved
Administration,Casual Leave,1,7,3,8,38,216,97.0,Approved
Administration,Casual Leave,4,7,0,9,33,156,99.0,Rejected
Administration,Casual Leave,1,7,3,9,33,156,86.0,Approved
Administration,Casual Leave,1,7,3,6,36,132,91.2,Rejected
Administration,Casual Leave,1,8,4,10,33,156,93.3,Approved
Administration,Casual Leave,1,8,4,2,29,72,91.7,Rejected
Health & Safety,Sick Leave,1,8,0,11,33,156,88.7,Rejected
Operations,Annual Leave,1,8,1,0,58,192,85.8,Approved
Health & Safety,Sick Leave,1,8,3,0,43,156,84.7,Approved
Health & Safety,Sick Leave,1,8,3,1,43,156,88.5,Approved
Health & Safety,Sick Leave,1,8,4,6,36,132,80.8,Approved
Health & Safety,Sick Leave,1,8,1,11,33,156,91.0,Approved
Health & Safety,Sick Leave,1,8,2,2,47,168,100.0,Rejected
Health & Safety,Sick Leave,1,8,3,0,33,96,79.2,Approved
Health & Safety,Sick Leave,1,8,3,3,30,108,88.2,Approved
Health & Safety,Sick Leave,1,8,3,4,50,216,87.3,Approved
Health & Safety,Sick Leave,1,8,0,2,47,168,100.0,Approved
Health & Safety,Sick Leave,1,8,1,1,37,168,83.4,Approved
Health & Safety,Sick Leave,1,8,3,5,50,216,90.7,Approved
Administration,Casual Leave,1,8,3,2,37,168,89.9,Approved
Health & Safety,Sick Leave,1,8,1,2,28,36,83.1,Approved
Health & Safety,Sick Leave,1,8,2,3,27,84,86.4,Approved
Health & Safety,Sick Leave,1,9,0,9,38,216,98.6,Rejected
Health & Safety,Sick Leave,1,9,4,9,38,216,81.7,Rejected
Administration,Casual Leave,3,9,2,12,33,156,88.8,Approved
Administration,Casual Leave,1,9,3,1,43,156,86.1,Rejected
Health & Safety,Sick Leave,2,9,0,5,41,192,82.1,Approved
Health & Safety,Sick Leave,1,9,1,5,40,144,85.5,Approved
Administration,Casual Leave,1,9,1,0,39,168,84.2,Rejected
Administration,Casual Leave,1,9,1,1,32,144,87.6,Rejected
Health & Safety,Sick Leave,1,9,2,9,38,216,83.2,Approved
Health & Safety,Sick Leave,4,9,2,6,41,192,89.0,Approved
Health & Safety,Sick Leave,1,9,3,10,38,216,85.0,Approved
Health & Safety,Sick Leave,1,9,4,6,40,144,90.1,Approved
Health & Safety,Sick Leave,1,9,4,7,36,132,76.6,Rejected
Administration,Casual Leave,1,9,2,1,43,156,85.5,Approved
Health & Safety,Sick Leave,1,9,3,6,50,216,78.7,Approved
Administration,Casual Leave,1,9,3,2,43,156,93.3,Rejected
Health & Safety,Sick Leave,1,9,4,7,40,144,85.9,Approved
Health & Safety,Sick Leave,5,9,0,8,40,144,82.0,Approved
Health & Safety,Sick Leave,1,9,0,11,38,216,79.0,Approved
Operations,Annual Leave,1,10,0,13,33,156,86.3,Approved
Administration,Casual Leave,1,10,0,3,37,168,84.5,Rejected
Administration,Casual Leave,1,10,0,14,33,156,78.8,Approved
Health & Safety,Sick Leave,1,10,4,15,33,156,93.3,Rejected
Administration,Casual Leave,1,10,4,7,50,216,83.2,Rejected
Administration,Casual Leave,1,10,4,3,47,168,85.7,Rejected
Health & Safety,Sick Leave,1,10,0,4,30,108,92.8,Approved
Health & Safety,Sick Leave,1,10,0,7,37,120,88.5,Rejected
Health & Safety,Sick Leave,1,10,0,0,31,144,95.7,Approved
Health & Safety,Sick Leave,1,10,2,12,38,216,89.6,Rejected
Health & Safety,Sick Leave,8,10,2,5,30,108,90.7,Approved
Administration,Casual Leave,1,10,2,2,43,156,89.4,Rejected
Administration,Casual Leave,2,10,3,15,33,156,89.3,Approved
Health & Safety,Sick Leave,1,10,4,7,36,132,93.2,Approved
Administration,Casual Leave,1,10,4,2,43,156,98.2,Rejected
Health & Safety,Sick Leave,1,10,0,2,43,156,90.5,Approved
Health & Safety,Sick Leave,1,10,1,7,50,216,92.3,Approved
Health & Safety,Sick Leave,1,10,1,9,40,144,89.7,Approved
Health & Safety,Sick Leave,2,10,3,6,30,108,100.0,Approved
Health & Safety,Sick Leave,1,10,3,8,50,216,87.6,Approved
Health & Safety,Sick Leave,1,10,0,3,28,36,82.3,Approved
Administration,Casual Leave,1,10,1,8,36,132,83.4,Rejected
Administration,Casual Leave,1,10,1,10,40,144,82.1,Rejected
Administration,Casual Leave,1,10,1,2,29,72,90.3,Rejected
Health & Safety,Sick Leave,1,10,2,7,30,108,89.1,Approved
Health & Safety,Sick Leave,1,10,2,8,30,108,82.4,Rejected
Health & Safety,Sick Leave,1,10,3,9,50,216,87.2,Approved
Health & Safety,Sick Leave,1,11,0,7,37,120,99.5,Approved
Health & Safety,Sick Leave,1,11,0,3,47,168,85.7,Approved
Health & Safety,Sick Leave,1,11,1,12,38,216,87.0,Approved
Health & Safety,Sick Leave,1,11,4,8,36,132,85.5,Approved
Health & Safety,Sick Leave,1,11,0,10,40,144,93.5,Approved
Health & Safety,Sick Leave,1,11,0,1,36,132,84.5,Rejected
Health & Safety,Sick Leave,10,11,0,11,34,168,81.2,Rejected
Administration,Casual Leave,1,11,0,3,43,156,87.4,Approved
Administration,Casual Leave,1,11,1,3,28,48,94.2,Rejected
Operations,Annual Leave,1,11,2,3,37,168,99.5,Approved
Health & Safety,Sick Leave,1,11,2,8,37,120,81.5,Approved
Health & Safety,Sick Leave,1,11,3,4,37,168,88.7,Rejected
Health & Safety,Sick Leave,1,11,3,13,38,216,82.8,Approved
Health & Safety,Sick Leave,1,11,4,7,41,192,99.4,Approved
Health & Safety,Sick Leave,1,11,4,11,40,144,83.8,Approved
Health & Safety,Sick Leave,1,11,0,8,41,192,84.0,Approved
Health & Safety,Sick Leave,1,11,1,14,38,216,80.4,Rejected
Health & Safety,Sick Leave,1,11,2,9,36,132,80.1,Approved
Operations,Annual Leave,1,11,4,10,36,132,83.0,Approved
Administration,Casual Leave,1,11,4,1,36,132,91.2,Rejected
Administration,Casual Leave,1,11,1,1,39,168,93.9,Rejected
Health & Safety,Sick Leave,1,11,3,14,38,216,92.7,Rejected
Health & Safety,Sick Leave,1,12,0,15,28,108,82.1,Approved
Health & Safety,Sick Leave,1,12,0,14,38,216,81.8,Approved
Health & Safety,Sick Leave,1,12,0,15,38,216,83.4,Approved
Health & Safety,Sick Leave,1,12,0,4,37,168,87.2,Approved
Health & Safety,Sick Leave,1,12,1,10,50,216,90.3,Rejected
Health & Safety,Sick Leave,1,12,4,11,36,132,86.9,Approved
Health & Safety,Sick Leave,1,12,3,9,41,192,86.2,Approved
Health & Safety,Sick Leave,1,12,3,16,38,216,88.1,Approved
Health & Safety,Sick Leave,1,12,4,17,38,216,82.7,Approved
Health & Safety,Sick Leave,1,12,1,8,30,108,88.2,Approved
Health & Safety,Sick Leave,1,12,1,9,37,120,95.1,Approved
Health & Safety,Sick Leave,1,12,3,5,37,168,84.4,Approved
Health & Safety,Sick Leave,1,12,1,4,43,156,85.4,Approved
Health & Safety,Sick Leave,1,12,1,6,37,168,99.8,Approved
Administration,Casual Leave,1,12,2,12,36,132,100.0,Approved
Health & Safety,Sick Leave,1,12,0,2,29,72,90.8,Approved
Health & Safety,Sick Leave,1,12,0,18,38,216,69.9,Approved
Administration,Casual Leave,1,12,0,16,33,156,84.8,Approved
Health & Safety,Sick Leave,1,1,2,0,28,108,82.2,Approved
Administration,Casual Leave,4,1,0,0,37,120,90.2,Approved
Health & Safety,Sick Leave,1,1,0,0,34,168,95.4,Rejected
Health & Safety,Sick Leave,1,1,1,0,37,168,80.5,Rejected
Health & Safety,Sick Leave,1,1,1,0,34,168,81.9,Rejected
Administration,Casual Leave,1,1,0,0,33,156,88.1,Approved
Health & Safety,Sick Leave,1,1,2,0,40,144,81.3,Approved
Administration,Casual Leave,1,1,0,0,43,156,80.1,Rejected
Administration,Casual Leave,1,1,0,0,50,216,83.0,Approved
Health & Safety,Sick Leave,1,1,2,0,38,216,88.5,Approved
Health & Safety,Sick Leave,1,1,4,1,38,216,86.2,Rejected
Health & Safety,Sick Leave,1,2,1,1,37,120,100.0,Approved
Administration,Casual Leave,1,2,2,1,38,216,89.0,Approved
Health & Safety,Sick Leave,1,2,2,1,28,108,88.1,Approved
Health & Safety,Sick Leave,1,2,4,1,33,156,82.6,Approved
Health & Safety,Sick Leave,1,2,4,0,36,132,83.5,Approved
Health & Safety,Sick Leave,1,2,4,2,38,216,97.2,Rejected
Administration,Casual Leave,1,2,0,2,38,216,96.2,Rejected
Health & Safety,Sick Leave,1,2,3,2,38,216,88.2,Approved
Administration,Casual Leave,1,2,3,0,41,192,96.2,Approved
Administration,Casual Leave,1,2,4,3,38,216,87.4,Approved
Health & Safety,Sick Leave,1,2,0,1,33,156,76.5,Approved
Administration,Casual Leave,1,2,0,4,38,216,94.7,Rejected
Health & Safety,Sick Leave,1,2,1,1,41,192,87.2,Approved
Health & Safety,Sick Leave,1,2,1,1,40,144,88.6,Approved
Health & Safety,Sick Leave,2,2,2,0,29,72,94.7,Approved
Health & Safety,Sick Leave,3,2,4,2,41,192,80.7,Rejected
Operations,Annual Leave,1,3,1,2,37,120,86.3,Rejected
Administration,Casual Leave,2,3,2,2,41,192,93.2,Approved
Health & Safety,Sick Leave,1,3,4,3,41,192,92.7,Approved
Health & Safety,Sick Leave,1,3,4,1,36,132,78.8,Rejected
Health & Safety,Sick Leave,1,3,0,4,38,216,78.2,Approved
Health & Safety,Sick Leave,1,3,0,0,37,168,89.8,Approved
Health & Safety,Sick Leave,1,3,1,3,40,204,83.7,Approved
Health & Safety,Sick Leave,1,3,1,0,36,132,95.9,Rejected
Health & Safety,Sick Leave,2,3,0,5,38,216,80.8,Approved
Health & Safety,Sick Leave,1,3,2,0,28,36,90.2,Approved
Administration,Casual Leave,1,3,2,0,31,144,90.5,Rejected
Operations,Annual Leave,1,3,3,1,37,168,94.3,Approved
Health & Safety,Sick Leave,1,3,4,1,50,216,91.1,Rejected
Health & Safety,Sick Leave,1,3,1,1,50,216,88.6,Approved
Health & Safety,Sick Leave,1,3,2,2,50,216,80.9,Approved
Administration,Casual Leave,1,3,3,2,37,168,90.8,Rejected
Administration,Casual Leave,1,3,3,4,41,192,91.9,Rejected
Administration,Casual Leave,1,3,3,3,50,216,88.8,Rejected
Health & Safety,Sick Leave,1,3,4,6,38,216,93.7,Rejected
Health & Safety,Sick Leave,1,3,4,2,33,156,88.9,Rejected
Administration,Casual Leave,1,3,0,1,36,132,86.9,Rejected
Health & Safety,Sick Leave,1,3,1,4,41,192,85.5,Approved
Health & Safety,Sick Leave,1,4,2,6,38,216,86.7,Approved
Health & Safety,Sick Leave,1,4,4,1,36,132,80.3,Approved
Administration,Casual Leave,1,4,4,0,28,48,91.1,Approved
Health & Safety,Sick Leave,1,4,0,0,31,144,76.1,Approved
Administration,Casual Leave,1,4,0,0,47,168,90.7,Approved
Health & Safety,Sick Leave,1,4,2,1,28,48,88.7,Approved
Health & Safety,Sick Leave,1,4,2,7,38,216,100.0,Approved
Health & Safety,Sick Leave,1,4,0,3,50,216,87.2,Approved
Health & Safety,Sick Leave,10,4,2,4,50,216,86.5,Approved
Health & Safety,Sick Leave,1,4,4,0,43,156,83.0,Approved
Health & Safety,Sick Leave,1,4,4,2,36,132,88.2,Approved
Health & Safety,Sick Leave,1,4,0,8,38,216,79.6,Rejected
Health & Safety,Sick Leave,1,4,2,2,37,120,73.3,Approved
Health & Safety,Sick Leave,2,5,0,0,43,156,93.7,Approved
Health & Safety,Sick Leave,1,5,2,1,47,168,99.2,Approved
Health & Safety,Sick Leave,1,5,0,1,31,144,93.9,Approved
Health & Safety,Sick Leave,1,5,2,0,30,108,90.8,Approved
Health & Safety,Sick Leave,1,5,2,8,38,216,84.6,Approved
Health & Safety,Sick Leave,1,5,3,1,28,36,88.2,Approved
Health & Safety,Sick Leave,1,5,4,3,36,132,91.2,Approved
Health & Safety,Sick Leave,1,5,0,4,40,204,93.7,Approved
Health & Safety,Sick Leave,1,5,0,5,40,204,88.3,Approved
Operations,Annual Leave,1,5,2,0,58,192,80.4,Approved
Health & Safety,Sick Leave,1,5,2,2,28,108,88.2,Approved
Health & Safety,Sick Leave,1,5,4,2,28,48,87.7,Approved
Health & Safety,Sick Leave,1,5,0,1,30,108,89.2,Approved
Health & Safety,Sick Leave,1,5,0,3,37,120,93.6,Approved
Health & Safety,Sick Leave,1,5,0,2,37,168,81.5,Approved
Health & Safety,Sick Leave,1,6,0,4,37,120,93.3,Approved
Health & Safety,Sick Leave,1,6,0,9,38,216,95.5,Approved
Health & Safety,Sick Leave,1,6,1,5,37,120,73.2,Approved
Health & Safety,Sick Leave,1,6,3,3,28,108,86.8,Approved
Health & Safety,Sick Leave,1,6,4,4,36,132,88.6,Approved
Administration,Casual Leave,1,6,4,10,38,216,86.8,Rejected
Health & Safety,Sick Leave,5,6,0,2,40,144,90.2,Rejected
Health & Safety,Sick Leave,3,6,0,10,38,216,90.4,Approved
Health & Safety,Sick Leave,1,6,1,5,41,192,83.5,Approved
Health & Safety,Sick Leave,1,6,0,11,38,216,94.4,Approved
Administration,Casual Leave,1,6,1,1,43,156,82.3,Approved
Health & Safety,Sick Leave,1,6,0,12,38,216,92.3,Rejected
Health & Safety,Sick Leave,1,6,2,4,28,108,88.8,Approved
Health & Safety,Sick Leave,1,6,2,5,50,216,91.4,Rejected
Health & Safety,Sick Leave,1,6,2,12,38,216,88.3,Rejected
Operations,Annual Leave,1,6,2,2,30,108,93.4,Approved
Health & Safety,Sick Leave,1,6,4,6,41,192,93.0,Approved
Health & Safety,Sick Leave,1,6,1,3,28,48,89.2,Approved
Health & Safety,Sick Leave,1,6,1,3,37,168,84.2,Rejected
Health & Safety,Sick Leave,1,7,3,3,30,108,88.4,Approved
Health & Safety,Sick Leave,1,7,3,5,28,108,84.9,Approved
Health & Safety,Sick Leave,1,7,4,5,36,132,88.2,Approved
Health & Safety,Sick Leave,1,7,0,0,33,96,95.2,Approved
Health & Safety,Sick Leave,1,7,4,4,28,48,84.4,Approved
Administration,Casual Leave,1,7,4,6,37,120,86.3,Rejected
Administration,Casual Leave,1,7,0,6,36,132,98.9,Approved
Health & Safety,Sick Leave,1,7,1,6,37,120,89.8,Approved
Operations,Annual Leave,1,7,0,1,43,156,78.9,Approved
Health & Safety,Sick Leave,1,7,0,0,48,144,87.4,Approved
Health & Safety,Sick Leave,1,7,1,7,41,192,94.6,Approved
Health & Safety,Sick Leave,10,7,1,6,28,108,78.6,Approved
Health & Safety,Sick Leave,1,7,1,12,38,216,83.9,Approved
Health & Safety,Sick Leave,1,7,4,5,50,216,86.5,Approved
Health & Safety,Sick Leave,1,7,4,2,28,36,92.5,Approved
Health & Safety,Sick Leave,1,7,0,2,33,156,90.7,Approved
Administration,Casual Leave,1,7,0,2,43,156,89.8,Approved
Health & Safety,Sick Leave,1,7,3,2,40,144,96.3,Rejected
Health & Safety,Sick Leave,1,7,3,0,39,168,83.8,Rejected
Health & Safety,Sick Leave,1,8,3,13,38,216,83.2,Rejected
Health & Safety,Sick Leave,1,8,0,6,40,204,82.4,Approved
Health & Safety,Sick Leave,1,8,1,8,41,192,99.4,Approved
Health & Safety,Sick Leave,1,8,1,7,37,120,98.5,Approved
Administration,Casual Leave,1,8,1,3,33,156,79.6,Approved
Administration,Casual Leave,1,8,1,3,43,156,80.5,Rejected
Health & Safety,Sick Leave,1,8,3,2,40,144,92.0,Approved
Health & Safety,Sick Leave,1,8,0,13,38,216,90.2,Approved
Health & Safety,Sick Leave,1,8,1,7,40,204,92.0,Approved
Health & Safety,Sick Leave,2,8,3,5,28,48,90.4,Approved
Health & Safety,Sick Leave,1,8,1,3,37,168,82.5,Rejected
Health & Safety,Sick Leave,1,8,1,9,41,192,89.2,Approved
Health & Safety,Sick Leave,1,8,1,8,37,120,95.5,Approved
Health & Safety,Sick Leave,1,8,3,3,40,144,86.8,Approved
Health & Safety,Sick Leave,1,8,0,7,36,132,100.0,Approved
Health & Safety,Sick Leave,1,9,1,10,41,192,88.1,Approved
Health & Safety,Sick Leave,1,9,1,9,37,120,94.8,Approved
Health & Safety,Sick Leave,1,9,1,0,34,168,91.1,Approved
Health & Safety,Sick Leave,1,9,3,4,40,144,87.9,Approved
Health & Safety,Sick Leave,1,9,4,4,30,108,90.6,Rejected
Health & Safety,Sick Leave,1,9,4,2,47,168,84.0,Approved
Health & Safety,Sick Leave,1,9,0,14,38,216,92.3,Approved
Health & Safety,Sick Leave,1,9,2,7,28,108,94.2,Approved
Health & Safety,Sick Leave,1,9,0,4,30,108,85.9,Approved
Health & Safety,Sick Leave,1,9,1,2,31,144,84.4,Approved
Health & Safety,Sick Leave,1,9,1,3,28,36,82.8,Approved
Health & Safety,Sick Leave,1,10,3,1,49,348,86.3,Approved
Health & Safety,Sick Leave,1,10,3,0,32,96,90.5,Rejected
Administration,Casual Leave,1,10,4,11,41,192,90.2,Approved
Health & Safety,Sick Leave,1,10,2,2,49,348,80.0,Approved
Health & Safety,Sick Leave,1,10,2,5,40,144,92.4,Approved
Health & Safety,Sick Leave,1,10,1,10,37,120,86.9,Approved
Health & Safety,Sick Leave,1,10,3,3,49,348,85.1,Approved
Health & Safety,Sick Leave,1,10,4,6,40,144,100.0,Approved
Health & Safety,Sick Leave,1,10,1,8,28,108,87.9,Approved
Health & Safety,Sick Leave,1,10,1,3,31,144,95.2,Approved
Health & Safety,Sick Leave,1,10,1,4,31,144,99.2,Approved
Health & Safety,Sick Leave,1,10,1,9,28,108,93.4,Rejected
Administration,Casual Leave,1,10,1,5,31,144,86.0,Approved
Health & Safety,Sick Leave,1,10,2,15,38,216,93.1,Rejected
Health & Safety,Sick Leave,1,10,2,1,58,192,78.3,Rejected
Health & Safety,Sick Leave,1,10,2,7,40,144,82.6,Approved
Health & Safety,Sick Leave,1,10,3,6,31,144,88.5,Approved
Health & Safety,Sick Leave,1,10,3,9,28,108,83.3,Rejected
Health & Safety,Sick Leave,1,10,4,7,31,144,84.6,Rejected
Health & Safety,Sick Leave,1,10,4,9,28,108,89.0,Approved
Health & Safety,Sick Leave,1,10,0,2,33,156,89.4,Approved
Health & Safety,Sick Leave,1,10,0,0,32,96,94.8,Approved
Health & Safety,Sick Leave,1,10,0,3,47,168,81.4,Approved
Administration,Casual Leave,1,10,0,10,28,108,94.3,Rejected
Health & Safety,Sick Leave,1,10,1,10,28,108,84.2,Approved
Operations,Annual Leave,1,11,1,15,38,216,83.6,Approved
Health & Safety,Sick Leave,1,11,2,11,37,120,86.9,Rejected
Health & Safety,Sick Leave,3,11,2,6,28,48,93.8,Approved
Health & Safety,Sick Leave,1,11,4,16,38,216,84.6,Rejected
Health & Safety,Sick Leave,1,11,1,11,37,120,80.5,Rejected
Operations,Annual Leave,1,11,2,4,33,156,93.1,Approved
Health & Safety,Sick Leave,1,11,4,1,32,96,90.7,Approved
Health & Safety,Sick Leave,1,11,4,11,28,108,85.5,Approved
Health & Safety,Sick Leave,1,11,1,4,28,36,83.2,Approved
Health & Safety,Sick Leave,1,11,2,8,40,144,93.0,Approved
Health & Safety,Sick Leave,1,11,3,11,37,120,89.6,Rejected
Health & Safety,Sick Leave,1,11,3,12,28,108,94.6,Approved
Health & Safety,Sick Leave,1,11,0,16,38,216,90.1,Rejected
Health & Safety,Sick Leave,1,11,0,11,37,120,90.4,Approved
Health & Safety,Sick Leave,1,11,1,12,37,120,82.8,Approved
Health & Safety,Sick Leave,1,11,1,13,28,108,98.0,Rejected
Administration,Casual Leave,1,11,1,9,40,144,97.0,Rejected
Administration,Casual Leave,1,11,2,5,33,156,82.0,Rejected
Health & Safety,Sick Leave,1,11,3,4,47,168,80.4,Approved
Administration,Casual Leave,1,11,3,3,43,156,86.1,Rejected
Health & Safety,Sick Leave,1,11,4,13,28,108,91.3,Approved
Administration,Casual Leave,1,11,4,7,31,144,84.1,Approved
Health & Safety,Sick Leave,1,11,0,5,28,36,86.7,Approved
Health & Safety,Sick Leave,4,12,1,16,38,216,83.0,Rejected
Health & Safety,Sick Leave,1,12,2,9,40,144,85.5,Approved
Health & Safety,Sick Leave,1,12,2,14,28,108,80.8,Rejected
Health & Safety,Sick Leave,1,12,4,5,30,108,80.3,Approved
Health & Safety,Sick Leave,1,12,4,14,28,108,92.3,Rejected
Health & Safety,Sick Leave,1,12,3,6,28,36,91.6,Approved
Operations,Annual Leave,1,12,4,8,40,204,92.4,Approved
Administration,Casual Leave,1,12,4,3,43,156,92.1,Approved
Operations,Annual Leave,1,12,0,0,31,12,94.3,Approved
Health & Safety,Sick Leave,2,12,1,6,30,108,93.2,Approved
Health & Safety,Sick Leave,1,12,1,14,28,108,96.5,Rejected
Health & Safety,Sick Leave,1,12,3,14,28,108,90.3,Rejected
Health & Safety,Sick Leave,1,12,0,14,28,108,90.8,Approved
Operations,Annual Leave,10,12,1,1,34,168,88.9,Approved
Health & Safety,Sick Leave,3,1,0,0,30,108,90.0,Rejected
Health & Safety,Sick Leave,2,1,3,0,30,108,87.0,Approved
Health & Safety,Sick Leave,1,1,3,0,40,204,86.0,Approved
Health & Safety,Sick Leave,1,1,4,1,40,204,94.5,Approved
Health & Safety,Sick Leave,1,1,0,1,30,108,95.4,Approved
Health & Safety,Sick Leave,1,1,2,2,40,204,94.7,Approved
Health & Safety,Sick Leave,1,1,3,0,49,348,83.8,Approved
Operations,Annual Leave,1,1,4,3,40,204,91.0,Approved
Administration,Casual Leave,1,1,0,2,30,108,83.3,Approved
Operations,Annual Leave,1,1,1,0,34,168,94.3,Approved
Administration,Casual Leave,1,1,2,3,30,108,89.4,Approved
Administration,Casual Leave,1,1,2,0,38,216,88.5,Approved
Health & Safety,Sick Leave,1,1,2,0,33,156,79.0,Approved
Administration,Casual Leave,1,1,3,1,38,216,84.6,Rejected
Administration,Casual Leave,1,1,4,1,38,216,86.1,Rejected
Health & Safety,Sick Leave,1,2,1,1,38,216,91.3,Approved
Health & Safety,Sick Leave,1,2,1,0,28,108,81.8,Approved
Health & Safety,Sick Leave,1,2,2,0,47,168,89.4,Approved
Administration,Casual Leave,1,2,2,2,38,216,84.3,Approved
Health & Safety,Sick Leave,1,2,3,1,28,108,90.8,Approved
Administration,Casual Leave,1,2,3,3,38,216,92.1,Approved
Administration,Casual Leave,1,2,3,4,30,108,88.8,Rejected
Health & Safety,Sick Leave,1,2,4,0,41,180,90.0,Approved
Administration,Casual Leave,1,2,4,4,38,216,91.7,Approved
Administration,Casual Leave,1,2,0,0,31,12,79.8,Approved
Administration,Casual Leave,1,2,0,5,38,216,82.2,Approved
Health & Safety,Sick Leave,1,2,1,2,28,108,86.5,Approved
Administration,Casual Leave,1,2,2,6,38,216,88.2,Rejected
Administration,Casual Leave,1,2,3,6,38,216,86.4,Approved
Health & Safety,Sick Leave,1,2,3,3,28,108,92.2,Approved
Health & Safety,Sick Leave,1,2,3,4,30,108,92.8,Rejected
Health & Safety,Sick Leave,1,2,4,4,40,204,80.7,Approved
Administration,Casual Leave,1,2,4,7,38,216,91.4,Approved
Health & Safety,Sick Leave,1,2,2,1,31,12,77.3,Approved
Administration,Casual Leave,1,2,2,4,30,108,94.3,Approved
Health & Safety,Sick Leave,1,2,3,8,38,216,95.3,Approved
Health & Safety,Sick Leave,1,2,0,1,34,168,85.4,Rejected
Health & Safety,Sick Leave,1,2,0,0,32,96,86.3,Approved
Health & Safety,Sick Leave,1,2,0,4,28,108,84.4,Approved
Administration,Casual Leave,1,2,1,9,38,216,88.9,Approved
Health & Safety,Sick Leave,1,2,1,1,47,168,74.6,Approved
Health & Safety,Sick Leave,1,2,1,5,28,108,81.8,Approved
Health & Safety,Sick Leave,1,2,4,1,32,96,91.8,Approved
Administration,Casual Leave,1,3,0,10,38,216,87.3,Rejected
Health & Safety,Sick Leave,1,3,0,2,47,168,93.4,Approved
Health & Safety,Sick Leave,1,3,1,0,58,192,99.2,Rejected
Health & Safety,Sick Leave,1,3,1,3,47,168,93.8,Approved
Health & Safety,Sick Leave,10,3,1,0,58,192,89.5,Approved
Administration,Casual Leave,1,3,2,10,38,216,100.0,Approved
Administration,Casual Leave,1,3,3,6,28,108,83.8,Approved
Administration,Casual Leave,1,3,3,11,38,216,97.8,Rejected
Health & Safety,Sick Leave,1,3,3,7,28,108,95.0,Approved
Administration,Casual Leave,1,3,4,5,30,108,80.8,Approved
Health & Safety,Sick Leave,1,3,0,2,32,96,86.3,Approved
Administration,Casual Leave,1,3,0,0,28,36,82.8,Approved
Health & Safety,Sick Leave,1,3,1,11,38,216,84.3,Approved
Administration,Casual Leave,1,3,4,6,30,108,79.5,Approved
Health & Safety,Sick Leave,1,3,0,12,38,216,80.5,Approved
Health & Safety,Sick Leave,1,3,0,4,47,168,88.8,Approved
Administration,Casual Leave,1,3,0,13,38,216,89.1,Approved
Health & Safety,Sick Leave,1,3,0,8,28,108,99.0,Approved
Administration,Casual Leave,1,3,1,14,38,216,100.0,Rejected
Health & Safety,Sick Leave,1,3,2,1,33,156,85.6,Rejected
Health & Safety,Sick Leave,1,3,2,1,58,192,83.1,Approved
Health & Safety,Sick Leave,1,3,3,5,47,168,86.4,Approved
Health & Safety,Sick Leave,1,3,4,7,30,108,86.2,Approved
Administration,Casual Leave,1,3,4,14,38,216,84.3,Approved
Administration,Casual Leave,1,3,1,15,38,216,86.1,Approved
Health & Safety,Sick Leave,1,3,2,0,46,288,89.3,Approved
Health & Safety,Sick Leave,3,3,2,1,34,168,85.9,Approved
Administration,Casual Leave,1,3,2,16,38,216,98.2,Approved
Administration,Casual Leave,1,3,3,17,38,216,90.9,Rejected
Health & Safety,Sick Leave,1,3,0,8,30,108,80.0,Approved
Administration,Casual Leave,10,3,0,1,33,156,88.3,Approved
Health & Safety,Sick Leave,1,3,2,0,31,144,86.5,Approved
Health & Safety,Sick Leave,1,4,0,9,28,108,79.5,Approved
Health & Safety,Sick Leave,1,4,0,0,37,120,79.8,Approved
Administration,Casual Leave,1,4,1,1,28,36,81.5,Approved
Administration,Casual Leave,1,4,2,6,47,168,82.9,Approved
Health & Safety,Sick Leave,1,4,3,0,33,156,83.1,Approved
Administration,Casual Leave,1,4,4,9,30,108,79.3,Approved
Health & Safety,Sick Leave,3,4,0,1,31,144,78.6,Approved
Operations,Annual Leave,1,4,1,5,40,204,84.2,Approved
Health & Safety,Sick Leave,1,4,1,0,50,216,88.1,Approved
Health & Safety,Sick Leave,1,4,1,2,28,36,98.2,Approved
Health & Safety,Sick Leave,1,4,2,1,37,120,92.4,Approved
Health & Safety,Sick Leave,1,4,4,0,37,168,85.1,Approved
Administration,Casual Leave,1,4,0,10,28,108,84.6,Rejected
Operations,Annual Leave,1,4,1,3,32,96,82.8,Approved
Health & Safety,Sick Leave,1,4,1,2,34,168,86.2,Rejected
Administration,Casual Leave,1,4,3,10,28,108,76.9,Approved
Health & Safety,Sick Leave,1,4,3,1,50,216,78.1,Rejected
Health & Safety,Sick Leave,1,5,0,1,37,168,86.6,Rejected
Administration,Casual Leave,1,5,2,1,41,180,88.0,Rejected
Health & Safety,Sick Leave,1,5,2,4,32,96,80.7,Approved
Health & Safety,Sick Leave,1,5,2,2,37,120,87.7,Approved
Administration,Casual Leave,1,5,2,0,43,156,92.1,Approved
Health & Safety,Sick Leave,1,5,3,10,30,108,79.7,Approved
Health & Safety,Sick Leave,1,5,3,0,40,144,88.8,Approved
Health & Safety,Sick Leave,1,5,3,1,41,180,89.7,Approved
Administration,Casual Leave,8,5,4,0,43,156,90.6,Rejected
Health & Safety,Sick Leave,1,5,4,2,41,180,92.2,Approved
Administration,Casual Leave,1,5,4,11,30,108,100.0,Rejected
Health & Safety,Sick Leave,1,5,0,1,50,216,86.2,Approved
Health & Safety,Sick Leave,1,5,1,2,50,216,87.9,Approved
Health & Safety,Sick Leave,1,5,1,3,37,120,85.1,Approved
Administration,Casual Leave,1,5,1,3,50,216,96.8,Rejected
Administration,Casual Leave,1,5,2,11,30,108,93.0,Approved
Administration,Casual Leave,1,5,2,0,36,132,89.5,Rejected
Operations,Annual Leave,1,5,4,6,40,204,88.9,Approved
Health & Safety,Sick Leave,6,5,0,2,34,168,90.1,Approved
Health & Safety,Sick Leave,1,5,0,5,32,96,81.7,Approved
Health & Safety,Sick Leave,1,5,2,1,40,144,87.5,Approved
Health & Safety,Sick Leave,1,5,2,7,40,204,80.7,Rejected
Health & Safety,Sick Leave,1,5,2,11,28,108,94.9,Approved
Health & Safety,Sick Leave,1,5,3,0,28,48,93.8,Approved
Health & Safety,Sick Leave,1,5,3,6,32,96,96.1,Approved
Health & Safety,Sick Leave,1,5,0,3,28,36,86.5,Approved
Health & Safety,Sick Leave,1,5,2,3,34,168,93.5,Rejected
Health & Safety,Sick Leave,1,5,4,7,40,204,96.6,Approved
Health & Safety,Sick Leave,1,5,4,3,34,168,91.6,Approved
Health & Safety,Sick Leave,1,5,0,12,28,108,83.2,Approved
Health & Safety,Sick Leave,1,6,2,1,46,288,83.5,Approved
Administration,Casual Leave,1,6,2,12,30,108,90.9,Approved
Administration,Casual Leave,1,6,4,4,37,120,75.3,Approved
Health & Safety,Sick Leave,1,6,2,5,37,120,81.9,Rejected
Health & Safety,Sick Leave,1,6,3,0,36,132,80.6,Approved
Administration,Casual Leave,3,6,3,3,50,216,87.6,Approved
Administration,Casual Leave,1,6,4,2,31,12,74.9,Approved
Administration,Casual Leave,1,6,4,13,30,108,82.1,Approved
Administration,Casual Leave,1,6,0,0,48,144,88.0,Rejected
Administration,Casual Leave,1,6,0,0,33,96,85.2,Rejected
Administration,Casual Leave,1,6,3,4,50,216,92.6,Approved
Health & Safety,Sick Leave,1,6,3,14,30,108,77.4,Approved
Health & Safety,Sick Leave,1,6,3,2,40,144,96.7,Approved
Health & Safety,Sick Leave,1,6,0,15,30,108,88.1,Approved
Health & Safety,Sick Leave,1,6,0,5,37,120,82.9,Approved
Health & Safety,Sick Leave,1,6,3,3,31,12,92.8,Rejected
Health & Safety,Sick Leave,1,6,4,6,37,120,82.7,Approved
Health & Safety,Sick Leave,1,6,2,7,37,120,88.5,Approved
Health & Safety,Sick Leave,1,6,2,3,31,12,93.2,Approved
Administration,Casual Leave,1,7,2,1,43,156,98.2,Approved
Administration,Casual Leave,1,7,4,4,31,12,83.4,Approved
Health & Safety,Sick Leave,1,7,0,2,58,192,81.7,Approved
Health & Safety,Sick Leave,1,7,0,8,37,120,84.0,Rejected
Health & Safety,Sick Leave,10,7,1,3,58,192,79.2,Approved
Health & Safety,Sick Leave,2,7,1,1,33,156,90.8,Approved
Health & Safety,Sick Leave,1,7,2,8,37,120,75.1,Rejected
Health & Safety,Sick Leave,1,7,2,4,28,36,90.0,Approved
Health & Safety,Sick Leave,1,7,2,13,28,108,97.1,Approved
Health & Safety,Sick Leave,10,7,0,2,31,144,97.7,Approved
Health & Safety,Sick Leave,1,7,1,2,33,156,90.1,Rejected
Health & Safety,Sick Leave,1,7,1,1,37,168,85.2,Approved
Administration,Casual Leave,1,7,1,0,33,156,73.3,Approved
Administration,Casual Leave,1,7,1,0,50,216,89.3,Rejected
Health & Safety,Sick Leave,1,7,2,0,38,216,92.6,Rejected
Health & Safety,Sick Leave,1,7,3,0,39,168,90.6,Approved
Health & Safety,Sick Leave,1,7,3,1,33,156,97.7,Approved
Health & Safety,Sick Leave,1,7,4,0,38,216,88.7,Approved
Health & Safety,Sick Leave,1,7,4,0,28,36,86.6,Approved
Health & Safety,Sick Leave,1,7,4,0,36,132,79.0,Approved
Administration,Casual Leave,5,7,0,0,34,168,79.2,Approved
Health & Safety,Sick Leave,1,7,0,0,37,168,78.0,Approved
Health & Safety,Sick Leave,1,7,0,1,36,132,77.8,Approved
Health & Safety,Sick Leave,1,7,1,2,36,132,81.7,Rejected
Health & Safety,Sick Leave,1,7,2,2,36,132,92.1,Approved
Health & Safety,Sick Leave,1,7,2,1,38,216,92.8,Approved
Health & Safety,Sick Leave,1,7,2,2,38,216,95.0,Approved
Health & Safety,Sick Leave,1,7,4,0,41,192,92.6,Approved
Operations,Annual Leave,1,7,0,3,38,216,80.2,Approved
Health & Safety,Sick Leave,1,7,3,0,33,156,81.3,Approved
Health & Safety,Sick Leave,1,8,2,0,47,168,95.6,Approved
Health & Safety,Sick Leave,1,8,2,0,28,48,78.1,Approved
Health & Safety,Sick Leave,1,8,0,4,38,216,94.5,Approved
Health & Safety,Sick Leave,5,8,0,1,28,36,82.0,Approved
Health & Safety,Sick Leave,1,8,4,3,36,132,78.7,Approved
Operations,Annual Leave,1,8,0,2,33,156,83.1,Approved
Health & Safety,Sick Leave,1,8,0,2,28,36,85.7,Approved
Health & Safety,Sick Leave,1,8,1,3,33,156,90.1,Approved
Health & Safety,Sick Leave,1,8,2,0,29,72,86.0,Approved
Operations,Annual Leave,1,8,2,4,33,156,81.4,Approved
Health & Safety,Sick Leave,1,8,4,5,38,216,82.4,Approved
Operations,Annual Leave,1,8,0,6,38,216,84.8,Approved
Operations,Annual Leave,1,8,3,0,48,144,86.9,Approved
Health & Safety,Sick Leave,1,8,3,1,37,168,88.3,Approved
Operations,Annual Leave,1,8,0,1,48,144,82.0,Approved
Health & Safety,Sick Leave,1,8,0,7,38,216,91.3,Approved
Health & Safety,Sick Leave,1,8,0,3,28,36,87.8,Approved
Operations,Annual Leave,1,8,1,5,33,156,85.0,Approved
Health & Safety,Sick Leave,1,8,3,0,32,144,82.9,Approved
Health & Safety,Sick Leave,1,8,4,2,48,144,93.6,Rejected
Health & Safety,Sick Leave,1,8,4,4,36,132,96.9,Approved
Health & Safety,Sick Leave,1,9,1,0,27,84,79.2,Approved
Health & Safety,Sick Leave,1,9,0,0,37,120,87.6,Approved
Health & Safety,Sick Leave,1,9,1,8,38,216,89.7,Rejected
Administration,Casual Leave,1,9,1,0,43,156,73.6,Approved
Health & Safety,Sick Leave,1,9,2,1,34,168,83.0,Approved
Health & Safety,Sick Leave,1,9,0,1,37,120,85.4,Rejected
Health & Safety,Sick Leave,1,9,1,8,38,216,79.7,Approved
Health & Safety,Sick Leave,1,9,3,0,40,144,94.8,Approved
Health & Safety,Sick Leave,1,9,4,5,36,132,93.9,Rejected
Health & Safety,Sick Leave,4,9,0,1,40,144,86.0,Rejected
Administration,Casual Leave,1,9,0,5,36,132,93.2,Rejected
Administration,Casual Leave,1,9,0,0,28,108,88.4,Rejected
Health & Safety,Sick Leave,1,9,1,0,28,108,80.0,Approved
Health & Safety,Sick Leave,1,9,1,1,37,120,82.9,Rejected
Administration,Casual Leave,1,9,1,6,33,156,94.0,Rejected
Administration,Casual Leave,1,9,1,0,50,216,94.1,Rejected
Operations,Annual Leave,1,9,2,1,28,108,84.1,Rejected
Health & Safety,Sick Leave,1,9,2,9,38,216,92.9,Approved
Administration,Casual Leave,1,9,2,0,31,144,90.2,Rejected
Health & Safety,Sick Leave,1,9,4,1,47,168,78.6,Approved
Health & Safety,Sick Leave,1,9,4,10,38,216,78.6,Rejected
Health & Safety,Sick Leave,1,9,4,5,36,132,84.6,Approved
Health & Safety,Sick Leave,1,10,1,10,38,216,85.6,Approved
Health & Safety,Sick Leave,1,10,1,1,37,120,83.5,Approved
Administration,Casual Leave,1,10,2,0,50,216,79.3,Rejected
Health & Safety,Sick Leave,1,10,3,0,30,108,83.9,Approved
Health & Safety,Sick Leave,1,10,4,11,38,216,91.1,Approved
Health & Safety,Sick Leave,1,10,4,1,28,108,97.8,Approved
Health & Safety,Sick Leave,1,10,2,2,28,108,86.2,Rejected
Health & Safety,Sick Leave,1,10,2,2,47,168,96.1,Approved
Health & Safety,Sick Leave,1,10,3,1,40,144,79.2,Approved
Health & Safety,Sick Leave,1,10,2,12,38,216,89.2,Approved
Health & Safety,Sick Leave,1,10,2,2,28,108,94.3,Approved
Administration,Casual Leave,2,10,3,6,36,132,78.3,Approved
Health & Safety,Sick Leave,1,10,1,2,40,144,76.4,Approved
Health & Safety,Sick Leave,1,10,1,3,28,108,79.1,Approved
Administration,Casual Leave,1,10,2,6,33,156,88.4,Approved
Health & Safety,Sick Leave,1,10,4,4,28,36,96.5,Approved
Health & Safety,Sick Leave,1,10,4,7,36,132,88.0,Rejected
Health & Safety,Sick Leave,1,11,3,13,38,216,87.1,Approved
Health & Safety,Sick Leave,1,11,2,4,28,108,74.1,Approved
Health & Safety,Sick Leave,1,11,3,14,38,216,90.5,Approved
Operations,Annual Leave,1,11,3,0,40,204,89.5,Approved
Health & Safety,Sick Leave,1,11,3,3,40,144,77.8,Approved
Health & Safety,Sick Leave,4,11,0,2,34,168,87.7,Approved
Health & Safety,Sick Leave,1,11,0,1,33,156,89.2,Approved
Health & Safety,Sick Leave,5,11,0,4,40,144,76.1,Approved
Health & Safety,Sick Leave,1,11,4,3,34,168,91.9,Approved
Health & Safety,Sick Leave,1,11,2,5,28,108,99.8,Rejected
Operations,Annual Leave,1,11,2,1,40,204,85.9,Rejected
Health & Safety,Sick Leave,1,11,4,5,28,108,85.4,Approved
Health & Safety,Sick Leave,1,11,4,7,36,132,88.2,Rejected
Health & Safety,Sick Leave,1,11,0,3,47,168,80.2,Approved
Health & Safety,Sick Leave,1,11,1,6,28,108,85.2,Approved
Health & Safety,Sick Leave,3,11,2,7,33,156,83.8,Approved
Health & Safety,Sick Leave,1,11,3,5,40,144,84.3,Approved
Health & Safety,Sick Leave,1,12,1,4,47,168,94.6,Approved
Administration,Casual Leave,8,12,1,2,37,120,84.3,Rejected
Health & Safety,Sick Leave,1,12,2,0,50,216,94.1,Approved
Administration,Casual Leave,1,12,2,2,37,168,89.2,Approved
Health & Safety,Sick Leave,1,12,3,7,28,108,92.7,Approved
Administration,Casual Leave,1,12,4,7,36,132,90.4,Rejected
Administration,Casual Leave,7,12,1,2,37,120,82.8,Approved
Health & Safety,Sick Leave,1,12,2,5,28,36,92.5,Rejected
Health & Safety,Sick Leave,1,12,3,8,28,108,84.3,Approved
Health & Safety,Sick Leave,1,12,4,7,36,132,73.6,Approved
Health & Safety,Sick Leave,1,12,1,9,28,108,75.9,Approved
Administration,Casual Leave,1,12,4,3,37,120,96.2,Approved
Administration,Casual Leave,1,12,4,1,41,192,87.2,Approved
Health & Safety,Sick Leave,1,12,4,10,28,108,92.1,Approved
Health & Safety,Sick Leave,1,1,2,0,28,108,100.0,Approved
Administration,Casual Leave,1,1,0,0,37,120,93.8,Approved
Administration,Casual Leave,1,1,1,1,37,120,85.4,Rejected
Operations,Annual Leave,1,1,1,0,34,168,80.1,Approved
Administration,Casual Leave,1,1,2,1,28,108,86.0,Rejected
Health & Safety,Sick Leave,1,1,3,0,27,84,98.9,Approved
Health & Safety,Sick Leave,1,1,3,1,28,108,81.0,Approved
Administration,Casual Leave,1,1,4,2,28,108,97.1,Approved
Administration,Casual Leave,1,1,0,1,37,120,84.7,Approved
Administration,Casual Leave,1,1,1,3,28,108,89.5,Approved
Administration,Casual Leave,1,1,1,2,37,120,86.7,Approved
Administration,Casual Leave,1,1,2,3,37,120,81.2,Rejected
Administration,Casual Leave,1,1,3,3,37,120,92.0,Approved
Administration,Casual Leave,1,1,4,4,37,120,84.4,Approved
Operations,Annual Leave,1,1,1,0,30,108,94.7,Approved
Operations,Annual Leave,1,1,1,0,33,156,83.8,Approved
Administration,Casual Leave,1,1,0,5,37,120,84.3,Approved
Health & Safety,Sick Leave,1,1,1,4,28,108,100.0,Approved
Health & Safety,Sick Leave,1,1,3,1,33,156,96.5,Rejected
Health & Safety,Sick Leave,1,2,4,1,27,84,81.7,Approved
Health & Safety,Sick Leave,1,2,2,0,41,192,91.9,Approved
Health & Safety,Sick Leave,1,2,2,0,38,216,80.3,Approved
Health & Safety,Sick Leave,1,2,3,1,34,168,89.5,Rejected
Health & Safety,Sick Leave,1,2,3,0,33,156,87.6,Approved
Health & Safety,Sick Leave,1,2,4,0,36,132,93.0,Approved
Health & Safety,Sick Leave,1,2,4,1,33,156,94.7,Approved
Health & Safety,Sick Leave,1,2,0,0,50,108,93.5,Approved
Health & Safety,Sick Leave,1,2,1,1,50,108,90.8,Approved
Health & Safety,Sick Leave,1,2,0,5,28,108,83.4,Approved
Health & Safety,Sick Leave,1,2,1,6,28,108,100.0,Approved
Health & Safety,Sick Leave,1,2,1,1,30,108,91.5,Approved
Health & Safety,Sick Leave,1,2,1,2,27,84,86.1,Approved
Health & Safety,Sick Leave,1,2,3,7,28,108,84.8,Rejected
Operations,Annual Leave,1,2,0,0,28,48,83.9,Approved
Health & Safety,Sick Leave,1,2,1,1,28,48,92.5,Approved
Health & Safety,Sick Leave,1,2,2,7,28,108,88.9,Approved
Administration,Casual Leave,1,2,3,1,33,156,90.5,Rejected
Health & Safety,Sick Leave,1,3,1,0,32,144,79.9,Approved
Administration,Casual Leave,1,3,1,1,36,132,87.7,Rejected
Administration,Casual Leave,1,3,1,0,29,72,88.2,Rejected
Operations,Annual Leave,1,3,1,0,40,204,100.0,Approved
Health & Safety,Sick Leave,1,3,2,0,40,144,97.8,Approved
Health & Safety,Sick Leave,1,3,2,1,36,132,95.7,Approved
Health & Safety,Sick Leave,1,3,3,2,30,108,88.7,Rejected
Health & Safety,Sick Leave,1,3,4,0,47,168,91.7,Approved
Health & Safety,Sick Leave,5,3,4,2,36,132,90.7,Rejected
Health & Safety,Sick Leave,5,3,0,1,40,204,85.4,Approved
Health & Safety,Sick Leave,2,3,0,1,34,168,100.0,Approved
Administration,Casual Leave,2,3,0,2,36,132,92.1,Approved
Health & Safety,Sick Leave,1,3,1,2,34,168,91.8,Approved
Health & Safety,Sick Leave,1,3,3,2,33,156,88.1,Approved
Health & Safety,Sick Leave,1,3,3,2,40,204,87.1,Approved
Health & Safety,Sick Leave,1,3,4,3,36,132,87.4,Approved
Health & Safety,Sick Leave,1,3,4,8,28,108,88.0,Approved
Health & Safety,Sick Leave,1,3,0,0,39,168,93.5,Approved
Health & Safety,Sick Leave,3,3,1,1,38,216,90.8,Approved
Health & Safety,Sick Leave,1,3,2,9,28,108,96.3,Approved
Health & Safety,Sick Leave,1,3,0,10,28,108,97.1,Approved
Health & Safety,Sick Leave,1,3,0,2,30,108,83.4,Approved
Health & Safety,Sick Leave,1,3,1,11,28,108,98.8,Approved
Health & Safety,Sick Leave,2,3,2,12,28,108,89.4,Approved
Health & Safety,Sick Leave,1,3,2,2,38,216,85.1,Approved
Health & Safety,Sick Leave,2,3,3,1,39,168,85.1,Approved
Health & Safety,Sick Leave,1,3,4,13,28,108,93.2,Approved
Health & Safety,Sick Leave,1,3,4,1,47,168,88.3,Approved
Health & Safety,Sick Leave,1,3,0,14,28,108,84.3,Approved
Health & Safety,Sick Leave,1,4,2,1,40,144,89.4,Approved
Health & Safety,Sick Leave,1,4,2,15,28,108,85.0,Approved
Health & Safety,Sick Leave,1,4,1,3,34,168,83.2,Approved
Health & Safety,Sick Leave,3,4,2,1,41,192,78.3,Approved
Health & Safety,Sick Leave,1,4,3,4,34,168,85.1,Approved
Health & Safety,Sick Leave,1,4,4,16,28,108,81.8,Approved
Health & Safety,Sick Leave,1,4,4,4,36,132,78.0,Approved
Health & Safety,Sick Leave,3,4,2,3,38,216,85.8,Approved
Health & Safety,Sick Leave,1,4,3,0,50,216,84.5,Rejected
Health & Safety,Sick Leave,1,4,4,2,40,144,81.3,Approved
Health & Safety,Sick Leave,1,4,4,2,41,192,82.2,Rejected
Health & Safety,Sick Leave,1,4,4,3,40,144,80.7,Rejected
Health & Safety,Sick Leave,1,4,4,2,47,168,87.7,Approved
Administration,Casual Leave,7,4,4,5,36,132,86.1,Approved
Administration,Casual Leave,1,4,1,3,33,156,75.2,Rejected
Health & Safety,Sick Leave,3,4,2,5,34,168,83.6,Approved
Administration,Casual Leave,1,4,2,0,36,132,95.3,Approved
Health & Safety,Sick Leave,2,4,3,3,33,156,84.8,Approved
Health & Safety,Sick Leave,1,4,4,0,37,168,84.7,Approved
Administration,Casual Leave,1,4,0,0,48,144,94.2,Rejected
Health & Safety,Sick Leave,1,5,2,4,33,156,93.7,Approved
Health & Safety,Sick Leave,1,5,3,6,34,168,94.1,Approved
Health & Safety,Sick Leave,1,5,0,7,34,168,84.5,Approved
Operations,Annual Leave,1,5,1,4,38,216,88.5,Approved
Administration,Casual Leave,1,5,1,17,28,108,92.3,Rejected
Health & Safety,Sick Leave,1,5,2,3,27,84,98.0,Approved
Health & Safety,Sick Leave,1,5,0,8,34,168,91.3,Approved
Health & Safety,Sick Leave,1,5,1,5,38,216,85.9,Approved
Health & Safety,Sick Leave,3,5,2,5,33,156,88.9,Approved
Administration,Casual Leave,1,5,2,2,39,168,92.6,Rejected
Administration,Casual Leave,1,5,2,2,28,48,98.7,Rejected
Administration,Casual Leave,1,5,2,1,36,132,84.3,Rejected
Administration,Casual Leave,1,5,2,2,50,108,79.8,Rejected
Health & Safety,Sick Leave,1,5,1,6,38,216,86.0,Approved
Health & Safety,Sick Leave,3,5,2,0,50,216,86.9,Approved
Health & Safety,Sick Leave,1,5,4,0,28,36,96.0,Approved
Administration,Casual Leave,1,6,0,2,41,192,89.5,Approved
Health & Safety,Sick Leave,1,6,0,1,28,36,78.8,Approved
Health & Safety,Sick Leave,3,6,1,3,41,192,92.7,Approved
Health & Safety,Sick Leave,1,6,3,3,40,144,93.8,Approved
Health & Safety,Sick Leave,1,6,4,4,41,192,97.3,Approved
Health & Safety,Sick Leave,1,6,0,7,38,216,83.9,Approved
Health & Safety,Sick Leave,1,6,0,9,34,168,83.6,Approved
Health & Safety,Sick Leave,1,6,0,5,41,192,89.5,Rejected
Health & Safety,Sick Leave,1,6,2,1,50,216,92.2,Rejected
Health & Safety,Sick Leave,2,6,4,1,37,168,84.8,Approved
Health & Safety,Sick Leave,1,6,1,1,50,216,81.1,Approved
Health & Safety,Sick Leave,10,6,2,2,50,216,86.4,Rejected
Health & Safety,Sick Leave,1,6,3,1,36,132,91.1,Approved
Health & Safety,Sick Leave,1,6,4,8,38,216,96.8,Approved
Health & Safety,Sick Leave,1,6,0,0,49,348,85.4,Approved
Health & Safety,Sick Leave,1,6,3,17,28,108,92.0,Approved
Administration,Casual Leave,2,7,1,10,34,168,95.0,Approved
Health & Safety,Sick Leave,1,7,2,2,50,216,94.4,Approved
Health & Safety,Sick Leave,1,7,4,6,37,120,89.5,Approved
Administration,Casual Leave,1,7,4,7,37,120,85.6,Approved
Administration,Casual Leave,1,7,1,2,28,48,83.0,Rejected
Operations,Annual Leave,1,7,3,3,30,108,87.4,Approved
Health & Safety,Sick Leave,1,7,4,11,34,168,86.1,Approved
Health & Safety,Sick Leave,1,7,0,2,28,48,80.8,Approved
Health & Safety,Sick Leave,1,7,1,3,28,48,89.5,Approved
Health & Safety,Sick Leave,1,7,0,0,29,72,87.7,Approved
Health & Safety,Sick Leave,1,7,1,2,28,36,99.1,Approved
Administration,Casual Leave,1,7,2,6,33,156,87.6,Approved
Administration,Casual Leave,1,7,3,9,38,216,79.8,Approved
Administration,Casual Leave,4,7,0,7,33,156,84.5,Approved
Administration,Casual Leave,1,7,3,8,33,156,92.3,Approved
Administration,Casual Leave,1,7,3,6,36,132,93.3,Rejected
Administration,Casual Leave,1,8,4,9,33,156,90.6,Approved
Administration,Casual Leave,1,8,4,1,29,72,93.6,Approved
Health & Safety,Sick Leave,1,8,0,10,33,156,87.2,Approved
Operations,Annual Leave,1,8,1,0,58,192,89.6,Rejected
Health & Safety,Sick Leave,1,8,3,0,43,156,87.6,Approved
Health & Safety,Sick Leave,1,8,3,1,43,156,92.3,Approved
Health & Safety,Sick Leave,1,8,4,6,36,132,92.7,Rejected
Health & Safety,Sick Leave,1,8,1,11,33,156,86.1,Approved
Health & Safety,Sick Leave,1,8,2,3,47,168,100.0,Approved
Health & Safety,Sick Leave,1,8,3,0,33,96,83.0,Approved
Health & Safety,Sick Leave,1,8,3,4,30,108,93.9,Rejected
Health & Safety,Sick Leave,1,8,3,3,50,216,93.1,Approved
Health & Safety,Sick Leave,1,8,0,4,47,168,79.7,Approved
Health & Safety,Sick Leave,1,8,1,2,37,168,87.2,Rejected
Health & Safety,Sick Leave,1,8,3,4,50,216,85.0,Approved
Administration,Casual Leave,1,8,3,2,37,168,73.0,Approved
Health & Safety,Sick Leave,1,8,1,3,28,36,88.1,Approved
Health & Safety,Sick Leave,1,8,2,4,27,84,93.3,Rejected
Health & Safety,Sick Leave,1,9,0,10,38,216,91.5,Rejected
Health & Safety,Sick Leave,1,9,4,10,38,216,91.8,Approved
Administration,Casual Leave,3,9,2,12,33,156,79.0,Rejected
Administration,Casual Leave,1,9,3,1,43,156,91.0,Rejected
Health & Safety,Sick Leave,2,9,0,5,41,192,89.6,Approved
Health & Safety,Sick Leave,1,9,1,4,40,144,98.1,Rejected
Administration,Casual Leave,1,9,1,0,39,168,94.1,Rejected
Administration,Casual Leave,1,9,1,1,32,144,84.0,Rejected
Health & Safety,Sick Leave,1,9,2,11,38,216,89.9,Rejected
Health & Safety,Sick Leave,4,9,2,6,41,192,100.0,Approved
Health & Safety,Sick Leave,1,9,3,11,38,216,86.8,Rejected
Health & Safety,Sick Leave,1,9,4,4,40,144,83.0,Approved
Health & Safety,Sick Leave,1,9,4,6,36,132,87.5,Approved
Administration,Casual Leave,1,9,2,1,43,156,92.8,Approved
Health & Safety,Sick Leave,1,9,3,5,50,216,82.2,Approved
Administration,Casual Leave,1,9,3,2,43,156,80.0,Rejected
Health & Safety,Sick Leave,1,9,4,5,40,144,86.7,Approved
Health & Safety,Sick Leave,5,9,0,6,40,144,93.3,Rejected
Health & Safety,Sick Leave,1,9,0,11,38,216,82.5,Approved
Operations,Annual Leave,1,10,0,12,33,156,79.5,Approved
Administration,Casual Leave,1,10,0,3,37,168,83.7,Approved
Administration,Casual Leave,1,10,0,13,33,156,84.1,Approved
Health & Safety,Sick Leave,1,10,4,14,33,156,81.6,Approved
Administration,Casual Leave,1,10,4,6,50,216,90.1,Rejected
Administration,Casual Leave,1,10,4,5,47,168,86.9,Rejected
Health & Safety,Sick Leave,1,10,0,4,30,108,86.1,Rejected
Health & Safety,Sick Leave,1,10,0,8,37,120,92.1,Rejected
Health & Safety,Sick Leave,1,10,0,0,31,144,74.4,Approved
Health & Safety,Sick Leave,1,10,2,12,38,216,90.6,Rejected
Health & Safety,Sick Leave,8,10,2,4,30,108,95.7,Rejected
Administration,Casual Leave,1,10,2,2,43,156,93.1,Rejected
Administration,Casual Leave,2,10,3,15,33,156,95.6,Approved
Health & Safety,Sick Leave,1,10,4,7,36,132,70.7,Rejected
Administration,Casual Leave,1,10,4,2,43,156,89.9,Rejected
Health & Safety,Sick Leave,1,10,0,2,43,156,98.3,Approved
Health & Safety,Sick Leave,1,10,1,6,50,216,100.0,Approved
Health & Safety,Sick Leave,1,10,1,6,40,144,88.1,Approved
Health & Safety,Sick Leave,2,10,3,4,30,108,92.6,Approved
Health & Safety,Sick Leave,1,10,3,7,50,216,90.3,Approved
Health & Safety,Sick Leave,1,10,0,4,28,36,87.3,Approved
Administration,Casual Leave,1,10,1,7,36,132,86.5,Rejected
Administration,Casual Leave,1,10,1,7,40,144,80.1,Rejected
Administration,Casual Leave,1,10,1,2,29,72,98.5,Rejected
Health & Safety,Sick Leave,1,10,2,5,30,108,92.6,Approved
Health & Safety,Sick Leave,1,10,2,6,30,108,80.4,Approved
Health & Safety,Sick Leave,1,10,3,8,50,216,91.5,Approved
Health & Safety,Sick Leave,1,11,0,8,37,120,83.4,Approved
Health & Safety,Sick Leave,1,11,0,5,47,168,86.8,Approved
Health & Safety,Sick Leave,1,11,1,12,38,216,84.3,Approved
Health & Safety,Sick Leave,1,11,4,7,36,132,79.7,Approved
Health & Safety,Sick Leave,1,11,0,7,40,144,83.6,Approved
Health & Safety,Sick Leave,1,11,0,2,36,132,90.5,Approved
Health & Safety,Sick Leave,10,11,0,12,34,168,84.5,Approved
Administration,Casual Leave,1,11,0,3,43,156,79.8,Approved
Administration,Casual Leave,1,11,1,4,28,48,94.0,Rejected
Operations,Annual Leave,1,11,2,4,37,168,85.2,Approved
Health & Safety,Sick Leave,1,11,2,9,37,120,84.8,Approved
Health & Safety,Sick Leave,1,11,3,5,37,168,87.2,Approved
Health & Safety,Sick Leave,1,11,3,13,38,216,94.9,Rejected
Health & Safety,Sick Leave,1,11,4,7,41,192,90.0,Approved
Health & Safety,Sick Leave,1,11,4,8,40,144,100.0,Approved
Health & Safety,Sick Leave,1,11,0,8,41,192,90.0,Approved
Health & Safety,Sick Leave,1,11,1,13,38,216,97.1,Approved
Health & Safety,Sick Leave,1,11,2,8,36,132,83.5,Rejected
Operations,Annual Leave,1,11,4,8,36,132,87.8,Approved
Administration,Casual Leave,1,11,4,3,36,132,87.6,Rejected
Administration,Casual Leave,1,11,1,2,39,168,85.7,Rejected
Health & Safety,Sick Leave,1,11,3,14,38,216,83.1,Approved
Health & Safety,Sick Leave,1,12,0,18,28,108,92.2,Rejected
Health & Safety,Sick Leave,1,12,0,15,38,216,91.7,Approved
Health & Safety,Sick Leave,1,12,0,16,38,216,91.3,Rejected
Health & Safety,Sick Leave,1,12,0,6,37,168,95.9,Approved
Health & Safety,Sick Leave,1,12,1,9,50,216,93.9,Rejected
Health & Safety,Sick Leave,1,12,4,9,36,132,93.7,Approved
Health & Safety,Sick Leave,1,12,3,9,41,192,86.5,Approved
Health & Safety,Sick Leave,1,12,3,16,38,216,89.6,Rejected
Health & Safety,Sick Leave,1,12,4,16,38,216,91.2,Rejected
Health & Safety,Sick Leave,1,12,1,7,30,108,88.1,Approved
Health & Safety,Sick Leave,1,12,1,10,37,120,92.3,Rejected
Health & Safety,Sick Leave,1,12,3,7,37,168,94.0,Approved
Health & Safety,Sick Leave,1,12,1,4,43,156,87.1,Approved
Health & Safety,Sick Leave,1,12,1,8,37,168,94.2,Approved
Administration,Casual Leave,1,12,2,10,36,132,91.0,Approved
Health & Safety,Sick Leave,1,12,0,2,29,72,85.3,Approved
Health & Safety,Sick Leave,1,12,0,16,38,216,93.8,Approved
Administration,Casual Leave,1,12,0,16,33,156,85.4,Rejected
Health & Safety,Sick Leave,1,1,2,0,28,108,81.3,Approved
Administration,Casual Leave,4,1,0,0,37,120,94.1,Approved
Health & Safety,Sick Leave,1,1,0,0,34,168,100.0,Approved
Health & Safety,Sick Leave,1,1,1,0,37,168,84.6,Approved
Health & Safety,Sick Leave,1,1,1,1,34,168,82.9,Approved
Administration,Casual Leave,1,1,0,0,33,156,90.1,Rejected
Health & Safety,Sick Leave,1,1,2,0,40,144,88.2,Approved
Administration,Casual Leave,1,1,0,0,43,156,100.0,Approved
Administration,Casual Leave,1,1,0,0,50,216,86.8,Rejected
Health & Safety,Sick Leave,1,1,2,0,38,216,84.2,Approved
Health & Safety,Sick Leave,1,1,4,1,38,216,85.8,Rejected
Health & Safety,Sick Leave,1,2,1,1,37,120,88.7,Approved
Administration,Casual Leave,1,2,2,1,38,216,85.8,Approved
Health & Safety,Sick Leave,1,2,2,1,28,108,82.1,Rejected
Health & Safety,Sick Leave,1,2,4,0,33,156,100.0,Approved
Health & Safety,Sick Leave,1,2,4,0,36,132,86.8,Approved
Health & Safety,Sick Leave,1,2,4,2,38,216,83.1,Approved
Administration,Casual Leave,1,2,0,3,38,216,86.5,Rejected
Health & Safety,Sick Leave,1,2,3,3,38,216,94.1,Rejected
Administration,Casual Leave,1,2,3,0,41,192,88.9,Rejected
Administration,Casual Leave,1,2,4,3,38,216,100.0,Approved
Health & Safety,Sick Leave,1,2,0,1,33,156,84.2,Rejected
Administration,Casual Leave,1,2,0,4,38,216,94.3,Approved
Health & Safety,Sick Leave,1,2,1,0,41,192,88.7,Approved
Health & Safety,Sick Leave,1,2,1,1,40,144,90.3,Approved
Health & Safety,Sick Leave,2,2,2,0,29,72,90.5,Approved
Health & Safety,Sick Leave,3,2,4,1,41,192,89.9,Approved
Operations,Annual Leave,1,3,1,2,37,120,76.0,Rejected
Administration,Casual Leave,2,3,2,2,41,192,81.1,Approved
Health & Safety,Sick Leave,1,3,4,3,41,192,88.5,Approved
Health & Safety,Sick Leave,1,3,4,1,36,132,86.8,Approved
Health & Safety,Sick Leave,1,3,0,5,38,216,93.1,Rejected
Health & Safety,Sick Leave,1,3,0,1,37,168,96.1,Approved
Health & Safety,Sick Leave,1,3,1,3,40,204,88.4,Approved
Health & Safety,Sick Leave,1,3,1,0,36,132,82.5,Approved
Health & Safety,Sick Leave,2,3,0,5,38,216,86.3,Approved
Health & Safety,Sick Leave,1,3,2,0,28,36,88.6,Approved
Administration,Casual Leave,1,3,2,0,31,144,90.6,Rejected
Operations,Annual Leave,1,3,3,2,37,168,86.0,Approved
Health & Safety,Sick Leave,1,3,4,0,50,216,82.0,Approved
Health & Safety,Sick Leave,1,3,1,1,50,216,87.8,Approved
Health & Safety,Sick Leave,1,3,2,2,50,216,90.1,Approved
Administration,Casual Leave,1,3,3,3,37,168,84.5,Rejected
Administration,Casual Leave,1,3,3,4,41,192,82.1,Rejected
Administration,Casual Leave,1,3,3,3,50,216,93.8,Rejected
Health & Safety,Sick Leave,1,3,4,6,38,216,95.2,Approved
Health & Safety,Sick Leave,1,3,4,1,33,156,80.8,Approved
Administration,Casual Leave,1,3,0,2,36,132,84.0,Approved
Health & Safety,Sick Leave,1,3,1,4,41,192,78.5,Approved
Health & Safety,Sick Leave,1,4,2,7,38,216,85.7,Approved
Health & Safety,Sick Leave,1,4,4,3,36,132,94.8,Approved
Administration,Casual Leave,1,4,4,0,28,48,89.1,Approved
Health & Safety,Sick Leave,1,4,0,0,31,144,88.3,Approved
Administration,Casual Leave,1,4,0,0,47,168,83.5,Rejected
Health & Safety,Sick Leave,1,4,2,1,28,48,100.0,Approved
Health & Safety,Sick Leave,1,4,2,8,38,216,88.3,Approved
Health & Safety,Sick Leave,1,4,0,3,50,216,88.4,Approved
Health & Safety,Sick Leave,10,4,2,4,50,216,83.7,Approved
Health & Safety,Sick Leave,1,4,4,0,43,156,85.7,Approved
Health & Safety,Sick Leave,1,4,4,4,36,132,100.0,Approved
Health & Safety,Sick Leave,1,4,0,9,38,216,83.7,Approved
Health & Safety,Sick Leave,1,4,2,2,37,120,76.1,Approved
Health & Safety,Sick Leave,2,5,0,1,43,156,91.7,Approved
Health & Safety,Sick Leave,1,5,2,0,47,168,87.1,Approved
Health & Safety,Sick Leave,1,5,0,1,31,144,80.9,Approved
Health & Safety,Sick Leave,1,5,2,0,30,108,88.9,Rejected
Health & Safety,Sick Leave,1,5,2,10,38,216,87.5,Approved
Health & Safety,Sick Leave,1,5,3,1,28,36,85.1,Approved
Health & Safety,Sick Leave,1,5,4,5,36,132,79.5,Rejected
Health & Safety,Sick Leave,1,5,0,4,40,204,89.8,Approved
Health & Safety,Sick Leave,1,5,0,5,40,204,96.3,Approved
Operations,Annual Leave,1,5,2,0,58,192,90.4,Approved
Health & Safety,Sick Leave,1,5,2,1,28,108,83.8,Approved
Health & Safety,Sick Leave,1,5,4,2,28,48,100.0,Approved
Health & Safety,Sick Leave,1,5,0,0,30,108,88.6,Approved
Health & Safety,Sick Leave,1,5,0,3,37,120,75.1,Approved
Health & Safety,Sick Leave,1,5,0,3,37,168,91.1,Approved
Health & Safety,Sick Leave,1,6,0,4,37,120,94.2,Approved
Health & Safety,Sick Leave,1,6,0,11,38,216,92.6,Rejected
Health & Safety,Sick Leave,1,6,1,5,37,120,84.1,Approved
Health & Safety,Sick Leave,1,6,3,2,28,108,89.1,Approved
Health & Safety,Sick Leave,1,6,4,5,36,132,84.5,Approved
Administration,Casual Leave,1,6,4,11,38,216,88.4,Rejected
Health & Safety,Sick Leave,5,6,0,2,40,144,85.9,Approved
Health & Safety,Sick Leave,3,6,0,11,38,216,91.2,Approved
Health & Safety,Sick Leave,1,6,1,5,41,192,81.2,Approved
Health & Safety,Sick Leave,1,6,0,12,38,216,89.7,Approved
Administration,Casual Leave,1,6,1,2,43,156,89.4,Rejected
Health & Safety,Sick Leave,1,6,0,13,38,216,80.7,Rejected
Health & Safety,Sick Leave,1,6,2,3,28,108,84.6,Approved
Health & Safety,Sick Leave,1,6,2,5,50,216,89.4,Approved
Health & Safety,Sick Leave,1,6,2,13,38,216,86.9,Approved
Operations,Annual Leave,1,6,2,1,30,108,82.9,Approved
Health & Safety,Sick Leave,1,6,4,6,41,192,81.7,Approved
Health & Safety,Sick Leave,1,6,1,3,28,48,81.8,Approved
Health & Safety,Sick Leave,1,6,1,4,37,168,82.5,Approved
Health & Safety,Sick Leave,1,7,3,2,30,108,82.2,Approved
Health & Safety,Sick Leave,1,7,3,4,28,108,85.3,Approved
Health & Safety,Sick Leave,1,7,4,6,36,132,80.2,Approved
Health & Safety,Sick Leave,1,7,0,0,33,96,95.6,Approved
Health & Safety,Sick Leave,1,7,4,4,28,48,85.5,Approved
Administration,Casual Leave,1,7,4,6,37,120,85.5,Approved
Administration,Casual Leave,1,7,0,7,36,132,98.0,Approved
Health & Safety,Sick Leave,1,7,1,7,37,120,86.5,Approved
Operations,Annual Leave,1,7,0,1,43,156,84.6,Approved
Health & Safety,Sick Leave,1,7,0,0,48,144,80.1,Approved
Health & Safety,Sick Leave,1,7,1,7,41,192,83.1,Rejected
Health & Safety,Sick Leave,10,7,1,5,28,108,88.7,Approved
Health & Safety,Sick Leave,1,7,1,14,38,216,76.9,Approved
Health & Safety,Sick Leave,1,7,4,6,50,216,87.6,Rejected
Health & Safety,Sick Leave,1,7,4,2,28,36,76.2,Approved
Health & Safety,Sick Leave,1,7,0,2,33,156,88.6,Approved
Administration,Casual Leave,1,7,0,2,43,156,95.6,Rejected
Health & Safety,Sick Leave,1,7,3,3,40,144,92.1,Approved
Health & Safety,Sick Leave,1,7,3,0,39,168,86.0,Approved
Health & Safety,Sick Leave,1,8,3,15,38,216,77.4,Rejected
Health & Safety,Sick Leave,1,8,0,6,40,204,96.3,Approved
Health & Safety,Sick Leave,1,8,1,7,41,192,95.7,Approved
Health & Safety,Sick Leave,1,8,1,8,37,120,80.3,Approved
Administration,Casual Leave,1,8,1,3,33,156,90.9,Approved
Administration,Casual Leave,1,8,1,2,43,156,95.7,Approved
Health & Safety,Sick Leave,1,8,3,4,40,144,93.5,Approved
Health & Safety,Sick Leave,1,8,0,15,38,216,89.6,Rejected
Health & Safety,Sick Leave,1,8,1,7,40,204,83.9,Approved
Health & Safety,Sick Leave,2,8,3,5,28,48,98.5,Approved
Health & Safety,Sick Leave,1,8,1,5,37,168,87.2,Approved
Health & Safety,Sick Leave,1,8,1,8,41,192,90.5,Approved
Health & Safety,Sick Leave,1,8,1,9,37,120,88.3,Approved
Health & Safety,Sick Leave,1,8,3,5,40,144,99.4,Approved
Health & Safety,Sick Leave,1,8,0,8,36,132,91.3,Approved
Health & Safety,Sick Leave,1,9,1,9,41,192,80.2,Approved
Health & Safety,Sick Leave,1,9,1,10,37,120,89.9,Approved
Health & Safety,Sick Leave,1,9,1,2,34,168,90.6,Approved
Health & Safety,Sick Leave,1,9,3,6,40,144,92.9,Approved
Health & Safety,Sick Leave,1,9,4,3,30,108,89.6,Approved
Health & Safety,Sick Leave,1,9,4,1,47,168,82.0,Approved
Health & Safety,Sick Leave,1,9,0,15,38,216,81.4,Rejected
Health & Safety,Sick Leave,1,9,2,6,28,108,72.0,Approved
Health & Safety,Sick Leave,1,9,0,4,30,108,100.0,Approved
Health & Safety,Sick Leave,1,9,1,2,31,144,85.7,Approved
Health & Safety,Sick Leave,1,9,1,3,28,36,97.4,Approved
Health & Safety,Sick Leave,1,10,3,1,49,348,88.5,Approved
Health & Safety,Sick Leave,1,10,3,0,32,96,86.7,Approved
Administration,Casual Leave,1,10,4,10,41,192,93.0,Approved
Health & Safety,Sick Leave,1,10,2,2,49,348,94.5,Approved
Health & Safety,Sick Leave,1,10,2,7,40,144,85.1,Rejected
Health & Safety,Sick Leave,1,10,1,11,37,120,87.3,Rejected
Health & Safety,Sick Leave,1,10,3,3,49,348,96.4,Approved
Health & Safety,Sick Leave,1,10,4,7,40,144,88.2,Approved
Health & Safety,Sick Leave,1,10,1,7,28,108,89.4,Approved
Health & Safety,Sick Leave,1,10,1,3,31,144,88.5,Approved
Health & Safety,Sick Leave,1,10,1,4,31,144,96.3,Rejected
Health & Safety,Sick Leave,1,10,1,8,28,108,77.8,Rejected
Administration,Casual Leave,1,10,1,4,31,144,92.0,Approved
Health & Safety,Sick Leave,1,10,2,15,38,216,85.1,Approved
Health & Safety,Sick Leave,1,10,2,1,58,192,88.2,Approved
Health & Safety,Sick Leave,1,10,2,8,40,144,88.7,Approved
Health & Safety,Sick Leave,1,10,3,5,31,144,96.6,Rejected
Health & Safety,Sick Leave,1,10,3,8,28,108,88.1,Approved
Health & Safety,Sick Leave,1,10,4,5,31,144,94.5,Approved
Health & Safety,Sick Leave,1,10,4,9,28,108,87.1,Rejected
Health & Safety,Sick Leave,1,10,0,1,33,156,88.8,Approved
Health & Safety,Sick Leave,1,10,0,1,32,96,97.7,Rejected
Health & Safety,Sick Leave,1,10,0,2,47,168,88.9,Rejected
Administration,Casual Leave,1,10,0,9,28,108,95.2,Rejected
Health & Safety,Sick Leave,1,10,1,9,28,108,89.1,Approved
Operations,Annual Leave,1,11,1,16,38,216,91.0,Approved
Health & Safety,Sick Leave,1,11,2,11,37,120,84.3,Approved
Health & Safety,Sick Leave,3,11,2,6,28,48,86.3,Approved
Health & Safety,Sick Leave,1,11,4,17,38,216,98.5,Approved
Health & Safety,Sick Leave,1,11,1,12,37,120,82.2,Rejected
Operations,Annual Leave,1,11,2,4,33,156,90.6,Approved
Health & Safety,Sick Leave,1,11,4,1,32,96,87.7,Approved
Health & Safety,Sick Leave,1,11,4,10,28,108,89.8,Approved
Health & Safety,Sick Leave,1,11,1,4,28,36,95.8,Approved
Health & Safety,Sick Leave,1,11,2,9,40,144,86.5,Approved
Health & Safety,Sick Leave,1,11,3,12,37,120,83.6,Approved
Health & Safety,Sick Leave,1,11,3,11,28,108,82.8,Rejected
Health & Safety,Sick Leave,1,11,0,18,38,216,90.2,Rejected
Health & Safety,Sick Leave,1,11,0,13,37,120,89.7,Approved
Health & Safety,Sick Leave,1,11,1,14,37,120,96.6,Approved
Health & Safety,Sick Leave,1,11,1,11,28,108,89.0,Approved
Administration,Casual Leave,1,11,1,10,40,144,87.0,Rejected
Administration,Casual Leave,1,11,2,5,33,156,92.4,Rejected
Health & Safety,Sick Leave,1,11,3,2,47,168,87.2,Rejected
Administration,Casual Leave,1,11,3,3,43,156,87.5,Rejected
Health & Safety,Sick Leave,1,11,4,12,28,108,86.6,Approved
Administration,Casual Leave,1,11,4,6,31,144,89.5,Approved
Health & Safety,Sick Leave,1,11,0,5,28,36,79.0,Approved
Health & Safety,Sick Leave,4,12,1,18,38,216,90.0,Approved
Health & Safety,Sick Leave,1,12,2,10,40,144,88.5,Approved
Health & Safety,Sick Leave,1,12,2,13,28,108,88.3,Approved
Health & Safety,Sick Leave,1,12,4,5,30,108,84.4,Approved
Health & Safety,Sick Leave,1,12,4,14,28,108,88.4,Approved
Health & Safety,Sick Leave,1,12,3,6,28,36,88.9,Approved
Operations,Annual Leave,1,12,4,8,40,204,83.4,Approved
Administration,Casual Leave,1,12,4,3,43,156,81.7,Approved
Operations,Annual Leave,1,12,0,0,31,12,84.9,Approved
Health & Safety,Sick Leave,2,12,1,6,30,108,81.4,Approved
Health & Safety,Sick Leave,1,12,1,15,28,108,76.9,Approved
Health & Safety,Sick Leave,1,12,3,16,28,108,84.9,Approved
Health & Safety,Sick Leave,1,12,0,17,28,108,96.4,Approved
Operations,Annual Leave,10,12,1,3,34,168,78.5,Approved
Health & Safety,Sick Leave,3,1,0,0,30,108,100.0,Approved
Health & Safety,Sick Leave,2,1,3,1,30,108,85.7,Approved
Health & Safety,Sick Leave,1,1,3,0,40,204,81.7,Approved
Health & Safety,Sick Leave,1,1,4,1,40,204,100.0,Approved
Health & Safety,Sick Leave,1,1,0,2,30,108,81.2,Rejected
Health & Safety,Sick Leave,1,1,2,2,40,204,84.6,Rejected
Health & Safety,Sick Leave,1,1,3,0,49,348,81.4,Approved
Operations,Annual Leave,1,1,4,2,40,204,87.8,Approved
Administration,Casual Leave,1,1,0,2,30,108,88.1,Approved
Operations,Annual Leave,1,1,1,0,34,168,87.1,Approved
Administration,Casual Leave,1,1,2,3,30,108,87.9,Approved
Administration,Casual Leave,1,1,2,0,38,216,83.1,Approved
Health & Safety,Sick Leave,1,1,2,0,33,156,94.0,Approved
Administration,Casual Leave,1,1,3,1,38,216,88.3,Approved
Administration,Casual Leave,1,1,4,2,38,216,72.9,Approved
Health & Safety,Sick Leave,1,2,1,3,38,216,87.4,Rejected
Health & Safety,Sick Leave,1,2,1,0,28,108,94.6,Rejected
Health & Safety,Sick Leave,1,2,2,0,47,168,86.2,Approved
Administration,Casual Leave,1,2,2,3,38,216,78.2,Approved
Health & Safety,Sick Leave,1,2,3,0,28,108,95.3,Approved
Administration,Casual Leave,1,2,3,4,38,216,96.8,Rejected
Administration,Casual Leave,1,2,3,4,30,108,98.2,Approved
Health & Safety,Sick Leave,1,2,4,0,41,180,87.4,Approved
Administration,Casual Leave,1,2,4,4,38,216,95.3,Approved
Administration,Casual Leave,1,2,0,0,31,12,84.3,Approved
Administration,Casual Leave,1,2,0,5,38,216,77.3,Approved
Health & Safety,Sick Leave,1,2,1,1,28,108,100.0,Approved
Administration,Casual Leave,1,2,2,6,38,216,88.7,Rejected
Administration,Casual Leave,1,2,3,6,38,216,87.2,Approved
Health & Safety,Sick Leave,1,2,3,2,28,108,91.3,Approved
Health & Safety,Sick Leave,1,2,3,5,30,108,76.7,Approved
Health & Safety,Sick Leave,1,2,4,3,40,204,89.1,Rejected
Administration,Casual Leave,1,2,4,7,38,216,98.7,Approved
Health & Safety,Sick Leave,1,2,2,1,31,12,82.2,Approved
Administration,Casual Leave,1,2,2,6,30,108,90.8,Approved
Health & Safety,Sick Leave,1,2,3,8,38,216,81.9,Approved
Health & Safety,Sick Leave,1,2,0,1,34,168,88.4,Approved
Health & Safety,Sick Leave,1,2,0,0,32,96,88.3,Approved
Health & Safety,Sick Leave,1,2,0,3,28,108,84.6,Rejected
Administration,Casual Leave,1,2,1,9,38,216,90.6,Approved
Health & Safety,Sick Leave,1,2,1,1,47,168,83.6,Approved
Health & Safety,Sick Leave,1,2,1,3,28,108,90.8,Approved
Health & Safety,Sick Leave,1,2,4,1,32,96,86.6,Rejected
Administration,Casual Leave,1,3,0,10,38,216,86.9,Approved
Health & Safety,Sick Leave,1,3,0,2,47,168,88.7,Approved
Health & Safety,Sick Leave,1,3,1,0,58,192,84.5,Approved
Health & Safety,Sick Leave,1,3,1,3,47,168,89.4,Approved
Health & Safety,Sick Leave,10,3,1,1,58,192,90.1,Approved
Administration,Casual Leave,1,3,2,11,38,216,94.1,Approved
Administration,Casual Leave,1,3,3,4,28,108,83.8,Approved
Administration,Casual Leave,1,3,3,12,38,216,99.5,Approved
Health & Safety,Sick Leave,1,3,3,5,28,108,86.7,Approved
Administration,Casual Leave,1,3,4,7,30,108,77.6,Approved
Health & Safety,Sick Leave,1,3,0,1,32,96,93.1,Rejected
Administration,Casual Leave,1,3,0,0,28,36,82.7,Approved
Health & Safety,Sick Leave,1,3,1,13,38,216,87.3,Approved
Administration,Casual Leave,1,3,4,8,30,108,77.1,Rejected
Health & Safety,Sick Leave,1,3,0,14,38,216,91.1,Approved
Health & Safety,Sick Leave,1,3,0,4,47,168,89.1,Approved
Administration,Casual Leave,1,3,0,15,38,216,75.9,Rejected
Health & Safety,Sick Leave,1,3,0,6,28,108,84.5,Approved
Administration,Casual Leave,1,3,1,15,38,216,85.2,Approved
Health & Safety,Sick Leave,1,3,2,1,33,156,89.2,Rejected
Health & Safety,Sick Leave,1,3,2,2,58,192,95.8,Approved
Health & Safety,Sick Leave,1,3,3,5,47,168,81.1,Approved
Health & Safety,Sick Leave,1,3,4,8,30,108,91.3,Approved
Administration,Casual Leave,1,3,4,16,38,216,93.7,Approved
Administration,Casual Leave,1,3,1,17,38,216,73.5,Approved
Health & Safety,Sick Leave,1,3,2,0,46,288,86.3,Approved
Health & Safety,Sick Leave,3,3,2,2,34,168,94.8,Approved
Administration,Casual Leave,1,3,2,18,38,216,87.1,Rejected
Administration,Casual Leave,1,3,3,18,38,216,83.9,Approved
Health & Safety,Sick Leave,1,3,0,9,30,108,80.1,Approved
Administration,Casual Leave,10,3,0,1,33,156,84.3,Approved
Health & Safety,Sick Leave,1,3,2,0,31,144,94.7,Approved
Health & Safety,Sick Leave,1,4,0,7,28,108,97.6,Approved
Health & Safety,Sick Leave,1,4,0,0,37,120,90.6,Approved
Administration,Casual Leave,1,4,1,1,28,36,82.4,Approved
Administration,Casual Leave,1,4,2,6,47,168,83.7,Approved
Health & Safety,Sick Leave,1,4,3,0,33,156,75.7,Approved
Administration,Casual Leave,1,4,4,10,30,108,86.2,Approved
Health & Safety,Sick Leave,3,4,0,1,31,144,80.9,Approved
Operations,Annual Leave,1,4,1,3,40,204,89.2,Approved
Health & Safety,Sick Leave,1,4,1,0,50,216,86.0,Approved
Health & Safety,Sick Leave,1,4,1,2,28,36,85.3,Approved
Health & Safety,Sick Leave,1,4,2,1,37,120,97.2,Rejected
Health & Safety,Sick Leave,1,4,4,0,37,168,87.5,Approved
Administration,Casual Leave,1,4,0,8,28,108,83.5,Rejected
Operations,Annual Leave,1,4,1,1,32,96,84.6,Approved
Health & Safety,Sick Leave,1,4,1,3,34,168,82.5,Approved
Administration,Casual Leave,1,4,3,8,28,108,94.6,Approved
Health & Safety,Sick Leave,1,4,3,1,50,216,90.3,Approved
Health & Safety,Sick Leave,1,5,0,1,37,168,80.0,Approved
Administration,Casual Leave,1,5,2,1,41,180,89.2,Rejected
Health & Safety,Sick Leave,1,5,2,2,32,96,77.8,Approved
Health & Safety,Sick Leave,1,5,2,1,37,120,93.3,Approved
Administration,Casual Leave,1,5,2,0,43,156,78.9,Approved
Health & Safety,Sick Leave,1,5,3,11,30,108,98.5,Approved
Health & Safety,Sick Leave,1,5,3,0,40,144,82.2,Approved
Health & Safety,Sick Leave,1,5,3,1,41,180,95.5,Approved
Administration,Casual Leave,8,5,4,0,43,156,91.7,Rejected
Health & Safety,Sick Leave,1,5,4,2,41,180,95.6,Approved
Administration,Casual Leave,1,5,4,12,30,108,84.7,Approved
Health & Safety,Sick Leave,1,5,0,2,50,216,83.8,Approved
Health & Safety,Sick Leave,1,5,1,3,50,216,74.8,Approved
Health & Safety,Sick Leave,1,5,1,2,37,120,78.5,Approved
Administration,Casual Leave,1,5,1,4,50,216,81.6,Rejected
Administration,Casual Leave,1,5,2,13,30,108,85.3,Approved
Administration,Casual Leave,1,5,2,1,36,132,90.6,Rejected
Operations,Annual Leave,1,5,4,4,40,204,87.3,Approved
Health & Safety,Sick Leave,6,5,0,4,34,168,83.3,Rejected
Health & Safety,Sick Leave,1,5,0,3,32,96,94.5,Approved
Health & Safety,Sick Leave,1,5,2,1,40,144,81.5,Approved
Health & Safety,Sick Leave,1,5,2,5,40,204,89.6,Approved
Health & Safety,Sick Leave,1,5,2,9,28,108,96.9,Rejected
Health & Safety,Sick Leave,1,5,3,0,28,48,94.7,Approved
Health & Safety,Sick Leave,1,5,3,4,32,96,83.9,Approved
Health & Safety,Sick Leave,1,5,0,3,28,36,89.8,Approved
Health & Safety,Sick Leave,1,5,2,4,34,168,93.1,Approved
Health & Safety,Sick Leave,1,5,4,6,40,204,87.6,Approved
Health & Safety,Sick Leave,1,5,4,5,34,168,94.3,Rejected
Health & Safety,Sick Leave,1,5,0,9,28,108,88.6,Approved
Health & Safety,Sick Leave,1,6,2,1,46,288,80.7,Approved
Administration,Casual Leave,1,6,2,14,30,108,86.5,Rejected
Administration,Casual Leave,1,6,4,3,37,120,80.1,Approved
Health & Safety,Sick Leave,1,6,2,4,37,120,94.2,Approved
Health & Safety,Sick Leave,1,6,3,1,36,132,87.3,Approved
Administration,Casual Leave,3,6,3,4,50,216,95.1,Approved
Administration,Casual Leave,1,6,4,2,31,12,93.1,Approved
Administration,Casual Leave,1,6,4,14,30,108,89.4,Approved
Administration,Casual Leave,1,6,0,0,48,144,85.2,Rejected
Administration,Casual Leave,1,6,0,0,33,96,90.4,Rejected
Administration,Casual Leave,1,6,3,5,50,216,91.3,Approved
Health & Safety,Sick Leave,1,6,3,15,30,108,81.6,Approved
Health & Safety,Sick Leave,1,6,3,2,40,144,100.0,Rejected
Health & Safety,Sick Leave,1,6,0,16,30,108,97.7,Approved
Health & Safety,Sick Leave,1,6,0,5,37,120,85.9,Approved
Health & Safety,Sick Leave,1,6,3,3,31,12,83.9,Rejected
Health & Safety,Sick Leave,1,6,4,6,37,120,88.4,Approved
Health & Safety,Sick Leave,1,6,2,7,37,120,82.6,Rejected
Health & Safety,Sick Leave,1,6,2,3,31,12,93.6,Rejected
Administration,Casual Leave,1,7,2,1,43,156,82.8,Approved
Administration,Casual Leave,1,7,4,3,31,12,80.8,Approved
Health & Safety,Sick Leave,1,7,0,3,58,192,84.5,Approved
Health & Safety,Sick Leave,1,7,0,7,37,120,80.1,Rejected
Health & Safety,Sick Leave,10,7,1,4,58,192,84.0,Approved
Health & Safety,Sick Leave,2,7,1,1,33,156,84.2,Approved
Health & Safety,Sick Leave,1,7,2,7,37,120,82.2,Approved
Health & Safety,Sick Leave,1,7,2,4,28,36,86.4,Approved
Health & Safety,Sick Leave,1,7,2,10,28,108,92.1,Approved
Health & Safety,Sick Leave,10,7,0,2,31,144,87.9,Approved
Health & Safety,Sick Leave,1,7,1,2,33,156,93.6,Approved
Health & Safety,Sick Leave,1,7,1,2,37,168,82.4,Approved
Administration,Casual Leave,1,7,1,0,33,156,81.3,Rejected
Administration,Casual Leave,1,7,1,0,50,216,91.4,Rejected
Health & Safety,Sick Leave,1,7,2,0,38,216,89.5,Rejected
Health & Safety,Sick Leave,1,7,3,0,39,168,87.7,Approved
Health & Safety,Sick Leave,1,7,3,0,33,156,99.5,Approved
Health & Safety,Sick Leave,1,7,4,0,38,216,84.5,Approved
Health & Safety,Sick Leave,1,7,4,0,28,36,98.2,Approved
Health & Safety,Sick Leave,1,7,4,0,36,132,85.9,Approved
Administration,Casual Leave,5,7,0,0,34,168,88.7,Rejected
Health & Safety,Sick Leave,1,7,0,0,37,168,86.7,Rejected
Health & Safety,Sick Leave,1,7,0,1,36,132,88.9,Approved
Health & Safety,Sick Leave,1,7,1,2,36,132,85.0,Approved
Health & Safety,Sick Leave,1,7,2,3,36,132,84.3,Approved
Health & Safety,Sick Leave,1,7,2,1,38,216,82.2,Approved
Health & Safety,Sick Leave,1,7,2,2,38,216,93.8,Approved
Health & Safety,Sick Leave,1,7,4,0,41,192,88.6,Approved
Operations,Annual Leave,1,7,0,3,38,216,92.2,Approved
Health & Safety,Sick Leave,1,7,3,0,33,156,89.7,Approved
Health & Safety,Sick Leave,1,8,2,0,47,168,100.0,Approved
Health & Safety,Sick Leave,1,8,2,0,28,48,86.8,Approved
Health & Safety,Sick Leave,1,8,0,4,38,216,91.2,Approved
Health & Safety,Sick Leave,5,8,0,1,28,36,85.3,Approved
Health & Safety,Sick Leave,1,8,4,4,36,132,80.9,Approved
Operations,Annual Leave,1,8,0,1,33,156,90.0,Approved
Health & Safety,Sick Leave,1,8,0,2,28,36,94.5,Approved
Health & Safety,Sick Leave,1,8,1,2,33,156,93.4,Approved
Health & Safety,Sick Leave,1,8,2,0,29,72,95.8,Approved
Operations,Annual Leave,1,8,2,3,33,156,89.1,Approved
Health & Safety,Sick Leave,1,8,4,5,38,216,76.1,Approved
Operations,Annual Leave,1,8,0,6,38,216,92.8,Approved
Operations,Annual Leave,1,8,3,0,48,144,95.2,Approved
Health & Safety,Sick Leave,1,8,3,0,37,168,92.7,Approved
Operations,Annual Leave,1,8,0,1,48,144,91.7,Approved
Health & Safety,Sick Leave,1,8,0,7,38,216,89.4,Approved
Health & Safety,Sick Leave,1,8,0,3,28,36,94.6,Approved
Operations,Annual Leave,1,8,1,4,33,156,90.4,Approved
Health & Safety,Sick Leave,1,8,3,0,32,144,88.7,Approved
Health & Safety,Sick Leave,1,8,4,2,48,144,90.2,Approved
Health & Safety,Sick Leave,1,8,4,5,36,132,88.3,Approved
Health & Safety,Sick Leave,1,9,1,0,27,84,94.4,Approved
Health & Safety,Sick Leave,1,9,0,0,37,120,95.6,Approved
Health & Safety,Sick Leave,1,9,1,8,38,216,91.1,Approved
Administration,Casual Leave,1,9,1,0,43,156,93.9,Approved
Health & Safety,Sick Leave,1,9,2,0,34,168,85.2,Approved
Health & Safety,Sick Leave,1,9,0,1,37,120,80.3,Approved
Health & Safety,Sick Leave,1,9,1,9,38,216,78.5,Approved
Health & Safety,Sick Leave,1,9,3,0,40,144,79.2,Approved
Health & Safety,Sick Leave,1,9,4,6,36,132,83.5,Approved
Health & Safety,Sick Leave,4,9,0,1,40,144,81.7,Approved
Administration,Casual Leave,1,9,0,7,36,132,84.5,Rejected
Administration,Casual Leave,1,9,0,0,28,108,92.5,Rejected
Health & Safety,Sick Leave,1,9,1,0,28,108,90.7,Approved
Health & Safety,Sick Leave,1,9,1,2,37,120,88.8,Approved
Administration,Casual Leave,1,9,1,5,33,156,76.9,Rejected
Administration,Casual Leave,1,9,1,0,50,216,97.6,Rejected
Operations,Annual Leave,1,9,2,1,28,108,94.2,Approved
Health & Safety,Sick Leave,1,9,2,10,38,216,93.6,Approved
Administration,Casual Leave,1,9,2,0,31,144,91.5,Rejected
Health & Safety,Sick Leave,1,9,4,1,47,168,84.0,Approved
Health & Safety,Sick Leave,1,9,4,11,38,216,86.7,Approved
Health & Safety,Sick Leave,1,9,4,7,36,132,82.7,Approved
Health & Safety,Sick Leave,1,10,1,12,38,216,97.8,Rejected
Health & Safety,Sick Leave,1,10,1,3,37,120,85.0,Approved
Administration,Casual Leave,1,10,2,0,50,216,84.4,Rejected
Health & Safety,Sick Leave,1,10,3,0,30,108,89.8,Approved
Health & Safety,Sick Leave,1,10,4,12,38,216,93.6,Approved
Health & Safety,Sick Leave,1,10,4,2,28,108,95.5,Approved
Health & Safety,Sick Leave,1,10,2,3,28,108,84.0,Approved
Health & Safety,Sick Leave,1,10,2,2,47,168,90.6,Approved
Health & Safety,Sick Leave,1,10,3,2,40,144,85.0,Approved
Health & Safety,Sick Leave,1,10,2,13,38,216,86.8,Rejected
Health & Safety,Sick Leave,1,10,2,4,28,108,79.7,Approved
Administration,Casual Leave,2,10,3,8,36,132,89.3,Rejected
Health & Safety,Sick Leave,1,10,1,3,40,144,89.2,Approved
Health & Safety,Sick Leave,1,10,1,5,28,108,91.6,Approved
Administration,Casual Leave,1,10,2,5,33,156,96.0,Approved
Health & Safety,Sick Leave,1,10,4,4,28,36,99.2,Approved
Health & Safety,Sick Leave,1,10,4,8,36,132,96.7,Approved
Health & Safety,Sick Leave,1,11,3,13,38,216,78.0,Approved
Health & Safety,Sick Leave,1,11,2,6,28,108,92.9,Approved
Health & Safety,Sick Leave,1,11,3,14,38,216,87.1,Approved
Operations,Annual Leave,1,11,3,0,40,204,82.7,Approved
Health & Safety,Sick Leave,1,11,3,4,40,144,98.0,Approved
Health & Safety,Sick Leave,4,11,0,1,34,168,99.4,Approved
Health & Safety,Sick Leave,1,11,0,1,33,156,89.8,Approved
Health & Safety,Sick Leave,5,11,0,5,40,144,85.0,Rejected
Health & Safety,Sick Leave,1,11,4,2,34,168,93.3,Approved
Health & Safety,Sick Leave,1,11,2,7,28,108,87.4,Approved
Operations,Annual Leave,1,11,2,1,40,204,79.7,Rejected
Health & Safety,Sick Leave,1,11,4,8,28,108,85.5,Approved
Health & Safety,Sick Leave,1,11,4,9,36,132,100.0,Approved
Health & Safety,Sick Leave,1,11,0,3,47,168,86.0,Approved
Health & Safety,Sick Leave,1,11,1,9,28,108,89.4,Approved
Health & Safety,Sick Leave,3,11,2,6,33,156,81.9,Rejected
Health & Safety,Sick Leave,1,11,3,5,40,144,81.3,Approved
Health & Safety,Sick Leave,1,12,1,4,47,168,89.8,Approved
Administration,Casual Leave,8,12,1,4,37,120,94.4,Approved
Health & Safety,Sick Leave,1,12,2,0,50,216,91.8,Approved
Administration,Casual Leave,1,12,2,1,37,168,89.4,Approved
Health & Safety,Sick Leave,1,12,3,10,28,108,79.7,Approved
Administration,Casual Leave,1,12,4,10,36,132,88.4,Rejected
Administration,Casual Leave,7,12,1,5,37,120,88.1,Approved
Health & Safety,Sick Leave,1,12,2,5,28,36,100.0,Approved
Health & Safety,Sick Leave,1,12,3,11,28,108,83.1,Approved
Health & Safety,Sick Leave,1,12,4,10,36,132,97.6,Rejected
Health & Safety,Sick Leave,1,12,1,12,28,108,88.3,Approved
Administration,Casual Leave,1,12,4,6,37,120,83.2,Approved
Administration,Casual Leave,1,12,4,1,41,192,98.3,Approved
Health & Safety,Sick Leave,1,12,4,13,28,108,91.2,Approved
Health & Safety,Sick Leave,1,1,2,0,28,108,89.2,Rejected
Administration,Casual Leave,1,1,0,0,37,120,91.1,Approved
Administration,Casual Leave,1,1,1,1,37,120,84.9,Rejected
Operations,Annual Leave,1,1,1,0,34,168,89.2,Rejected
Administration,Casual Leave,1,1,2,0,28,108,83.9,Approved
Health & Safety,Sick Leave,1,1,3,0,27,84,99.4,Rejected
Health & Safety,Sick Leave,1,1,3,1,28,108,93.6,Approved
Administration,Casual Leave,1,1,4,2,28,108,93.8,Approved
Administration,Casual Leave,1,1,0,1,37,120,100.0,Approved
Administration,Casual Leave,1,1,1,3,28,108,87.4,Approved
Administration,Casual Leave,1,1,1,2,37,120,86.3,Approved
Administration,Casual Leave,1,1,2,3,37,120,80.4,Approved
Administration,Casual Leave,1,1,3,4,37,120,94.5,Approved
Administration,Casual Leave,1,1,4,5,37,120,94.8,Approved
Operations,Annual Leave,1,1,1,0,30,108,91.2,Approved
Operations,Annual Leave,1,1,1,0,33,156,89.6,Approved
Administration,Casual Leave,1,1,0,6,37,120,82.9,Approved
Health & Safety,Sick Leave,1,1,1,4,28,108,98.4,Rejected
Health & Safety,Sick Leave,1,1,3,1,33,156,98.0,Approved
Health & Safety,Sick Leave,1,2,4,0,27,84,87.6,Approved
Health & Safety,Sick Leave,1,2,2,0,41,192,83.6,Approved
Health & Safety,Sick Leave,1,2,2,0,38,216,94.2,Approved
Health & Safety,Sick Leave,1,2,3,0,34,168,92.4,Rejected
Health & Safety,Sick Leave,1,2,3,0,33,156,92.4,Approved
Health & Safety,Sick Leave,1,2,4,0,36,132,82.6,Approved
Health & Safety,Sick Leave,1,2,4,2,33,156,90.9,Approved
Health & Safety,Sick Leave,1,2,0,0,50,108,87.6,Approved
Health & Safety,Sick Leave,1,2,1,1,50,108,87.3,Approved
Health & Safety,Sick Leave,1,2,0,4,28,108,89.3,Approved
Health & Safety,Sick Leave,1,2,1,5,28,108,93.8,Approved
Health & Safety,Sick Leave,1,2,1,1,30,108,91.9,Approved
Health & Safety,Sick Leave,1,2,1,1,27,84,77.8,Approved
Health & Safety,Sick Leave,1,2,3,6,28,108,93.6,Approved
Operations,Annual Leave,1,2,0,0,28,48,89.7,Approved
Health & Safety,Sick Leave,1,2,1,1,28,48,93.3,Approved
Health & Safety,Sick Leave,1,2,2,7,28,108,92.9,Approved
Administration,Casual Leave,1,2,3,1,33,156,84.3,Approved
Health & Safety,Sick Leave,1,3,1,0,32,144,92.7,Approved
Administration,Casual Leave,1,3,1,1,36,132,86.8,Rejected
Administration,Casual Leave,1,3,1,0,29,72,89.0,Approved
Operations,Annual Leave,1,3,1,0,40,204,93.8,Rejected
Health & Safety,Sick Leave,1,3,2,0,40,144,83.7,Approved
Health & Safety,Sick Leave,1,3,2,1,36,132,94.9,Approved
Health & Safety,Sick Leave,1,3,3,2,30,108,91.6,Approved
Health & Safety,Sick Leave,1,3,4,0,47,168,86.3,Approved
Health & Safety,Sick Leave,5,3,4,2,36,132,95.6,Approved
Health & Safety,Sick Leave,5,3,0,0,40,204,79.0,Approved
Health & Safety,Sick Leave,2,3,0,0,34,168,99.8,Rejected
Administration,Casual Leave,2,3,0,3,36,132,89.6,Approved
Health & Safety,Sick Leave,1,3,1,0,34,168,77.8,Approved
Health & Safety,Sick Leave,1,3,3,3,33,156,93.1,Approved
Health & Safety,Sick Leave,1,3,3,1,40,204,82.5,Approved
Health & Safety,Sick Leave,1,3,4,4,36,132,81.7,Approved
Health & Safety,Sick Leave,1,3,4,8,28,108,82.2,Approved
Health & Safety,Sick Leave,1,3,0,0,39,168,85.7,Approved
Health & Safety,Sick Leave,3,3,1,1,38,216,81.9,Rejected
Health & Safety,Sick Leave,1,3,2,9,28,108,82.6,Approved
Health & Safety,Sick Leave,1,3,0,10,28,108,88.9,Approved
Health & Safety,Sick Leave,1,3,0,3,30,108,84.1,Approved
Health & Safety,Sick Leave,1,3,1,11,28,108,91.2,Approved
Health & Safety,Sick Leave,2,3,2,12,28,108,93.0,Approved
Health & Safety,Sick Leave,1,3,2,1,38,216,90.5,Approved
Health & Safety,Sick Leave,2,3,3,1,39,168,84.9,Approved
Health & Safety,Sick Leave,1,3,4,13,28,108,97.1,Approved
Health & Safety,Sick Leave,1,3,4,1,47,168,88.5,Approved
Health & Safety,Sick Leave,1,3,0,14,28,108,97.3,Approved
Health & Safety,Sick Leave,1,4,2,1,40,144,89.2,Approved
Health & Safety,Sick Leave,1,4,2,15,28,108,83.5,Approved
Health & Safety,Sick Leave,1,4,1,1,34,168,81.0,Approved
Health & Safety,Sick Leave,3,4,2,1,41,192,84.2,Rejected
Health & Safety,Sick Leave,1,4,3,2,34,168,82.5,Approved
Health & Safety,Sick Leave,1,4,4,16,28,108,97.9,Approved
Health & Safety,Sick Leave,1,4,4,5,36,132,93.9,Approved
Health & Safety,Sick Leave,3,4,2,2,38,216,89.4,Approved
Health & Safety,Sick Leave,1,4,3,0,50,216,89.9,Rejected
Health & Safety,Sick Leave,1,4,4,2,40,144,77.2,Approved
Health & Safety,Sick Leave,1,4,4,1,41,192,84.9,Rejected
Health & Safety,Sick Leave,1,4,4,3,40,144,89.6,Approved
Health & Safety,Sick Leave,1,4,4,2,47,168,76.6,Approved
Administration,Casual Leave,7,4,4,6,36,132,96.1,Approved
Administration,Casual Leave,1,4,1,4,33,156,83.9,Approved
Health & Safety,Sick Leave,3,4,2,3,34,168,75.1,Approved
Administration,Casual Leave,1,4,2,0,36,132,86.6,Rejected
Health & Safety,Sick Leave,2,4,3,5,33,156,85.7,Approved
Health & Safety,Sick Leave,1,4,4,0,37,168,85.0,Approved
Administration,Casual Leave,1,4,0,0,48,144,94.0,Rejected
Health & Safety,Sick Leave,1,5,2,6,33,156,91.2,Approved
Health & Safety,Sick Leave,1,5,3,4,34,168,82.0,Approved
Health & Safety,Sick Leave,1,5,0,5,34,168,94.6,Approved
Operations,Annual Leave,1,5,1,3,38,216,96.7,Rejected
Administration,Casual Leave,1,5,1,17,28,108,80.1,Approved
Health & Safety,Sick Leave,1,5,2,2,27,84,91.2,Approved
Health & Safety,Sick Leave,1,5,0,6,34,168,81.9,Approved
Health & Safety,Sick Leave,1,5,1,3,38,216,95.6,Rejected
Health & Safety,Sick Leave,3,5,2,7,33,156,92.9,Rejected
Administration,Casual Leave,1,5,2,2,39,168,84.2,Rejected
Administration,Casual Leave,1,5,2,2,28,48,80.1,Rejected
Administration,Casual Leave,1,5,2,0,36,132,92.4,Rejected
Administration,Casual Leave,1,5,2,2,50,108,86.2,Rejected
Health & Safety,Sick Leave,1,5,1,3,38,216,92.3,Rejected
Health & Safety,Sick Leave,3,5,2,0,50,216,83.4,Approved
Health & Safety,Sick Leave,1,5,4,0,28,36,94.3,Approved
Administration,Casual Leave,1,6,0,1,41,192,95.5,Approved
Health & Safety,Sick Leave,1,6,0,1,28,36,93.1,Approved
Health & Safety,Sick Leave,3,6,1,2,41,192,96.7,Approved
Health & Safety,Sick Leave,1,6,3,4,40,144,89.2,Approved
Health & Safety,Sick Leave,1,6,4,3,41,192,89.8,Approved
Health & Safety,Sick Leave,1,6,0,3,38,216,76.2,Approved
Health & Safety,Sick Leave,1,6,0,7,34,168,88.9,Approved
Health & Safety,Sick Leave,1,6,0,4,41,192,97.6,Approved
Health & Safety,Sick Leave,1,6,2,1,50,216,87.1,Rejected
Health & Safety,Sick Leave,2,6,4,1,37,168,84.4,Approved
Health & Safety,Sick Leave,1,6,1,1,50,216,94.0,Approved
Health & Safety,Sick Leave,10,6,2,2,50,216,86.3,Rejected
Health & Safety,Sick Leave,1,6,3,0,36,132,89.2,Approved
Health & Safety,Sick Leave,1,6,4,4,38,216,87.9,Approved
Health & Safety,Sick Leave,1,6,0,0,49,348,87.1,Approved
Health & Safety,Sick Leave,1,6,3,18,28,108,83.9,Rejected
Administration,Casual Leave,2,7,1,8,34,168,86.8,Rejected
Health & Safety,Sick Leave,1,7,2,2,50,216,83.2,Rejected
Health & Safety,Sick Leave,1,7,4,7,37,120,99.4,Approved
Administration,Casual Leave,1,7,4,8,37,120,82.2,Rejected
Administration,Casual Leave,1,7,1,2,28,48,92.1,Approved
Operations,Annual Leave,1,7,3,4,30,108,81.5,Approved
Health & Safety,Sick Leave,1,7,4,8,34,168,96.1,Approved
Health & Safety,Sick Leave,1,7,0,3,28,48,91.8,Approved
Health & Safety,Sick Leave,1,7,1,4,28,48,86.6,Approved
Health & Safety,Sick Leave,1,7,0,1,29,72,82.8,Approved
Health & Safety,Sick Leave,1,7,1,2,28,36,95.2,Approved
Administration,Casual Leave,1,7,2,7,33,156,88.5,Approved
Administration,Casual Leave,1,7,3,5,38,216,86.1,Approved
Administration,Casual Leave,4,7,0,8,33,156,94.8,Approved
Administration,Casual Leave,1,7,3,9,33,156,98.3,Approved
Administration,Casual Leave,1,7,3,7,36,132,95.6,Rejected
Administration,Casual Leave,1,8,4,10,33,156,96.2,Approved
Administration,Casual Leave,1,8,4,2,29,72,86.6,Approved
Health & Safety,Sick Leave,1,8,0,11,33,156,82.2,Rejected
Operations,Annual Leave,1,8,1,0,58,192,99.1,Approved
Health & Safety,Sick Leave,1,8,3,0,43,156,82.8,Approved
Health & Safety,Sick Leave,1,8,3,1,43,156,83.6,Rejected
Health & Safety,Sick Leave,1,8,4,7,36,132,88.7,Approved
Health & Safety,Sick Leave,1,8,1,11,33,156,100.0,Approved
Health & Safety,Sick Leave,1,8,2,3,47,168,79.2,Rejected
Health & Safety,Sick Leave,1,8,3,0,33,96,87.4,Approved
Health & Safety,Sick Leave,1,8,3,5,30,108,75.9,Approved
Health & Safety,Sick Leave,1,8,3,2,50,216,87.6,Approved
Health & Safety,Sick Leave,1,8,0,3,47,168,89.8,Rejected
Health & Safety,Sick Leave,1,8,1,2,37,168,89.1,Approved
Health & Safety,Sick Leave,1,8,3,3,50,216,86.0,Approved
Administration,Casual Leave,1,8,3,3,37,168,84.3,Approved
Health & Safety,Sick Leave,1,8,1,3,28,36,76.6,Approved
Health & Safety,Sick Leave,1,8,2,3,27,84,85.0,Approved
Health & Safety,Sick Leave,1,9,0,6,38,216,89.5,Approved
Health & Safety,Sick Leave,1,9,4,7,38,216,92.9,Approved
Administration,Casual Leave,3,9,2,12,33,156,83.0,Rejected
Administration,Casual Leave,1,9,3,1,43,156,97.7,Rejected
Health & Safety,Sick Leave,2,9,0,5,41,192,88.9,Approved
Health & Safety,Sick Leave,1,9,1,5,40,144,85.5,Approved
Administration,Casual Leave,1,9,1,0,39,168,98.6,Rejected
Administration,Casual Leave,1,9,1,1,32,144,85.1,Rejected
Health & Safety,Sick Leave,1,9,2,8,38,216,85.7,Rejected
Health & Safety,Sick Leave,4,9,2,6,41,192,88.7,Approved
Health & Safety,Sick Leave,1,9,3,8,38,216,91.7,Approved
Health & Safety,Sick Leave,1,9,4,6,40,144,81.5,Approved
Health & Safety,Sick Leave,1,9,4,8,36,132,82.7,Approved
Administration,Casual Leave,1,9,2,1,43,156,84.4,Rejected
Health & Safety,Sick Leave,1,9,3,4,50,216,79.6,Approved
Administration,Casual Leave,1,9,3,1,43,156,88.9,Rejected
Health & Safety,Sick Leave,1,9,4,7,40,144,81.1,Rejected
Health & Safety,Sick Leave,5,9,0,7,40,144,87.7,Rejected
Health & Safety,Sick Leave,1,9,0,9,38,216,95.0,Approved
Operations,Annual Leave,1,10,0,12,33,156,92.0,Rejected
Administration,Casual Leave,1,10,0,4,37,168,77.7,Approved
Administration,Casual Leave,1,10,0,12,33,156,90.1,Approved
Health & Safety,Sick Leave,1,10,4,13,33,156,91.3,Approved
Administration,Casual Leave,1,10,4,5,50,216,89.3,Rejected
Administration,Casual Leave,1,10,4,3,47,168,83.3,Rejected
Health & Safety,Sick Leave,1,10,0,6,30,108,95.4,Approved
Health & Safety,Sick Leave,1,10,0,8,37,120,89.6,Approved
Health & Safety,Sick Leave,1,10,0,0,31,144,84.9,Approved
Health & Safety,Sick Leave,1,10,2,10,38,216,86.5,Approved
Health & Safety,Sick Leave,8,10,2,7,30,108,85.7,Rejected
Administration,Casual Leave,1,10,2,1,43,156,89.0,Rejected
Administration,Casual Leave,2,10,3,14,33,156,95.3,Approved
Health & Safety,Sick Leave,1,10,4,9,36,132,80.5,Approved
Administration,Casual Leave,1,10,4,1,43,156,77.8,Rejected
Health & Safety,Sick Leave,1,10,0,1,43,156,86.1,Approved
Health & Safety,Sick Leave,1,10,1,5,50,216,86.1,Approved
Health & Safety,Sick Leave,1,10,1,7,40,144,84.7,Approved
Health & Safety,Sick Leave,2,10,3,7,30,108,83.2,Approved
Health & Safety,Sick Leave,1,10,3,6,50,216,85.9,Approved
Health & Safety,Sick Leave,1,10,0,4,28,36,82.8,Approved
Administration,Casual Leave,1,10,1,10,36,132,90.0,Rejected
Administration,Casual Leave,1,10,1,8,40,144,79.8,Rejected
Administration,Casual Leave,1,10,1,3,29,72,90.5,Rejected
Health & Safety,Sick Leave,1,10,2,8,30,108,84.9,Approved
Health & Safety,Sick Leave,1,10,2,9,30,108,90.9,Rejected
Health & Safety,Sick Leave,1,10,3,7,50,216,80.0,Rejected
Health & Safety,Sick Leave,1,11,0,9,37,120,92.2,Approved
Health & Safety,Sick Leave,1,11,0,3,47,168,87.0,Approved
Health & Safety,Sick Leave,1,11,1,11,38,216,87.5,Approved
Health & Safety,Sick Leave,1,11,4,10,36,132,90.7,Approved
Health & Safety,Sick Leave,1,11,0,8,40,144,96.7,Rejected
Health & Safety,Sick Leave,1,11,0,1,36,132,89.7,Approved
Health & Safety,Sick Leave,10,11,0,9,34,168,89.5,Rejected
Administration,Casual Leave,1,11,0,2,43,156,84.5,Approved
Administration,Casual Leave,1,11,1,5,28,48,97.9,Rejected
Operations,Annual Leave,1,11,2,5,37,168,92.5,Approved
Health & Safety,Sick Leave,1,11,2,10,37,120,100.0,Approved
Health & Safety,Sick Leave,1,11,3,6,37,168,76.8,Approved
Health & Safety,Sick Leave,1,11,3,12,38,216,88.0,Approved
Health & Safety,Sick Leave,1,11,4,7,41,192,97.8,Approved
Health & Safety,Sick Leave,1,11,4,8,40,144,88.2,Approved
Health & Safety,Sick Leave,1,11,0,8,41,192,92.5,Approved
Health & Safety,Sick Leave,1,11,1,13,38,216,87.2,Approved
Health & Safety,Sick Leave,1,11,2,11,36,132,90.8,Approved
Operations,Annual Leave,1,11,4,12,36,132,87.2,Approved
Administration,Casual Leave,1,11,4,2,36,132,92.6,Rejected
Administration,Casual Leave,1,11,1,2,39,168,97.5,Rejected
Health & Safety,Sick Leave,1,11,3,14,38,216,92.5,Approved
Health & Safety,Sick Leave,1,12,0,18,28,108,100.0,Approved
Health & Safety,Sick Leave,1,12,0,15,38,216,85.7,Rejected
Health & Safety,Sick Leave,1,12,0,15,38,216,84.6,Approved
Health & Safety,Sick Leave,1,12,0,7,37,168,91.7,Rejected
Health & Safety,Sick Leave,1,12,1,7,50,216,81.4,Approved
Health & Safety,Sick Leave,1,12,4,13,36,132,93.0,Approved
Health & Safety,Sick Leave,1,12,3,9,41,192,83.0,Rejected
Health & Safety,Sick Leave,1,12,3,16,38,216,93.5,Approved
Health & Safety,Sick Leave,1,12,4,17,38,216,92.3,Approved
Health & Safety,Sick Leave,1,12,1,9,30,108,90.1,Approved
Health & Safety,Sick Leave,1,12,1,11,37,120,85.7,Rejected
Health & Safety,Sick Leave,1,12,3,7,37,168,94.5,Approved
Health & Safety,Sick Leave,1,12,1,3,43,156,99.0,Approved
Health & Safety,Sick Leave,1,12,1,8,37,168,84.6,Approved
Administration,Casual Leave,1,12,2,14,36,132,87.4,Approved
Health & Safety,Sick Leave,1,12,0,3,29,72,90.4,Approved
Health & Safety,Sick Leave,1,12,0,18,38,216,78.0,Approved
Administration,Casual Leave,1,12,0,15,33,156,78.8,Approved
Health & Safety,Sick Leave,1,1,2,0,28,108,99.1,Approved
Administration,Casual Leave,4,1,0,0,37,120,90.2,Approved
Health & Safety,Sick Leave,1,1,0,0,34,168,100.0,Rejected
Health & Safety,Sick Leave,1,1,1,0,37,168,79.3,Approved
Health & Safety,Sick Leave,1,1,1,0,34,168,84.9,Rejected
Administration,Casual Leave,1,1,0,0,33,156,91.2,Approved
Health & Safety,Sick Leave,1,1,2,0,40,144,80.9,Rejected
Administration,Casual Leave,1,1,0,0,43,156,93.2,Approved
Administration,Casual Leave,1,1,0,0,50,216,88.0,Approved
Health & Safety,Sick Leave,1,1,2,0,38,216,88.0,Approved
Health & Safety,Sick Leave,1,1,4,1,38,216,89.0,Rejected
Health & Safety,Sick Leave,1,2,1,1,37,120,91.7,Approved
Administration,Casual Leave,1,2,2,1,38,216,77.9,Rejected
Health & Safety,Sick Leave,1,2,2,1,28,108,96.9,Approved
Health & Safety,Sick Leave,1,2,4,1,33,156,83.6,Approved
Health & Safety,Sick Leave,1,2,4,0,36,132,85.5,Approved
Health & Safety,Sick Leave,1,2,4,1,38,216,89.1,Rejected
Administration,Casual Leave,1,2,0,1,38,216,100.0,Approved
Health & Safety,Sick Leave,1,2,3,2,38,216,93.7,Approved
Administration,Casual Leave,1,2,3,0,41,192,91.7,Approved
Administration,Casual Leave,1,2,4,3,38,216,75.4,Approved
Health & Safety,Sick Leave,1,2,0,2,33,156,84.3,Rejected
Administration,Casual Leave,1,2,0,4,38,216,90.2,Approved
Health & Safety,Sick Leave,1,2,1,1,41,192,85.2,Approved
Health & Safety,Sick Leave,1,2,1,0,40,144,92.5,Approved
Health & Safety,Sick Leave,2,2,2,0,29,72,89.0,Approved
Health & Safety,Sick Leave,3,2,4,2,41,192,97.6,Approved
Operations,Annual Leave,1,3,1,2,37,120,85.0,Approved
Administration,Casual Leave,2,3,2,3,41,192,84.0,Approved
Health & Safety,Sick Leave,1,3,4,4,41,192,83.5,Approved
Health & Safety,Sick Leave,1,3,4,1,36,132,90.4,Approved
Health & Safety,Sick Leave,1,3,0,5,38,216,88.7,Approved
Health & Safety,Sick Leave,1,3,0,1,37,168,80.8,Approved
Health & Safety,Sick Leave,1,3,1,2,40,204,84.2,Approved
Health & Safety,Sick Leave,1,3,1,0,36,132,85.8,Approved
Health & Safety,Sick Leave,2,3,0,6,38,216,86.4,Approved
Health & Safety,Sick Leave,1,3,2,0,28,36,90.5,Approved
Administration,Casual Leave,1,3,2,0,31,144,95.4,Rejected
Operations,Annual Leave,1,3,3,2,37,168,94.2,Approved
Health & Safety,Sick Leave,1,3,4,1,50,216,93.6,Approved
Health & Safety,Sick Leave,1,3,1,2,50,216,100.0,Approved
Health & Safety,Sick Leave,1,3,2,3,50,216,93.3,Approved
Administration,Casual Leave,1,3,3,3,37,168,89.2,Rejected
Administration,Casual Leave,1,3,3,5,41,192,100.0,Rejected
Administration,Casual Leave,1,3,3,4,50,216,83.4,Rejected
Health & Safety,Sick Leave,1,3,4,7,38,216,85.7,Approved
Health & Safety,Sick Leave,1,3,4,2,33,156,94.5,Approved
Administration,Casual Leave,1,3,0,2,36,132,96.6,Approved
Health & Safety,Sick Leave,1,3,1,5,41,192,98.5,Approved
Health & Safety,Sick Leave,1,4,2,8,38,216,85.2,Approved
Health & Safety,Sick Leave,1,4,4,3,36,132,85.3,Approved
Administration,Casual Leave,1,4,4,0,28,48,92.1,Approved
Health & Safety,Sick Leave,1,4,0,0,31,144,86.7,Approved
Administration,Casual Leave,1,4,0,0,47,168,84.9,Approved
Health & Safety,Sick Leave,1,4,2,1,28,48,95.0,Rejected
Health & Safety,Sick Leave,1,4,2,9,38,216,88.4,Approved
Health & Safety,Sick Leave,1,4,0,4,50,216,89.3,Rejected
Health & Safety,Sick Leave,10,4,2,4,50,216,88.4,Rejected
Health & Safety,Sick Leave,1,4,4,0,43,156,85.8,Approved
Health & Safety,Sick Leave,1,4,4,4,36,132,87.4,Approved
Health & Safety,Sick Leave,1,4,0,10,38,216,79.7,Approved
Health & Safety,Sick Leave,1,4,2,3,37,120,83.4,Rejected
Health & Safety,Sick Leave,2,5,0,1,43,156,87.9,Approved
Health & Safety,Sick Leave,1,5,2,1,47,168,97.0,Approved
Health & Safety,Sick Leave,1,5,0,1,31,144,89.0,Approved
Health & Safety,Sick Leave,1,5,2,0,30,108,95.4,Rejected
Health & Safety,Sick Leave,1,5,2,11,38,216,89.1,Rejected
Health & Safety,Sick Leave,1,5,3,1,28,36,88.7,Rejected
Health & Safety,Sick Leave,1,5,4,5,36,132,85.6,Approved
Health & Safety,Sick Leave,1,5,0,3,40,204,84.1,Rejected
Health & Safety,Sick Leave,1,5,0,3,40,204,89.1,Approved
Operations,Annual Leave,1,5,2,0,58,192,86.3,Approved
Health & Safety,Sick Leave,1,5,2,2,28,108,84.9,Approved
Health & Safety,Sick Leave,1,5,4,1,28,48,88.7,Approved
Health & Safety,Sick Leave,1,5,0,0,30,108,91.6,Approved
Health & Safety,Sick Leave,1,5,0,3,37,120,87.1,Rejected
Health & Safety,Sick Leave,1,5,0,3,37,168,80.4,Approved
Health & Safety,Sick Leave,1,6,0,3,37,120,81.2,Approved
Health & Safety,Sick Leave,1,6,0,11,38,216,89.4,Approved
Health & Safety,Sick Leave,1,6,1,4,37,120,89.0,Approved
Health & Safety,Sick Leave,1,6,3,3,28,108,85.5,Rejected
Health & Safety,Sick Leave,1,6,4,6,36,132,88.6,Approved
Administration,Casual Leave,1,6,4,12,38,216,96.9,Rejected
Health & Safety,Sick Leave,5,6,0,1,40,144,91.0,Rejected
Health & Safety,Sick Leave,3,6,0,12,38,216,93.3,Approved
Health & Safety,Sick Leave,1,6,1,6,41,192,79.7,Rejected
Health & Safety,Sick Leave,1,6,0,13,38,216,86.5,Approved
Administration,Casual Leave,1,6,1,2,43,156,81.5,Approved
Health & Safety,Sick Leave,1,6,0,14,38,216,94.4,Rejected
Health & Safety,Sick Leave,1,6,2,3,28,108,92.5,Approved
Health & Safety,Sick Leave,1,6,2,4,50,216,77.7,Rejected
Health & Safety,Sick Leave,1,6,2,14,38,216,90.1,Approved
Operations,Annual Leave,1,6,2,1,30,108,92.0,Approved
Health & Safety,Sick Leave,1,6,4,6,41,192,91.2,Approved
Health & Safety,Sick Leave,1,6,1,2,28,48,85.4,Approved
Health & Safety,Sick Leave,1,6,1,4,37,168,91.0,Approved
Health & Safety,Sick Leave,1,7,3,2,30,108,81.5,Approved
Health & Safety,Sick Leave,1,7,3,4,28,108,82.2,Rejected
Health & Safety,Sick Leave,1,7,4,7,36,132,97.0,Rejected
Health & Safety,Sick Leave,1,7,0,0,33,96,83.4,Approved
Health & Safety,Sick Leave,1,7,4,3,28,48,91.8,Approved
Administration,Casual Leave,1,7,4,5,37,120,94.5,Approved
Administration,Casual Leave,1,7,0,7,36,132,91.6,Approved
Health & Safety,Sick Leave,1,7,1,6,37,120,82.8,Approved
Operations,Annual Leave,1,7,0,1,43,156,82.4,Rejected
Health & Safety,Sick Leave,1,7,0,0,48,144,89.7,Approved
Health & Safety,Sick Leave,1,7,1,7,41,192,92.8,Approved
Health & Safety,Sick Leave,10,7,1,4,28,108,83.5,Approved
Health & Safety,Sick Leave,1,7,1,15,38,216,80.9,Rejected
Health & Safety,Sick Leave,1,7,4,4,50,216,90.6,Approved
Health & Safety,Sick Leave,1,7,4,1,28,36,78.3,Approved
Health & Safety,Sick Leave,1,7,0,3,33,156,86.3,Approved
Administration,Casual Leave,1,7,0,3,43,156,86.6,Approved
Health & Safety,Sick Leave,1,7,3,1,40,144,89.0,Approved
Health & Safety,Sick Leave,1,7,3,0,39,168,97.0,Approved
Health & Safety,Sick Leave,1,8,3,15,38,216,86.5,Rejected
Health & Safety,Sick Leave,1,8,0,4,40,204,80.7,Approved
Health & Safety,Sick Leave,1,8,1,8,41,192,100.0,Approved
Health & Safety,Sick Leave,1,8,1,7,37,120,84.7,Rejected
Administration,Casual Leave,1,8,1,4,33,156,91.1,Approved
Administration,Casual Leave,1,8,1,4,43,156,81.6,Rejected
Health & Safety,Sick Leave,1,8,3,2,40,144,65.5,Approved
Health & Safety,Sick Leave,1,8,0,15,38,216,95.2,Approved
Health & Safety,Sick Leave,1,8,1,5,40,204,93.8,Approved
Health & Safety,Sick Leave,2,8,3,4,28,48,78.9,Approved
Health & Safety,Sick Leave,1,8,1,5,37,168,84.2,Approved
Health & Safety,Sick Leave,1,8,1,9,41,192,92.4,Approved
Health & Safety,Sick Leave,1,8,1,7,37,120,86.4,Rejected
Health & Safety,Sick Leave,1,8,3,3,40,144,79.8,Rejected
Health & Safety,Sick Leave,1,8,0,8,36,132,94.5,Approved
Health & Safety,Sick Leave,1,9,1,10,41,192,96.2,Approved
Health & Safety,Sick Leave,1,9,1,7,37,120,95.1,Approved
Health & Safety,Sick Leave,1,9,1,0,34,168,75.6,Approved
Health & Safety,Sick Leave,1,9,3,3,40,144,93.4,Approved
Health & Safety,Sick Leave,1,9,4,3,30,108,76.7,Approved
Health & Safety,Sick Leave,1,9,4,2,47,168,83.7,Rejected
Health & Safety,Sick Leave,1,9,0,16,38,216,90.3,Rejected
Health & Safety,Sick Leave,1,9,2,5,28,108,84.2,Approved
Health & Safety,Sick Leave,1,9,0,4,30,108,80.9,Approved
Health & Safety,Sick Leave,1,9,1,2,31,144,95.6,Approved
Health & Safety,Sick Leave,1,9,1,2,28,36,88.3,Approved
Health & Safety,Sick Leave,1,10,3,1,49,348,80.9,Rejected
Health & Safety,Sick Leave,1,10,3,0,32,96,86.9,Approved
Administration,Casual Leave,1,10,4,11,41,192,73.3,Rejected
Health & Safety,Sick Leave,1,10,2,1,49,348,87.3,Approved
Health & Safety,Sick Leave,1,10,2,4,40,144,88.8,Approved
Health & Safety,Sick Leave,1,10,1,8,37,120,92.2,Approved
Health & Safety,Sick Leave,1,10,3,2,49,348,86.8,Approved
Health & Safety,Sick Leave,1,10,4,5,40,144,81.1,Rejected
Health & Safety,Sick Leave,1,10,1,6,28,108,88.6,Approved
Health & Safety,Sick Leave,1,10,1,3,31,144,87.8,Approved
Health & Safety,Sick Leave,1,10,1,4,31,144,79.0,Approved
Health & Safety,Sick Leave,1,10,1,7,28,108,90.6,Approved
Administration,Casual Leave,1,10,1,5,31,144,88.7,Approved
Health & Safety,Sick Leave,1,10,2,16,38,216,97.5,Approved
Health & Safety,Sick Leave,1,10,2,1,58,192,90.1,Approved
Health & Safety,Sick Leave,1,10,2,5,40,144,86.9,Approved
Health & Safety,Sick Leave,1,10,3,6,31,144,96.0,Rejected
Health & Safety,Sick Leave,1,10,3,8,28,108,95.0,Approved
Health & Safety,Sick Leave,1,10,4,6,31,144,89.7,Approved
Health & Safety,Sick Leave,1,10,4,9,28,108,83.4,Approved
Health & Safety,Sick Leave,1,10,0,2,33,156,93.5,Approved
Health & Safety,Sick Leave,1,10,0,1,32,96,94.5,Rejected
Health & Safety,Sick Leave,1,10,0,2,47,168,75.1,Approved
Administration,Casual Leave,1,10,0,10,28,108,83.6,Rejected
Health & Safety,Sick Leave,1,10,1,10,28,108,92.9,Approved
Operations,Annual Leave,1,11,1,17,38,216,88.3,Rejected
Health & Safety,Sick Leave,1,11,2,9,37,120,84.6,Approved
Health & Safety,Sick Leave,3,11,2,5,28,48,93.8,Approved
Health & Safety,Sick Leave,1,11,4,17,38,216,94.3,Rejected
Health & Safety,Sick Leave,1,11,1,10,37,120,90.8,Approved
Operations,Annual Leave,1,11,2,5,33,156,95.8,Approved
Health & Safety,Sick Leave,1,11,4,1,32,96,90.4,Approved
Health & Safety,Sick Leave,1,11,4,11,28,108,90.3,Rejected
Health & Safety,Sick Leave,1,11,1,3,28,36,94.3,Rejected
Health & Safety,Sick Leave,1,11,2,6,40,144,81.9,Rejected
Health & Safety,Sick Leave,1,11,3,11,37,120,78.3,Rejected
Health & Safety,Sick Leave,1,11,3,11,28,108,82.2,Approved
Health & Safety,Sick Leave,1,11,0,17,38,216,94.7,Approved
Health & Safety,Sick Leave,1,11,0,11,37,120,93.8,Approved
Health & Safety,Sick Leave,1,11,1,12,37,120,84.0,Approved
Health & Safety,Sick Leave,1,11,1,12,28,108,88.6,Approved
Administration,Casual Leave,1,11,1,6,40,144,93.2,Rejected
Administration,Casual Leave,1,11,2,6,33,156,90.5,Rejected
Health & Safety,Sick Leave,1,11,3,3,47,168,90.1,Approved
Administration,Casual Leave,1,11,3,4,43,156,89.1,Rejected
Health & Safety,Sick Leave,1,11,4,13,28,108,93.2,Approved
Administration,Casual Leave,1,11,4,7,31,144,93.2,Approved
Health & Safety,Sick Leave,1,11,0,3,28,36,95.2,Rejected
Health & Safety,Sick Leave,4,12,1,18,38,216,90.3,Rejected
Health & Safety,Sick Leave,1,12,2,6,40,144,76.9,Approved
Health & Safety,Sick Leave,1,12,2,14,28,108,89.4,Approved
Health & Safety,Sick Leave,1,12,4,5,30,108,90.1,Rejected
Health & Safety,Sick Leave,1,12,4,15,28,108,86.5,Rejected
Health & Safety,Sick Leave,1,12,3,3,28,36,85.9,Approved
Operations,Annual Leave,1,12,4,6,40,204,83.6,Approved
Administration,Casual Leave,1,12,4,4,43,156,99.9,Approved
Operations,Annual Leave,1,12,0,0,31,12,87.6,Approved
Health & Safety,Sick Leave,2,12,1,5,30,108,95.8,Approved
Health & Safety,Sick Leave,1,12,1,15,28,108,92.7,Approved
Health & Safety,Sick Leave,1,12,3,16,28,108,92.6,Approved
Health & Safety,Sick Leave,1,12,0,17,28,108,90.9,Approved
Operations,Annual Leave,10,12,1,1,34,168,85.7,Approved
Health & Safety,Sick Leave,3,1,0,0,30,108,92.7,Rejected
Health & Safety,Sick Leave,2,1,3,0,30,108,98.0,Approved
Health & Safety,Sick Leave,1,1,3,0,40,204,85.9,Approved
Health & Safety,Sick Leave,1,1,4,1,40,204,88.3,Approved
Health & Safety,Sick Leave,1,1,0,1,30,108,87.9,Approved
Health & Safety,Sick Leave,1,1,2,2,40,204,91.9,Approved
Health & Safety,Sick Leave,1,1,3,0,49,348,87.6,Approved
Operations,Annual Leave,1,1,4,3,40,204,87.1,Rejected
Administration,Casual Leave,1,1,0,2,30,108,87.6,Approved
Operations,Annual Leave,1,1,1,0,34,168,91.5,Approved
Administration,Casual Leave,1,1,2,3,30,108,98.5,Approved
Administration,Casual Leave,1,1,2,0,38,216,90.4,Rejected
Health & Safety,Sick Leave,1,1,2,0,33,156,92.9,Approved
Administration,Casual Leave,1,1,3,0,38,216,97.9,Approved
Administration,Casual Leave,1,1,4,1,38,216,88.7,Approved
Health & Safety,Sick Leave,1,2,1,2,38,216,76.6,Approved
Health & Safety,Sick Leave,1,2,1,0,28,108,87.9,Rejected
Health & Safety,Sick Leave,1,2,2,0,47,168,85.7,Approved
Administration,Casual Leave,1,2,2,3,38,216,94.3,Approved
Health & Safety,Sick Leave,1,2,3,0,28,108,91.9,Approved
Administration,Casual Leave,1,2,3,4,38,216,89.9,Rejected
Administration,Casual Leave,1,2,3,4,30,108,83.5,Approved
Health & Safety,Sick Leave,1,2,4,0,41,180,73.7,Approved
Administration,Casual Leave,1,2,4,4,38,216,90.4,Approved
Administration,Casual Leave,1,2,0,0,31,12,90.9,Rejected
Administration,Casual Leave,1,2,0,5,38,216,86.6,Approved
Health & Safety,Sick Leave,1,2,1,1,28,108,82.8,Approved
Administration,Casual Leave,1,2,2,6,38,216,87.1,Rejected
Administration,Casual Leave,1,2,3,6,38,216,84.6,Approved
Health & Safety,Sick Leave,1,2,3,2,28,108,88.7,Approved
Health & Safety,Sick Leave,1,2,3,5,30,108,89.6,Approved
Health & Safety,Sick Leave,1,2,4,3,40,204,86.3,Approved
Administration,Casual Leave,1,2,4,7,38,216,91.5,Approved
Health & Safety,Sick Leave,1,2,2,0,31,12,81.0,Approved
Administration,Casual Leave,1,2,2,6,30,108,79.9,Rejected
Health & Safety,Sick Leave,1,2,3,8,38,216,88.7,Approved
Health & Safety,Sick Leave,1,2,0,1,34,168,94.8,Approved
Health & Safety,Sick Leave,1,2,0,0,32,96,77.8,Rejected
Health & Safety,Sick Leave,1,2,0,3,28,108,93.9,Approved
Administration,Casual Leave,1,2,1,9,38,216,77.4,Approved
Health & Safety,Sick Leave,1,2,1,1,47,168,89.7,Approved
Health & Safety,Sick Leave,1,2,1,4,28,108,82.6,Approved
Health & Safety,Sick Leave,1,2,4,0,32,96,91.4,Approved
Administration,Casual Leave,1,3,0,10,38,216,82.1,Rejected
Health & Safety,Sick Leave,1,3,0,2,47,168,82.5,Approved
Health & Safety,Sick Leave,1,3,1,0,58,192,94.1,Approved
Health & Safety,Sick Leave,1,3,1,3,47,168,96.3,Approved
Health & Safety,Sick Leave,10,3,1,1,58,192,99.8,Approved
Administration,Casual Leave,1,3,2,10,38,216,85.6,Rejected
Administration,Casual Leave,1,3,3,5,28,108,91.5,Approved
Administration,Casual Leave,1,3,3,10,38,216,93.3,Approved
Health & Safety,Sick Leave,1,3,3,6,28,108,87.6,Approved
Administration,Casual Leave,1,3,4,6,30,108,97.6,Rejected
Health & Safety,Sick Leave,1,3,0,1,32,96,100.0,Approved
Administration,Casual Leave,1,3,0,0,28,36,82.8,Approved
Health & Safety,Sick Leave,1,3,1,11,38,216,85.6,Rejected
Administration,Casual Leave,1,3,4,6,30,108,83.9,Approved
Health & Safety,Sick Leave,1,3,0,11,38,216,84.0,Approved
Health & Safety,Sick Leave,1,3,0,4,47,168,86.4,Approved
Administration,Casual Leave,1,3,0,12,38,216,80.2,Approved
Health & Safety,Sick Leave,1,3,0,7,28,108,87.8,Rejected
Administration,Casual Leave,1,3,1,13,38,216,89.7,Approved
Health & Safety,Sick Leave,1,3,2,1,33,156,80.1,Approved
Health & Safety,Sick Leave,1,3,2,2,58,192,83.2,Approved
Health & Safety,Sick Leave,1,3,3,5,47,168,81.8,Approved
Health & Safety,Sick Leave,1,3,4,7,30,108,81.7,Approved
Administration,Casual Leave,1,3,4,14,38,216,90.6,Rejected
Administration,Casual Leave,1,3,1,14,38,216,78.0,Approved
Health & Safety,Sick Leave,1,3,2,0,46,288,93.5,Approved
Health & Safety,Sick Leave,3,3,2,2,34,168,83.3,Rejected
Administration,Casual Leave,1,3,2,15,38,216,88.4,Rejected
Administration,Casual Leave,1,3,3,15,38,216,97.3,Approved
Health & Safety,Sick Leave,1,3,0,8,30,108,90.9,Approved
Administration,Casual Leave,10,3,0,2,33,156,93.9,Approved
Health & Safety,Sick Leave,1,3,2,0,31,144,81.3,Approved
Health & Safety,Sick Leave,1,4,0,7,28,108,77.0,Approved
Health & Safety,Sick Leave,1,4,0,0,37,120,84.8,Approved
Administration,Casual Leave,1,4,1,1,28,36,82.0,Approved
Administration,Casual Leave,1,4,2,6,47,168,91.8,Approved
Health & Safety,Sick Leave,1,4,3,0,33,156,88.1,Approved
Administration,Casual Leave,1,4,4,9,30,108,91.4,Approved
Health & Safety,Sick Leave,3,4,0,1,31,144,81.9,Approved
Operations,Annual Leave,1,4,1,4,40,204,93.0,Rejected
Health & Safety,Sick Leave,1,4,1,0,50,216,94.4,Approved
Health & Safety,Sick Leave,1,4,1,2,28,36,93.3,Approved
Health & Safety,Sick Leave,1,4,2,1,37,120,93.6,Approved
Health & Safety,Sick Leave,1,4,4,0,37,168,97.6,Approved
Administration,Casual Leave,1,4,0,8,28,108,83.4,Approved
Operations,Annual Leave,1,4,1,2,32,96,87.0,Approved
Health & Safety,Sick Leave,1,4,1,2,34,168,87.7,Approved
Administration,Casual Leave,1,4,3,9,28,108,80.6,Approved
Health & Safety,Sick Leave,1,4,3,1,50,216,94.3,Approved
Health & Safety,Sick Leave,1,5,0,1,37,168,85.5,Approved
Administration,Casual Leave,1,5,2,1,41,180,91.7,Approved
Health & Safety,Sick Leave,1,5,2,3,32,96,75.0,Approved
Health & Safety,Sick Leave,1,5,2,2,37,120,79.4,Approved
Administration,Casual Leave,1,5,2,0,43,156,97.9,Approved
Health & Safety,Sick Leave,1,5,3,10,30,108,80.5,Approved
Health & Safety,Sick Leave,1,5,3,0,40,144,90.0,Approved
Health & Safety,Sick Leave,1,5,3,2,41,180,81.7,Approved
Administration,Casual Leave,8,5,4,0,43,156,82.4,Approved
Health & Safety,Sick Leave,1,5,4,3,41,180,87.0,Approved
Administration,Casual Leave,1,5,4,11,30,108,99.2,Approved
Health & Safety,Sick Leave,1,5,0,2,50,216,92.3,Rejected
Health & Safety,Sick Leave,1,5,1,2,50,216,84.0,Approved
Health & Safety,Sick Leave,1,5,1,3,37,120,74.8,Approved
Administration,Casual Leave,1,5,1,3,50,216,85.2,Rejected
Administration,Casual Leave,1,5,2,12,30,108,83.4,Approved
Administration,Casual Leave,1,5,2,1,36,132,87.0,Rejected
Operations,Annual Leave,1,5,4,4,40,204,79.0,Approved
Health & Safety,Sick Leave,6,5,0,3,34,168,90.9,Rejected
Health & Safety,Sick Leave,1,5,0,4,32,96,95.8,Approved
Health & Safety,Sick Leave,1,5,2,1,40,144,88.9,Approved
Health & Safety,Sick Leave,1,5,2,5,40,204,68.6,Approved
Health & Safety,Sick Leave,1,5,2,10,28,108,76.4,Approved
Health & Safety,Sick Leave,1,5,3,0,28,48,89.9,Approved
Health & Safety,Sick Leave,1,5,3,5,32,96,91.0,Approved
Health & Safety,Sick Leave,1,5,0,3,28,36,82.5,Approved
Health & Safety,Sick Leave,1,5,2,3,34,168,91.1,Approved
Health & Safety,Sick Leave,1,5,4,6,40,204,93.7,Rejected
Health & Safety,Sick Leave,1,5,4,4,34,168,86.3,Approved
Health & Safety,Sick Leave,1,5,0,11,28,108,81.5,Approved
Health & Safety,Sick Leave,1,6,2,1,46,288,86.7,Approved
Administration,Casual Leave,1,6,2,13,30,108,85.1,Approved
Administration,Casual Leave,1,6,4,4,37,120,93.7,Approved
Health & Safety,Sick Leave,1,6,2,5,37,120,97.5,Approved
Health & Safety,Sick Leave,1,6,3,1,36,132,80.7,Rejected
Administration,Casual Leave,3,6,3,3,50,216,94.5,Approved
Administration,Casual Leave,1,6,4,1,31,12,87.2,Approved
Administration,Casual Leave,1,6,4,14,30,108,88.9,Approved
Administration,Casual Leave,1,6,0,0,48,144,99.1,Rejected
Administration,Casual Leave,1,6,0,0,33,96,82.0,Rejected
Administration,Casual Leave,1,6,3,4,50,216,90.6,Approved
Health & Safety,Sick Leave,1,6,3,15,30,108,89.9,Approved
Health & Safety,Sick Leave,1,6,3,2,40,144,92.1,Approved
Health & Safety,Sick Leave,1,6,0,16,30,108,96.3,Approved
Health & Safety,Sick Leave,1,6,0,6,37,120,88.1,Approved
Health & Safety,Sick Leave,1,6,3,2,31,12,87.1,Approved
Health & Safety,Sick Leave,1,6,4,7,37,120,92.1,Approved
Health & Safety,Sick Leave,1,6,2,8,37,120,86.7,Approved
Health & Safety,Sick Leave,1,6,2,3,31,12,89.0,Approved
Administration,Casual Leave,1,7,2,1,43,156,89.4,Approved
Administration,Casual Leave,1,7,4,4,31,12,87.6,Rejected
Health & Safety,Sick Leave,1,7,0,3,58,192,78.7,Approved
Health & Safety,Sick Leave,1,7,0,9,37,120,79.3,Approved
Health & Safety,Sick Leave,10,7,1,4,58,192,85.7,Approved
Health & Safety,Sick Leave,2,7,1,1,33,156,92.4,Approved
Health & Safety,Sick Leave,1,7,2,10,37,120,94.9,Approved
Health & Safety,Sick Leave,1,7,2,4,28,36,88.3,Rejected
Health & Safety,Sick Leave,1,7,2,12,28,108,97.7,Approved
Health & Safety,Sick Leave,10,7,0,2,31,144,73.3,Rejected
Health & Safety,Sick Leave,1,7,1,3,33,156,88.8,Approved
Health & Safety,Sick Leave,1,7,1,2,37,168,90.3,Approved
Administration,Casual Leave,1,7,1,0,33,156,82.8,Approved
Administration,Casual Leave,1,7,1,0,50,216,85.7,Rejected
Health & Safety,Sick Leave,1,7,2,0,38,216,84.8,Approved
Health & Safety,Sick Leave,1,7,3,0,39,168,90.2,Approved
Health & Safety,Sick Leave,1,7,3,1,33,156,87.1,Approved
Health & Safety,Sick Leave,1,7,4,1,38,216,90.3,Approved
Health & Safety,Sick Leave,1,7,4,0,28,36,92.8,Approved
Health & Safety,Sick Leave,1,7,4,0,36,132,79.9,Approved
Administration,Casual Leave,5,7,0,0,34,168,88.6,Approved
Health & Safety,Sick Leave,1,7,0,0,37,168,81.9,Approved
Health & Safety,Sick Leave,1,7,0,1,36,132,86.9,Approved
Health & Safety,Sick Leave,1,7,1,2,36,132,91.6,Approved
Health & Safety,Sick Leave,1,7,2,3,36,132,92.8,Approved
Health & Safety,Sick Leave,1,7,2,2,38,216,85.1,Approved
Health & Safety,Sick Leave,1,7,2,3,38,216,95.3,Approved
Health & Safety,Sick Leave,1,7,4,0,41,192,91.4,Approved
Operations,Annual Leave,1,7,0,4,38,216,92.1,Approved
Health & Safety,Sick Leave,1,7,3,0,33,156,100.0,Rejected
Health & Safety,Sick Leave,1,8,2,0,47,168,84.2,Approved
Health & Safety,Sick Leave,1,8,2,0,28,48,95.9,Approved
Health & Safety,Sick Leave,1,8,0,5,38,216,87.5,Approved
Health & Safety,Sick Leave,5,8,0,1,28,36,87.3,Rejected
Health & Safety,Sick Leave,1,8,4,4,36,132,96.0,Rejected
Operations,Annual Leave,1,8,0,2,33,156,81.8,Approved
Health & Safety,Sick Leave,1,8,0,1,28,36,83.3,Rejected
Health & Safety,Sick Leave,1,8,1,3,33,156,93.7,Approved
Health & Safety,Sick Leave,1,8,2,0,29,72,95.6,Approved
Operations,Annual Leave,1,8,2,4,33,156,81.4,Approved
Health & Safety,Sick Leave,1,8,4,6,38,216,86.9,Approved
Operations,Annual Leave,1,8,0,7,38,216,85.1,Approved
Operations,Annual Leave,1,8,3,0,48,144,79.3,Rejected
Health & Safety,Sick Leave,1,8,3,1,37,168,93.4,Approved
Operations,Annual Leave,1,8,0,0,48,144,92.9,Approved
Health & Safety,Sick Leave,1,8,0,8,38,216,86.2,Rejected
Health & Safety,Sick Leave,1,8,0,1,28,36,77.4,Approved
Operations,Annual Leave,1,8,1,5,33,156,84.9,Approved
Health & Safety,Sick Leave,1,8,3,0,32,144,86.1,Approved
Health & Safety,Sick Leave,1,8,4,1,48,144,77.1,Rejected
Health & Safety,Sick Leave,1,8,4,4,36,132,89.4,Rejected
Health & Safety,Sick Leave,1,9,1,0,27,84,82.8,Approved
Health & Safety,Sick Leave,1,9,0,0,37,120,90.3,Approved
Health & Safety,Sick Leave,1,9,1,8,38,216,79.5,Approved
Administration,Casual Leave,1,9,1,0,43,156,89.4,Approved
Health & Safety,Sick Leave,1,9,2,1,34,168,92.1,Approved
Health & Safety,Sick Leave,1,9,0,1,37,120,86.0,Approved
Health & Safety,Sick Leave,1,9,1,9,38,216,91.9,Approved
Health & Safety,Sick Leave,1,9,3,0,40,144,86.5,Rejected
Health & Safety,Sick Leave,1,9,4,4,36,132,90.2,Approved
Health & Safety,Sick Leave,4,9,0,0,40,144,85.8,Approved
Administration,Casual Leave,1,9,0,5,36,132,85.6,Rejected
Administration,Casual Leave,1,9,0,0,28,108,89.3,Rejected
Health & Safety,Sick Leave,1,9,1,0,28,108,92.2,Approved
Health & Safety,Sick Leave,1,9,1,2,37,120,84.5,Approved
Administration,Casual Leave,1,9,1,6,33,156,85.4,Rejected
Administration,Casual Leave,1,9,1,0,50,216,97.2,Rejected
Operations,Annual Leave,1,9,2,1,28,108,83.7,Approved
Health & Safety,Sick Leave,1,9,2,10,38,216,89.9,Approved
Administration,Casual Leave,1,9,2,0,31,144,82.7,Rejected
Health & Safety,Sick Leave,1,9,4,1,47,168,73.3,Approved
Health & Safety,Sick Leave,1,9,4,11,38,216,80.9,Approved
Health & Safety,Sick Leave,1,9,4,5,36,132,94.2,Approved
Health & Safety,Sick Leave,1,10,1,12,38,216,85.7,Rejected
Health & Safety,Sick Leave,1,10,1,3,37,120,87.6,Approved
Administration,Casual Leave,1,10,2,0,50,216,89.1,Rejected
Health & Safety,Sick Leave,1,10,3,0,30,108,85.3,Approved
Health & Safety,Sick Leave,1,10,4,12,38,216,98.0,Approved
Health & Safety,Sick Leave,1,10,4,2,28,108,83.5,Rejected
Health & Safety,Sick Leave,1,10,2,2,28,108,90.0,Approved
Health & Safety,Sick Leave,1,10,2,2,47,168,71.6,Approved
Health & Safety,Sick Leave,1,10,3,1,40,144,85.9,Approved
Health & Safety,Sick Leave,1,10,2,13,38,216,80.6,Rejected
Health & Safety,Sick Leave,1,10,2,3,28,108,76.2,Approved
Administration,Casual Leave,2,10,3,6,36,132,83.1,Approved
Health & Safety,Sick Leave,1,10,1,2,40,144,85.3,Approved
Health & Safety,Sick Leave,1,10,1,4,28,108,95.0,Approved
Administration,Casual Leave,1,10,2,6,33,156,91.2,Approved
Health & Safety,Sick Leave,1,10,4,2,28,36,85.2,Approved
Health & Safety,Sick Leave,1,10,4,7,36,132,89.4,Approved
Health & Safety,Sick Leave,1,11,3,13,38,216,96.0,Approved
Health & Safety,Sick Leave,1,11,2,5,28,108,84.1,Approved
Health & Safety,Sick Leave,1,11,3,14,38,216,87.6,Approved
Operations,Annual Leave,1,11,3,0,40,204,83.9,Approved
Health & Safety,Sick Leave,1,11,3,3,40,144,84.0,Rejected
Health & Safety,Sick Leave,4,11,0,2,34,168,100.0,Approved
Health & Safety,Sick Leave,1,11,0,0,33,156,95.4,Approved
Health & Safety,Sick Leave,5,11,0,3,40,144,91.1,Rejected
Health & Safety,Sick Leave,1,11,4,3,34,168,77.9,Rejected
Health & Safety,Sick Leave,1,11,2,6,28,108,93.4,Approved
Operations,Annual Leave,1,11,2,1,40,204,82.4,Approved
Health & Safety,Sick Leave,1,11,4,7,28,108,85.7,Rejected
Health & Safety,Sick Leave,1,11,4,8,36,132,88.5,Rejected
Health & Safety,Sick Leave,1,11,0,3,47,168,100.0,Approved
Health & Safety,Sick Leave,1,11,1,7,28,108,100.0,Approved
Health & Safety,Sick Leave,3,11,2,7,33,156,100.0,Approved
Health & Safety,Sick Leave,1,11,3,3,40,144,93.2,Rejected
Health & Safety,Sick Leave,1,12,1,4,47,168,81.1,Approved
Administration,Casual Leave,8,12,1,4,37,120,97.2,Approved
Health & Safety,Sick Leave,1,12,2,0,50,216,100.0,Approved
Administration,Casual Leave,1,12,2,2,37,168,84.8,Rejected
Health & Safety,Sick Leave,1,12,3,8,28,108,82.7,Approved
Administration,Casual Leave,1,12,4,8,36,132,92.5,Approved
Administration,Casual Leave,7,12,1,5,37,120,82.9,Approved
Health & Safety,Sick Leave,1,12,2,3,28,36,100.0,Approved
Health & Safety,Sick Leave,1,12,3,9,28,108,87.1,Approved
Health & Safety,Sick Leave,1,12,4,9,36,132,85.0,Approved
Health & Safety,Sick Leave,1,12,1,10,28,108,85.6,Approved
Administration,Casual Leave,1,12,4,6,37,120,92.2,Approved
Administration,Casual Leave,1,12,4,1,41,192,93.2,Approved
Health & Safety,Sick Leave,1,12,4,11,28,108,92.9,Approved
Health & Safety,Sick Leave,1,1,2,0,28,108,85.3,Approved
Administration,Casual Leave,1,1,0,0,37,120,89.7,Approved
Administration,Casual Leave,1,1,1,1,37,120,87.9,Approved
Operations,Annual Leave,1,1,1,0,34,168,84.3,Rejected
Administration,Casual Leave,1,1,2,1,28,108,79.3,Approved
Health & Safety,Sick Leave,1,1,3,0,27,84,81.3,Approved
Health & Safety,Sick Leave,1,1,3,2,28,108,93.5,Approved
Administration,Casual Leave,1,1,4,3,28,108,88.9,Approved
Administration,Casual Leave,1,1,0,2,37,120,80.2,Approved
Administration,Casual Leave,1,1,1,4,28,108,88.6,Approved
Administration,Casual Leave,1,1,1,3,37,120,90.2,Approved
Administration,Casual Leave,1,1,2,4,37,120,90.8,Approved
Administration,Casual Leave,1,1,3,5,37,120,92.7,Approved
Administration,Casual Leave,1,1,4,6,37,120,97.4,Rejected
Operations,Annual Leave,1,1,1,0,30,108,95.6,Approved
Operations,Annual Leave,1,1,1,0,33,156,92.9,Approved
Administration,Casual Leave,1,1,0,6,37,120,84.8,Approved
Health & Safety,Sick Leave,1,1,1,5,28,108,99.0,Approved
Health & Safety,Sick Leave,1,1,3,1,33,156,91.5,Approved
Health & Safety,Sick Leave,1,2,4,1,27,84,85.5,Approved
Health & Safety,Sick Leave,1,2,2,0,41,192,96.5,Approved
Health & Safety,Sick Leave,1,2,2,0,38,216,88.1,Rejected
Health & Safety,Sick Leave,1,2,3,0,34,168,96.6,Rejected
Health & Safety,Sick Leave,1,2,3,0,33,156,81.3,Rejected
Health & Safety,Sick Leave,1,2,4,0,36,132,88.7,Approved
Health & Safety,Sick Leave,1,2,4,2,33,156,91.1,Approved
Health & Safety,Sick Leave,1,2,0,0,50,108,92.5,Rejected
Health & Safety,Sick Leave,1,2,1,0,50,108,89.8,Rejected
Health & Safety,Sick Leave,1,2,0,6,28,108,94.3,Approved
Health & Safety,Sick Leave,1,2,1,7,28,108,86.8,Approved
Health & Safety,Sick Leave,1,2,1,1,30,108,94.5,Approved
Health & Safety,Sick Leave,1,2,1,2,27,84,88.2,Approved
Health & Safety,Sick Leave,1,2,3,8,28,108,91.6,Approved
Operations,Annual Leave,1,2,0,0,28,48,77.8,Approved
Health & Safety,Sick Leave,1,2,1,1,28,48,86.6,Approved
Health & Safety,Sick Leave,1,2,2,9,28,108,76.8,Approved
Administration,Casual Leave,1,2,3,0,33,156,74.7,Rejected
Health & Safety,Sick Leave,1,3,1,0,32,144,97.9,Approved
Administration,Casual Leave,1,3,1,1,36,132,87.7,Approved
Administration,Casual Leave,1,3,1,0,29,72,83.1,Approved
Operations,Annual Leave,1,3,1,0,40,204,93.8,Approved
Health & Safety,Sick Leave,1,3,2,0,40,144,81.3,Approved
Health & Safety,Sick Leave,1,3,2,2,36,132,89.0,Approved
Health & Safety,Sick Leave,1,3,3,2,30,108,90.7,Rejected
Health & Safety,Sick Leave,1,3,4,0,47,168,100.0,Rejected
Health & Safety,Sick Leave,5,3,4,3,36,132,90.2,Approved
Health & Safety,Sick Leave,5,3,0,1,40,204,89.7,Approved
Health & Safety,Sick Leave,2,3,0,0,34,168,86.5,Rejected
Administration,Casual Leave,2,3,0,4,36,132,85.9,Rejected
Health & Safety,Sick Leave,1,3,1,0,34,168,100.0,Approved
Health & Safety,Sick Leave,1,3,3,3,33,156,83.3,Approved
Health & Safety,Sick Leave,1,3,3,2,40,204,87.5,Approved
Health & Safety,Sick Leave,1,3,4,4,36,132,90.1,Rejected
Health & Safety,Sick Leave,1,3,4,10,28,108,88.4,Approved
Health & Safety,Sick Leave,1,3,0,0,39,168,86.8,Approved
Health & Safety,Sick Leave,3,3,1,0,38,216,79.7,Rejected
Health & Safety,Sick Leave,1,3,2,11,28,108,82.8,Approved
Health & Safety,Sick Leave,1,3,0,12,28,108,90.9,Approved
Health & Safety,Sick Leave,1,3,0,2,30,108,92.0,Approved
Health & Safety,Sick Leave,1,3,1,13,28,108,92.5,Rejected
Health & Safety,Sick Leave,2,3,2,13,28,108,79.4,Approved
Health & Safety,Sick Leave,1,3,2,0,38,216,87.6,Rejected
Health & Safety,Sick Leave,2,3,3,1,39,168,92.8,Approved
Health & Safety,Sick Leave,1,3,4,14,28,108,88.7,Rejected
Health & Safety,Sick Leave,1,3,4,0,47,168,85.9,Rejected
Health & Safety,Sick Leave,1,3,0,14,28,108,75.6,Approved
Health & Safety,Sick Leave,1,4,2,1,40,144,74.0,Approved
Health & Safety,Sick Leave,1,4,2,15,28,108,87.5,Approved
Health & Safety,Sick Leave,1,4,1,1,34,168,84.2,Approved
Health & Safety,Sick Leave,3,4,2,1,41,192,86.5,Approved
Health & Safety,Sick Leave,1,4,3,2,34,168,88.3,Approved
Health & Safety,Sick Leave,1,4,4,16,28,108,80.7,Rejected
Health & Safety,Sick Leave,1,4,4,4,36,132,87.3,Approved
Health & Safety,Sick Leave,3,4,2,0,38,216,94.3,Approved
Health & Safety,Sick Leave,1,4,3,0,50,216,98.4,Approved
Health & Safety,Sick Leave,1,4,4,2,40,144,85.5,Approved
Health & Safety,Sick Leave,1,4,4,2,41,192,86.6,Approved
Health & Safety,Sick Leave,1,4,4,3,40,144,89.6,Approved
Health & Safety,Sick Leave,1,4,4,0,47,168,81.7,Approved
Administration,Casual Leave,7,4,4,5,36,132,91.8,Rejected
Administration,Casual Leave,1,4,1,4,33,156,93.9,Rejected
Health & Safety,Sick Leave,3,4,2,3,34,168,86.0,Rejected
Administration,Casual Leave,1,4,2,0,36,132,86.8,Approved
Health & Safety,Sick Leave,2,4,3,4,33,156,88.9,Approved
Health & Safety,Sick Leave,1,4,4,0,37,168,82.7,Approved
Administration,Casual Leave,1,4,0,0,48,144,86.0,Rejected
Health & Safety,Sick Leave,1,5,2,5,33,156,85.0,Approved
Health & Safety,Sick Leave,1,5,3,3,34,168,99.3,Rejected
Health & Safety,Sick Leave,1,5,0,3,34,168,100.0,Approved
Operations,Annual Leave,1,5,1,1,38,216,92.1,Approved
Administration,Casual Leave,1,5,1,16,28,108,84.1,Rejected
Health & Safety,Sick Leave,1,5,2,3,27,84,85.4,Approved
Health & Safety,Sick Leave,1,5,0,4,34,168,87.7,Approved
Health & Safety,Sick Leave,1,5,1,2,38,216,91.6,Approved
Health & Safety,Sick Leave,3,5,2,6,33,156,91.3,Rejected
Administration,Casual Leave,1,5,2,2,39,168,83.8,Rejected
Administration,Casual Leave,1,5,2,2,28,48,88.4,Rejected
Administration,Casual Leave,1,5,2,1,36,132,77.3,Rejected
Administration,Casual Leave,1,5,2,0,50,108,79.4,Rejected
Health & Safety,Sick Leave,1,5,1,3,38,216,88.3,Rejected
Health & Safety,Sick Leave,3,5,2,1,50,216,84.7,Approved
Health & Safety,Sick Leave,1,5,4,0,28,36,95.6,Approved
Administration,Casual Leave,1,6,0,3,41,192,83.6,Approved
Health & Safety,Sick Leave,1,6,0,1,28,36,87.3,Rejected
Health & Safety,Sick Leave,3,6,1,4,41,192,94.2,Approved
Health & Safety,Sick Leave,1,6,3,4,40,144,88.0,Approved
Health & Safety,Sick Leave,1,6,4,5,41,192,78.5,Approved
Health & Safety,Sick Leave,1,6,0,3,38,216,95.1,Approved
Health & Safety,Sick Leave,1,6,0,5,34,168,85.3,Rejected
Health & Safety,Sick Leave,1,6,0,6,41,192,80.2,Approved
Health & Safety,Sick Leave,1,6,2,2,50,216,87.7,Approved
Health & Safety,Sick Leave,2,6,4,1,37,168,89.5,Approved
Health & Safety,Sick Leave,1,6,1,3,50,216,92.7,Approved
Health & Safety,Sick Leave,10,6,2,4,50,216,86.8,Rejected
Health & Safety,Sick Leave,1,6,3,1,36,132,89.9,Approved
Health & Safety,Sick Leave,1,6,4,4,38,216,94.1,Approved
Health & Safety,Sick Leave,1,6,0,0,49,348,82.6,Rejected
Health & Safety,Sick Leave,1,6,3,16,28,108,86.6,Approved
Administration,Casual Leave,2,7,1,5,34,168,95.4,Approved
Health & Safety,Sick Leave,1,7,2,4,50,216,93.4,Approved
Health & Safety,Sick Leave,1,7,4,7,37,120,100.0,Rejected
Administration,Casual Leave,1,7,4,7,37,120,80.5,Approved
Administration,Casual Leave,1,7,1,2,28,48,87.0,Approved
Operations,Annual Leave,1,7,3,3,30,108,85.4,Approved
Health & Safety,Sick Leave,1,7,4,6,34,168,100.0,Approved
Health & Safety,Sick Leave,1,7,0,3,28,48,84.0,Approved
Health & Safety,Sick Leave,1,7,1,4,28,48,91.5,Rejected
Health & Safety,Sick Leave,1,7,0,1,29,72,82.5,Approved
Health & Safety,Sick Leave,1,7,1,1,28,36,98.6,Rejected
Administration,Casual Leave,1,7,2,6,33,156,89.1,Approved
Administration,Casual Leave,1,7,3,5,38,216,86.2,Rejected
Administration,Casual Leave,4,7,0,7,33,156,89.5,Approved
Administration,Casual Leave,1,7,3,8,33,156,97.5,Approved
Administration,Casual Leave,1,7,3,5,36,132,90.0,Rejected
Administration,Casual Leave,1,8,4,9,33,156,94.0,Approved
Administration,Casual Leave,1,8,4,2,29,72,90.0,Approved
Health & Safety,Sick Leave,1,8,0,10,33,156,76.6,Approved
Operations,Annual Leave,1,8,1,0,58,192,87.1,Approved
Health & Safety,Sick Leave,1,8,3,0,43,156,89.5,Approved
Health & Safety,Sick Leave,1,8,3,1,43,156,93.4,Approved
Health & Safety,Sick Leave,1,8,4,5,36,132,88.8,Approved
Health & Safety,Sick Leave,1,8,1,11,33,156,90.4,Approved
Health & Safety,Sick Leave,1,8,2,1,47,168,89.6,Approved
Health & Safety,Sick Leave,1,8,3,0,33,96,81.7,Approved
Health & Safety,Sick Leave,1,8,3,4,30,108,85.9,Approved
Health & Safety,Sick Leave,1,8,3,5,50,216,85.5,Approved
Health & Safety,Sick Leave,1,8,0,2,47,168,98.0,Approved
Health & Safety,Sick Leave,1,8,1,2,37,168,83.3,Approved
Health & Safety,Sick Leave,1,8,3,6,50,216,89.9,Approved
Administration,Casual Leave,1,8,3,3,37,168,99.2,Approved
Health & Safety,Sick Leave,1,8,1,1,28,36,84.3,Approved
Health & Safety,Sick Leave,1,8,2,4,27,84,84.9,Approved
Health & Safety,Sick Leave,1,9,0,5,38,216,95.5,Approved
Health & Safety,Sick Leave,1,9,4,6,38,216,94.2,Approved
Administration,Casual Leave,3,9,2,12,33,156,94.6,Approved
Administration,Casual Leave,1,9,3,1,43,156,93.3,Rejected
Health & Safety,Sick Leave,2,9,0,7,41,192,86.5,Approved
Health & Safety,Sick Leave,1,9,1,5,40,144,91.1,Rejected
Administration,Casual Leave,1,9,1,0,39,168,86.9,Rejected
Administration,Casual Leave,1,9,1,1,32,144,88.0,Rejected
Health & Safety,Sick Leave,1,9,2,7,38,216,76.6,Rejected
Health & Safety,Sick Leave,4,9,2,8,41,192,92.1,Rejected
Health & Safety,Sick Leave,1,9,3,7,38,216,97.1,Approved
Health & Safety,Sick Leave,1,9,4,5,40,144,87.6,Approved
Health & Safety,Sick Leave,1,9,4,6,36,132,97.3,Approved
Administration,Casual Leave,1,9,2,1,43,156,88.6,Approved
Health & Safety,Sick Leave,1,9,3,7,50,216,89.6,Rejected
Administration,Casual Leave,1,9,3,2,43,156,84.5,Rejected
Health & Safety,Sick Leave,1,9,4,6,40,144,92.6,Approved
Health & Safety,Sick Leave,5,9,0,7,40,144,91.5,Approved
Health & Safety,Sick Leave,1,9,0,8,38,216,94.4,Approved
Operations,Annual Leave,1,10,0,13,33,156,84.9,Approved
Administration,Casual Leave,1,10,0,4,37,168,92.0,Approved
Administration,Casual Leave,1,10,0,14,33,156,80.1,Approved
Health & Safety,Sick Leave,1,10,4,15,33,156,99.6,Approved
Administration,Casual Leave,1,10,4,7,50,216,97.4,Rejected
Administration,Casual Leave,1,10,4,3,47,168,100.0,Rejected
Health & Safety,Sick Leave,1,10,0,5,30,108,84.5,Approved
Health & Safety,Sick Leave,1,10,0,8,37,120,88.7,Approved
Health & Safety,Sick Leave,1,10,0,0,31,144,86.5,Approved
Health & Safety,Sick Leave,1,10,2,9,38,216,86.4,Approved
Health & Safety,Sick Leave,8,10,2,6,30,108,85.4,Approved
Administration,Casual Leave,1,10,2,2,43,156,98.4,Rejected
Administration,Casual Leave,2,10,3,16,33,156,90.1,Rejected
Health & Safety,Sick Leave,1,10,4,7,36,132,87.5,Approved
Administration,Casual Leave,1,10,4,2,43,156,88.5,Rejected
Health & Safety,Sick Leave,1,10,0,2,43,156,90.6,Approved
Health & Safety,Sick Leave,1,10,1,7,50,216,86.2,Rejected
Health & Safety,Sick Leave,1,10,1,8,40,144,88.9,Approved
Health & Safety,Sick Leave,2,10,3,7,30,108,85.7,Approved
Health & Safety,Sick Leave,1,10,3,7,50,216,86.6,Approved
Health & Safety,Sick Leave,1,10,0,2,28,36,97.3,Approved
Administration,Casual Leave,1,10,1,8,36,132,91.5,Rejected
Administration,Casual Leave,1,10,1,9,40,144,85.4,Rejected
Administration,Casual Leave,1,10,1,3,29,72,80.8,Rejected
Health & Safety,Sick Leave,1,10,2,8,30,108,81.7,Rejected
Health & Safety,Sick Leave,1,10,2,8,30,108,89.3,Approved
Health & Safety,Sick Leave,1,10,3,8,50,216,81.4,Approved
Health & Safety,Sick Leave,1,11,0,9,37,120,83.9,Rejected
Health & Safety,Sick Leave,1,11,0,3,47,168,77.8,Approved
Health & Safety,Sick Leave,1,11,1,10,38,216,94.0,Rejected
Health & Safety,Sick Leave,1,11,4,8,36,132,89.9,Approved
Health & Safety,Sick Leave,1,11,0,9,40,144,88.6,Approved
Health & Safety,Sick Leave,1,11,0,2,36,132,83.7,Approved
Health & Safety,Sick Leave,10,11,0,7,34,168,88.5,Approved
Administration,Casual Leave,1,11,0,3,43,156,89.0,Approved
Administration,Casual Leave,1,11,1,4,28,48,93.9,Rejected
Operations,Annual Leave,1,11,2,5,37,168,77.8,Approved
Health & Safety,Sick Leave,1,11,2,9,37,120,90.0,Rejected
Health & Safety,Sick Leave,1,11,3,6,37,168,79.0,Approved
Health & Safety,Sick Leave,1,11,3,10,38,216,85.2,Approved
Health & Safety,Sick Leave,1,11,4,8,41,192,87.6,Rejected
Health & Safety,Sick Leave,1,11,4,10,40,144,82.3,Rejected
Health & Safety,Sick Leave,1,11,0,8,41,192,89.6,Approved
Health & Safety,Sick Leave,1,11,1,11,38,216,83.0,Rejected
Health & Safety,Sick Leave,1,11,2,9,36,132,88.2,Approved
Operations,Annual Leave,1,11,4,10,36,132,83.4,Approved
Administration,Casual Leave,1,11,4,3,36,132,77.5,Rejected
Administration,Casual Leave,1,11,1,2,39,168,82.6,Rejected
Health & Safety,Sick Leave,1,11,3,11,38,216,88.4,Approved
Health & Safety,Sick Leave,1,12,0,17,28,108,83.4,Rejected
Health & Safety,Sick Leave,1,12,0,12,38,216,81.2,Rejected
Health & Safety,Sick Leave,1,12,0,12,38,216,93.7,Rejected
Health & Safety,Sick Leave,1,12,0,7,37,168,85.4,Approved
Health & Safety,Sick Leave,1,12,1,9,50,216,97.9,Approved
Health & Safety,Sick Leave,1,12,4,11,36,132,88.6,Approved
Health & Safety,Sick Leave,1,12,3,9,41,192,85.6,Approved
Health & Safety,Sick Leave,1,12,3,12,38,216,81.4,Rejected
Health & Safety,Sick Leave,1,12,4,12,38,216,94.9,Approved
Health & Safety,Sick Leave,1,12,1,9,30,108,81.3,Approved
Health & Safety,Sick Leave,1,12,1,9,37,120,91.3,Rejected
Health & Safety,Sick Leave,1,12,3,8,37,168,88.6,Approved
Health & Safety,Sick Leave,1,12,1,4,43,156,89.3,Approved
Health & Safety,Sick Leave,1,12,1,9,37,168,86.0,Rejected
Administration,Casual Leave,1,12,2,12,36,132,85.4,Approved
Health & Safety,Sick Leave,1,12,0,3,29,72,85.1,Approved
Health & Safety,Sick Leave,1,12,0,13,38,216,90.8,Approved
Administration,Casual Leave,1,12,0,16,33,156,92.0,Rejected
Health & Safety,Sick Leave,1,1,2,0,28,108,83.5,Rejected
Administration,Casual Leave,4,1,0,0,37,120,79.9,Approved
Health & Safety,Sick Leave,1,1,0,0,34,168,89.5,Approved
Health & Safety,Sick Leave,1,1,1,0,37,168,94.4,Approved
Health & Safety,Sick Leave,1,1,1,1,34,168,77.2,Rejected
Administration,Casual Leave,1,1,0,0,33,156,82.0,Approved
Health & Safety,Sick Leave,1,1,2,0,40,144,89.5,Approved
Administration,Casual Leave,1,1,0,0,43,156,95.5,Approved
Administration,Casual Leave,1,1,0,0,50,216,89.6,Approved
Health & Safety,Sick Leave,1,1,2,0,38,216,87.3,Approved
Health & Safety,Sick Leave,1,1,4,1,38,216,88.0,Approved
Health & Safety,Sick Leave,1,2,1,1,37,120,86.3,Approved
Administration,Casual Leave,1,2,2,2,38,216,84.0,Approved
Health & Safety,Sick Leave,1,2,2,0,28,108,78.5,Rejected
Health & Safety,Sick Leave,1,2,4,1,33,156,83.4,Approved
Health & Safety,Sick Leave,1,2,4,0,36,132,87.9,Approved
Health & Safety,Sick Leave,1,2,4,3,38,216,86.5,Approved
Administration,Casual Leave,1,2,0,4,38,216,90.6,Rejected
Health & Safety,Sick Leave,1,2,3,4,38,216,84.8,Approved
Administration,Casual Leave,1,2,3,0,41,192,93.8,Approved
Administration,Casual Leave,1,2,4,5,38,216,87.1,Approved
Health & Safety,Sick Leave,1,2,0,0,33,156,88.5,Approved
Administration,Casual Leave,1,2,0,6,38,216,86.2,Rejected
Health & Safety,Sick Leave,1,2,1,1,41,192,87.9,Approved
Health & Safety,Sick Leave,1,2,1,1,40,144,91.8,Approved
Health & Safety,Sick Leave,2,2,2,0,29,72,76.7,Rejected
Health & Safety,Sick Leave,3,2,4,2,41,192,88.6,Approved
Operations,Annual Leave,1,3,1,2,37,120,98.6,Approved
Administration,Casual Leave,2,3,2,3,41,192,80.8,Approved
Health & Safety,Sick Leave,1,3,4,4,41,192,89.1,Approved
Health & Safety,Sick Leave,1,3,4,1,36,132,89.3,Approved
Health & Safety,Sick Leave,1,3,0,6,38,216,96.9,Approved
Health & Safety,Sick Leave,1,3,0,1,37,168,90.7,Approved
Health & Safety,Sick Leave,1,3,1,3,40,204,92.1,Rejected
Health & Safety,Sick Leave,1,3,1,0,36,132,83.0,Approved
Health & Safety,Sick Leave,2,3,0,7,38,216,94.2,Approved
Health & Safety,Sick Leave,1,3,2,0,28,36,85.6,Approved
Administration,Casual Leave,1,3,2,0,31,144,84.2,Rejected
Operations,Annual Leave,1,3,3,2,37,168,85.7,Approved
Health & Safety,Sick Leave,1,3,4,1,50,216,100.0,Approved
Health & Safety,Sick Leave,1,3,1,2,50,216,82.4,Approved
Health & Safety,Sick Leave,1,3,2,3,50,216,100.0,Rejected
Administration,Casual Leave,1,3,3,3,37,168,79.2,Rejected
Administration,Casual Leave,1,3,3,5,41,192,87.6,Rejected
Administration,Casual Leave,1,3,3,3,50,216,83.8,Rejected
Health & Safety,Sick Leave,1,3,4,8,38,216,84.4,Rejected
Health & Safety,Sick Leave,1,3,4,2,33,156,90.5,Rejected
Administration,Casual Leave,1,3,0,2,36,132,83.9,Approved
Health & Safety,Sick Leave,1,3,1,5,41,192,95.3,Approved
Health & Safety,Sick Leave,1,4,2,8,38,216,90.3,Approved
Health & Safety,Sick Leave,1,4,4,3,36,132,97.2,Rejected
Administration,Casual Leave,1,4,4,0,28,48,94.6,Approved
Health & Safety,Sick Leave,1,4,0,0,31,144,95.1,Approved
Administration,Casual Leave,1,4,0,0,47,168,93.5,Approved
Health & Safety,Sick Leave,1,4,2,1,28,48,89.5,Rejected
Health & Safety,Sick Leave,1,4,2,9,38,216,91.6,Rejected
Health & Safety,Sick Leave,1,4,0,3,50,216,89.8,Approved
Health & Safety,Sick Leave,10,4,2,4,50,216,80.8,Approved
Health & Safety,Sick Leave,1,4,4,0,43,156,93.3,Approved
Health & Safety,Sick Leave,1,4,4,3,36,132,94.6,Approved
Health & Safety,Sick Leave,1,4,0,9,38,216,81.6,Rejected
Health & Safety,Sick Leave,1,4,2,3,37,120,95.6,Approved
Health & Safety,Sick Leave,2,5,0,1,43,156,91.1,Approved
Health & Safety,Sick Leave,1,5,2,1,47,168,99.5,Approved
Health & Safety,Sick Leave,1,5,0,1,31,144,90.9,Approved
Health & Safety,Sick Leave,1,5,2,0,30,108,88.2,Approved
Health & Safety,Sick Leave,1,5,2,9,38,216,85.7,Approved
Health & Safety,Sick Leave,1,5,3,1,28,36,85.0,Approved
Health & Safety,Sick Leave,1,5,4,4,36,132,89.2,Rejected
Health & Safety,Sick Leave,1,5,0,3,40,204,84.9,Approved
Health & Safety,Sick Leave,1,5,0,4,40,204,94.5,Approved
Operations,Annual Leave,1,5,2,0,58,192,87.5,Approved
Health & Safety,Sick Leave,1,5,2,0,28,108,87.9,Rejected
Health & Safety,Sick Leave,1,5,4,1,28,48,88.0,Approved
Health & Safety,Sick Leave,1,5,0,1,30,108,86.9,Approved
Health & Safety,Sick Leave,1,5,0,4,37,120,77.7,Approved
Health & Safety,Sick Leave,1,5,0,3,37,168,78.6,Approved
Health & Safety,Sick Leave,1,6,0,5,37,120,87.5,Approved
Health & Safety,Sick Leave,1,6,0,10,38,216,94.2,Approved
Health & Safety,Sick Leave,1,6,1,6,37,120,85.9,Approved
Health & Safety,Sick Leave,1,6,3,0,28,108,83.0,Approved
Health & Safety,Sick Leave,1,6,4,4,36,132,93.8,Approved
Administration,Casual Leave,1,6,4,11,38,216,85.7,Rejected
Health & Safety,Sick Leave,5,6,0,2,40,144,89.3,Approved
Health & Safety,Sick Leave,3,6,0,11,38,216,89.1,Approved
Health & Safety,Sick Leave,1,6,1,6,41,192,82.3,Approved
Health & Safety,Sick Leave,1,6,0,12,38,216,87.4,Rejected
Administration,Casual Leave,1,6,1,2,43,156,86.5,Approved
Health & Safety,Sick Leave,1,6,0,12,38,216,86.7,Approved
Health & Safety,Sick Leave,1,6,2,1,28,108,88.8,Approved
Health & Safety,Sick Leave,1,6,2,5,50,216,86.6,Approved
Health & Safety,Sick Leave,1,6,2,13,38,216,90.3,Approved
Operations,Annual Leave,1,6,2,2,30,108,88.2,Approved
Health & Safety,Sick Leave,1,6,4,7,41,192,93.0,Approved
Health & Safety,Sick Leave,1,6,1,2,28,48,96.4,Approved
Health & Safety,Sick Leave,1,6,1,4,37,168,83.8,Rejected
Health & Safety,Sick Leave,1,7,3,3,30,108,88.6,Approved
Health & Safety,Sick Leave,1,7,3,2,28,108,86.9,Approved
Health & Safety,Sick Leave,1,7,4,5,36,132,83.1,Approved
Health & Safety,Sick Leave,1,7,0,0,33,96,82.5,Approved
Health & Safety,Sick Leave,1,7,4,3,28,48,86.4,Approved
Administration,Casual Leave,1,7,4,7,37,120,82.7,Approved
Administration,Casual Leave,1,7,0,6,36,132,80.4,Rejected
Health & Safety,Sick Leave,1,7,1,8,37,120,99.5,Approved
Operations,Annual Leave,1,7,0,1,43,156,88.6,Approved
Health & Safety,Sick Leave,1,7,0,0,48,144,82.0,Approved
Health & Safety,Sick Leave,1,7,1,8,41,192,86.8,Approved
Health & Safety,Sick Leave,10,7,1,3,28,108,76.1,Rejected
Health & Safety,Sick Leave,1,7,1,14,38,216,94.8,Approved
Health & Safety,Sick Leave,1,7,4,6,50,216,86.7,Approved
Health & Safety,Sick Leave,1,7,4,2,28,36,89.1,Approved
Health & Safety,Sick Leave,1,7,0,2,33,156,90.9,Approved
Administration,Casual Leave,1,7,0,3,43,156,100.0,Approved
Health & Safety,Sick Leave,1,7,3,3,40,144,82.5,Approved
Health & Safety,Sick Leave,1,7,3,0,39,168,91.9,Approved
Health & Safety,Sick Leave,1,8,3,15,38,216,90.4,Approved
Health & Safety,Sick Leave,1,8,0,5,40,204,87.2,Approved
Health & Safety,Sick Leave,1,8,1,9,41,192,90.4,Rejected
Health & Safety,Sick Leave,1,8,1,9,37,120,92.3,Approved
Administration,Casual Leave,1,8,1,3,33,156,86.7,Approved
Administration,Casual Leave,1,8,1,4,43,156,80.8,Approved
Health & Safety,Sick Leave,1,8,3,4,40,144,93.3,Approved
Health & Safety,Sick Leave,1,8,0,16,38,216,88.1,Approved
Health & Safety,Sick Leave,1,8,1,6,40,204,89.4,Approved
Health & Safety,Sick Leave,2,8,3,4,28,48,83.6,Approved
Health & Safety,Sick Leave,1,8,1,4,37,168,92.0,Approved
Health & Safety,Sick Leave,1,8,1,9,41,192,82.6,Approved
Health & Safety,Sick Leave,1,8,1,10,37,120,85.0,Approved
Health & Safety,Sick Leave,1,8,3,5,40,144,95.1,Approved
Health & Safety,Sick Leave,1,8,0,6,36,132,95.3,Approved
Health & Safety,Sick Leave,1,9,1,10,41,192,100.0,Approved
Health & Safety,Sick Leave,1,9,1,11,37,120,85.6,Approved
Health & Safety,Sick Leave,1,9,1,1,34,168,83.9,Approved
Health & Safety,Sick Leave,1,9,3,6,40,144,86.4,Approved
Health & Safety,Sick Leave,1,9,4,4,30,108,92.5,Approved
Health & Safety,Sick Leave,1,9,4,2,47,168,92.5,Approved
Health & Safety,Sick Leave,1,9,0,17,38,216,94.8,Rejected
Health & Safety,Sick Leave,1,9,2,3,28,108,88.9,Approved
Health & Safety,Sick Leave,1,9,0,5,30,108,86.3,Approved
Health & Safety,Sick Leave,1,9,1,2,31,144,90.3,Approved
Health & Safety,Sick Leave,1,9,1,3,28,36,76.0,Rejected
Health & Safety,Sick Leave,1,10,3,0,49,348,89.2,Approved
Health & Safety,Sick Leave,1,10,3,0,32,96,84.3,Approved
Administration,Casual Leave,1,10,4,11,41,192,94.6,Approved
Health & Safety,Sick Leave,1,10,2,1,49,348,83.6,Rejected
Health & Safety,Sick Leave,1,10,2,7,40,144,100.0,Approved
Health & Safety,Sick Leave,1,10,1,12,37,120,82.8,Rejected
Health & Safety,Sick Leave,1,10,3,1,49,348,91.0,Approved
Health & Safety,Sick Leave,1,10,4,8,40,144,82.2,Approved
Health & Safety,Sick Leave,1,10,1,4,28,108,92.3,Approved
Health & Safety,Sick Leave,1,10,1,3,31,144,85.0,Approved
Health & Safety,Sick Leave,1,10,1,4,31,144,92.9,Approved
Health & Safety,Sick Leave,1,10,1,5,28,108,73.7,Approved
Administration,Casual Leave,1,10,1,5,31,144,81.7,Approved
Health & Safety,Sick Leave,1,10,2,17,38,216,87.1,Approved
Health & Safety,Sick Leave,1,10,2,1,58,192,82.9,Approved
Health & Safety,Sick Leave,1,10,2,9,40,144,89.9,Approved
Health & Safety,Sick Leave,1,10,3,6,31,144,87.6,Approved
Health & Safety,Sick Leave,1,10,3,6,28,108,79.8,Rejected
Health & Safety,Sick Leave,1,10,4,7,31,144,95.2,Approved
Health & Safety,Sick Leave,1,10,4,6,28,108,89.5,Approved
Health & Safety,Sick Leave,1,10,0,1,33,156,85.4,Rejected
Health & Safety,Sick Leave,1,10,0,1,32,96,98.2,Approved
Health & Safety,Sick Leave,1,10,0,3,47,168,93.9,Approved
Administration,Casual Leave,1,10,0,7,28,108,82.1,Rejected
Health & Safety,Sick Leave,1,10,1,7,28,108,80.4,Approved
Operations,Annual Leave,1,11,1,18,38,216,91.6,Approved
Health & Safety,Sick Leave,1,11,2,12,37,120,91.2,Approved
Health & Safety,Sick Leave,3,11,2,5,28,48,87.0,Approved
Health & Safety,Sick Leave,1,11,4,19,38,216,89.1,Rejected
Health & Safety,Sick Leave,1,11,1,13,37,120,85.5,Approved
Operations,Annual Leave,1,11,2,4,33,156,83.8,Approved
Health & Safety,Sick Leave,1,11,4,2,32,96,91.6,Approved
Health & Safety,Sick Leave,1,11,4,8,28,108,94.7,Approved
Health & Safety,Sick Leave,1,11,1,3,28,36,96.1,Approved
Health & Safety,Sick Leave,1,11,2,10,40,144,90.8,Rejected
Health & Safety,Sick Leave,1,11,3,14,37,120,96.7,Approved
Health & Safety,Sick Leave,1,11,3,9,28,108,87.8,Approved
Health & Safety,Sick Leave,1,11,0,19,38,216,88.9,Approved
Health & Safety,Sick Leave,1,11,0,15,37,120,87.7,Approved
Health & Safety,Sick Leave,1,11,1,16,37,120,85.3,Rejected
Health & Safety,Sick Leave,1,11,1,10,28,108,79.3,Approved
Administration,Casual Leave,1,11,1,10,40,144,90.1,Rejected
Administration,Casual Leave,1,11,2,5,33,156,92.8,Rejected
Health & Safety,Sick Leave,1,11,3,4,47,168,84.4,Approved
Administration,Casual Leave,1,11,3,5,43,156,92.4,Rejected
Health & Safety,Sick Leave,1,11,4,11,28,108,96.4,Approved
Administration,Casual Leave,1,11,4,8,31,144,94.4,Approved
Health & Safety,Sick Leave,1,11,0,4,28,36,76.9,Approved
Health & Safety,Sick Leave,4,12,1,20,38,216,94.1,Approved
Health & Safety,Sick Leave,1,12,2,10,40,144,90.9,Rejected
Health & Safety,Sick Leave,1,12,2,12,28,108,83.5,Approved
Health & Safety,Sick Leave,1,12,4,6,30,108,73.0,Approved
Health & Safety,Sick Leave,1,12,4,13,28,108,86.9,Approved
Health & Safety,Sick Leave,1,12,3,5,28,36,94.6,Approved
Operations,Annual Leave,1,12,4,7,40,204,87.3,Approved
Administration,Casual Leave,1,12,4,5,43,156,85.0,Approved
Operations,Annual Leave,1,12,0,0,31,12,94.2,Rejected
Health & Safety,Sick Leave,2,12,1,7,30,108,94.9,Rejected
Health & Safety,Sick Leave,1,12,1,14,28,108,94.9,Approved
Health & Safety,Sick Leave,1,12,3,15,28,108,90.5,Approved
Health & Safety,Sick Leave,1,12,0,16,28,108,87.9,Approved
Operations,Annual Leave,10,12,1,2,34,168,81.1,Rejected
Health & Safety,Sick Leave,3,1,0,0,30,108,82.1,Approved
Health & Safety,Sick Leave,2,1,3,1,30,108,92.3,Rejected
Health & Safety,Sick Leave,1,1,3,0,40,204,85.8,Approved
Health & Safety,Sick Leave,1,1,4,1,40,204,98.6,Approved
Health & Safety,Sick Leave,1,1,0,1,30,108,91.4,Rejected
Health & Safety,Sick Leave,1,1,2,2,40,204,85.5,Approved
Health & Safety,Sick Leave,1,1,3,0,49,348,77.7,Approved
Operations,Annual Leave,1,1,4,3,40,204,95.5,Approved
Administration,Casual Leave,1,1,0,1,30,108,96.8,Approved
Operations,Annual Leave,1,1,1,0,34,168,86.7,Rejected
Administration,Casual Leave,1,1,2,2,30,108,81.3,Approved
Administration,Casual Leave,1,1,2,0,38,216,92.7,Approved
Health & Safety,Sick Leave,1,1,2,0,33,156,92.6,Approved
Administration,Casual Leave,1,1,3,1,38,216,87.4,Rejected
Administration,Casual Leave,1,1,4,1,38,216,89.9,Approved
Health & Safety,Sick Leave,1,2,1,2,38,216,96.2,Approved
Health & Safety,Sick Leave,1,2,1,0,28,108,86.0,Approved
Health & Safety,Sick Leave,1,2,2,0,47,168,82.7,Approved
Administration,Casual Leave,1,2,2,3,38,216,81.8,Rejected
Health & Safety,Sick Leave,1,2,3,1,28,108,88.1,Approved
Administration,Casual Leave,1,2,3,3,38,216,76.4,Approved
Administration,Casual Leave,1,2,3,3,30,108,96.2,Approved
Health & Safety,Sick Leave,1,2,4,0,41,180,84.2,Approved
Administration,Casual Leave,1,2,4,4,38,216,85.6,Approved
Administration,Casual Leave,1,2,0,0,31,12,87.4,Rejected
Administration,Casual Leave,1,2,0,5,38,216,96.8,Approved
Health & Safety,Sick Leave,1,2,1,2,28,108,94.9,Approved
Administration,Casual Leave,1,2,2,6,38,216,85.3,Rejected
Administration,Casual Leave,1,2,3,6,38,216,86.5,Approved
Health & Safety,Sick Leave,1,2,3,3,28,108,100.0,Rejected
Health & Safety,Sick Leave,1,2,3,4,30,108,80.2,Rejected
Health & Safety,Sick Leave,1,2,4,4,40,204,97.8,Approved
Administration,Casual Leave,1,2,4,7,38,216,90.1,Approved
Health & Safety,Sick Leave,1,2,2,0,31,12,90.3,Approved
Administration,Casual Leave,1,2,2,4,30,108,88.3,Approved
Health & Safety,Sick Leave,1,2,3,8,38,216,96.1,Approved
Health & Safety,Sick Leave,1,2,0,0,34,168,84.5,Approved
Health & Safety,Sick Leave,1,2,0,0,32,96,88.5,Rejected
Health & Safety,Sick Leave,1,2,0,3,28,108,89.5,Approved
Administration,Casual Leave,1,2,1,9,38,216,94.4,Approved
Health & Safety,Sick Leave,1,2,1,1,47,168,81.3,Approved
Health & Safety,Sick Leave,1,2,1,4,28,108,83.0,Approved
Health & Safety,Sick Leave,1,2,4,0,32,96,83.6,Approved
Administration,Casual Leave,1,3,0,10,38,216,91.9,Approved
Health & Safety,Sick Leave,1,3,0,2,47,168,89.6,Approved
Health & Safety,Sick Leave,1,3,1,0,58,192,88.6,Approved
Health & Safety,Sick Leave,1,3,1,3,47,168,88.0,Approved
Health & Safety,Sick Leave,10,3,1,1,58,192,83.0,Approved
Administration,Casual Leave,1,3,2,11,38,216,83.2,Rejected
Administration,Casual Leave,1,3,3,5,28,108,92.1,Rejected
Administration,Casual Leave,1,3,3,11,38,216,87.8,Approved
Health & Safety,Sick Leave,1,3,3,5,28,108,88.5,Approved
Administration,Casual Leave,1,3,4,5,30,108,86.9,Approved
Health & Safety,Sick Leave,1,3,0,1,32,96,88.8,Approved
Administration,Casual Leave,1,3,0,0,28,36,78.1,Approved
Health & Safety,Sick Leave,1,3,1,12,38,216,88.3,Approved
Administration,Casual Leave,1,3,4,6,30,108,91.1,Approved
Health & Safety,Sick Leave,1,3,0,13,38,216,89.2,Rejected
Health & Safety,Sick Leave,1,3,0,4,47,168,85.1,Approved
Administration,Casual Leave,1,3,0,13,38,216,88.7,Approved
Health & Safety,Sick Leave,1,3,0,6,28,108,90.1,Approved
Administration,Casual Leave,1,3,1,14,38,216,91.5,Approved
Health & Safety,Sick Leave,1,3,2,1,33,156,81.6,Approved
Health & Safety,Sick Leave,1,3,2,2,58,192,81.9,Approved
Health & Safety,Sick Leave,1,3,3,5,47,168,84.6,Approved
Health & Safety,Sick Leave,1,3,4,7,30,108,85.3,Rejected
Administration,Casual Leave,1,3,4,15,38,216,91.4,Approved
Administration,Casual Leave,1,3,1,16,38,216,84.3,Approved
Health & Safety,Sick Leave,1,3,2,0,46,288,81.5,Approved
Health & Safety,Sick Leave,3,3,2,1,34,168,92.3,Approved
Administration,Casual Leave,1,3,2,17,38,216,90.7,Approved
Administration,Casual Leave,1,3,3,18,38,216,88.5,Approved
Health & Safety,Sick Leave,1,3,0,7,30,108,89.6,Approved
Administration,Casual Leave,10,3,0,2,33,156,84.9,Approved
Health & Safety,Sick Leave,1,3,2,0,31,144,84.2,Approved
Health & Safety,Sick Leave,1,4,0,7,28,108,92.4,Approved
Health & Safety,Sick Leave,1,4,0,0,37,120,90.9,Approved
Administration,Casual Leave,1,4,1,1,28,36,89.7,Approved
Administration,Casual Leave,1,4,2,6,47,168,88.5,Approved
Health & Safety,Sick Leave,1,4,3,0,33,156,79.9,Approved
Administration,Casual Leave,1,4,4,8,30,108,87.9,Approved
Health & Safety,Sick Leave,3,4,0,1,31,144,77.9,Approved
Operations,Annual Leave,1,4,1,5,40,204,86.7,Approved
Health & Safety,Sick Leave,1,4,1,0,50,216,88.2,Approved
Health & Safety,Sick Leave,1,4,1,2,28,36,92.5,Rejected
Health & Safety,Sick Leave,1,4,2,1,37,120,88.9,Approved
Health & Safety,Sick Leave,1,4,4,0,37,168,90.8,Approved
Administration,Casual Leave,1,4,0,8,28,108,79.2,Approved
Operations,Annual Leave,1,4,1,2,32,96,83.0,Approved
Health & Safety,Sick Leave,1,4,1,2,34,168,81.0,Approved
Administration,Casual Leave,1,4,3,9,28,108,90.8,Approved
Health & Safety,Sick Leave,1,4,3,1,50,216,98.8,Approved
Health & Safety,Sick Leave,1,5,0,1,37,168,98.6,Rejected
Administration,Casual Leave,1,5,2,1,41,180,87.8,Approved
Health & Safety,Sick Leave,1,5,2,3,32,96,95.4,Rejected
Health & Safety,Sick Leave,1,5,2,2,37,120,83.4,Approved
Administration,Casual Leave,1,5,2,0,43,156,74.8,Approved
Health & Safety,Sick Leave,1,5,3,9,30,108,98.1,Approved
Health & Safety,Sick Leave,1,5,3,0,40,144,84.8,Approved
Health & Safety,Sick Leave,1,5,3,2,41,180,93.5,Approved
Administration,Casual Leave,8,5,4,0,43,156,84.1,Approved
Health & Safety,Sick Leave,1,5,4,3,41,180,81.8,Approved
Administration,Casual Leave,1,5,4,10,30,108,88.7,Approved
Health & Safety,Sick Leave,1,5,0,2,50,216,80.4,Approved
Health & Safety,Sick Leave,1,5,1,3,50,216,89.6,Approved
Health & Safety,Sick Leave,1,5,1,3,37,120,96.0,Approved
Administration,Casual Leave,1,5,1,4,50,216,84.0,Rejected
Administration,Casual Leave,1,5,2,11,30,108,79.0,Approved
Administration,Casual Leave,1,5,2,1,36,132,89.9,Rejected
Operations,Annual Leave,1,5,4,6,40,204,96.8,Approved
Health & Safety,Sick Leave,6,5,0,3,34,168,89.6,Approved
Health & Safety,Sick Leave,1,5,0,3,32,96,88.8,Approved
Health & Safety,Sick Leave,1,5,2,1,40,144,87.9,Approved
Health & Safety,Sick Leave,1,5,2,7,40,204,74.4,Approved
Health & Safety,Sick Leave,1,5,2,10,28,108,87.4,Rejected
Health & Safety,Sick Leave,1,5,3,0,28,48,84.1,Approved
Health & Safety,Sick Leave,1,5,3,4,32,96,89.4,Approved
Health & Safety,Sick Leave,1,5,0,2,28,36,88.1,Approved
Health & Safety,Sick Leave,1,5,2,4,34,168,90.5,Approved
Health & Safety,Sick Leave,1,5,4,8,40,204,89.4,Approved
Health & Safety,Sick Leave,1,5,4,5,34,168,95.7,Approved
Health & Safety,Sick Leave,1,5,0,10,28,108,80.0,Approved
Health & Safety,Sick Leave,1,6,2,1,46,288,87.3,Approved
Administration,Casual Leave,1,6,2,12,30,108,88.5,Rejected
Administration,Casual Leave,1,6,4,4,37,120,94.6,Approved
Health & Safety,Sick Leave,1,6,2,5,37,120,94.2,Rejected
Health & Safety,Sick Leave,1,6,3,1,36,132,87.5,Approved
Administration,Casual Leave,3,6,3,4,50,216,84.3,Approved
Administration,Casual Leave,1,6,4,1,31,12,92.1,Approved
Administration,Casual Leave,1,6,4,12,30,108,76.0,Approved
Administration,Casual Leave,1,6,0,0,48,144,100.0,Rejected
Administration,Casual Leave,1,6,0,0,33,96,87.9,Rejected
Administration,Casual Leave,1,6,3,5,50,216,88.2,Approved
Health & Safety,Sick Leave,1,6,3,13,30,108,83.0,Rejected
Health & Safety,Sick Leave,1,6,3,2,40,144,93.8,Rejected
Health & Safety,Sick Leave,1,6,0,13,30,108,82.6,Rejected
Health & Safety,Sick Leave,1,6,0,5,37,120,87.0,Approved
Health & Safety,Sick Leave,1,6,3,2,31,12,89.7,Approved
Health & Safety,Sick Leave,1,6,4,6,37,120,85.0,Approved
Health & Safety,Sick Leave,1,6,2,7,37,120,85.9,Approved
Health & Safety,Sick Leave,1,6,2,3,31,12,96.6,Rejected
Administration,Casual Leave,1,7,2,1,43,156,93.2,Rejected
Administration,Casual Leave,1,7,4,3,31,12,78.0,Rejected
Health & Safety,Sick Leave,1,7,0,3,58,192,82.9,Approved
Health & Safety,Sick Leave,1,7,0,8,37,120,86.5,Approved
Health & Safety,Sick Leave,10,7,1,4,58,192,93.7,Rejected
Health & Safety,Sick Leave,2,7,1,1,33,156,93.2,Approved
Health & Safety,Sick Leave,1,7,2,9,37,120,81.8,Approved
Health & Safety,Sick Leave,1,7,2,3,28,36,82.5,Approved
Health & Safety,Sick Leave,1,7,2,11,28,108,92.1,Approved
Health & Safety,Sick Leave,10,7,0,2,31,144,98.2,Approved
Health & Safety,Sick Leave,1,7,1,3,33,156,83.1,Approved
Health & Safety,Sick Leave,1,7,1,1,37,168,88.8,Approved
Administration,Casual Leave,1,7,1,0,33,156,82.8,Approved
Administration,Casual Leave,1,7,1,0,50,216,96.2,Rejected
Health & Safety,Sick Leave,1,7,2,0,38,216,86.2,Rejected
Health & Safety,Sick Leave,1,7,3,0,39,168,88.5,Approved
Health & Safety,Sick Leave,1,7,3,1,33,156,80.9,Approved
Health & Safety,Sick Leave,1,7,4,0,38,216,86.8,Approved
Health & Safety,Sick Leave,1,7,4,0,28,36,99.8,Approved
Health & Safety,Sick Leave,1,7,4,0,36,132,92.0,Rejected
Administration,Casual Leave,5,7,0,0,34,168,86.7,Rejected
Health & Safety,Sick Leave,1,7,0,0,37,168,88.8,Approved
Health & Safety,Sick Leave,1,7,0,0,36,132,87.5,Approved
Health & Safety,Sick Leave,1,7,1,1,36,132,97.4,Approved
Health & Safety,Sick Leave,1,7,2,2,36,132,95.2,Approved
Health & Safety,Sick Leave,1,7,2,1,38,216,85.2,Approved
Health & Safety,Sick Leave,1,7,2,2,38,216,87.2,Approved
Health & Safety,Sick Leave,1,7,4,0,41,192,92.6,Approved
Operations,Annual Leave,1,7,0,3,38,216,87.6,Approved
Health & Safety,Sick Leave,1,7,3,0,33,156,87.0,Rejected
Health & Safety,Sick Leave,1,8,2,0,47,168,88.1,Approved
Health & Safety,Sick Leave,1,8,2,0,28,48,91.0,Approved
Health & Safety,Sick Leave,1,8,0,4,38,216,95.0,Rejected
Health & Safety,Sick Leave,5,8,0,1,28,36,88.3,Approved
Health & Safety,Sick Leave,1,8,4,3,36,132,83.6,Approved
Operations,Annual Leave,1,8,0,2,33,156,82.9,Approved
Health & Safety,Sick Leave,1,8,0,2,28,36,95.0,Approved
Health & Safety,Sick Leave,1,8,1,3,33,156,72.7,Approved
Health & Safety,Sick Leave,1,8,2,0,29,72,86.6,Rejected
Operations,Annual Leave,1,8,2,4,33,156,84.1,Rejected
Health & Safety,Sick Leave,1,8,4,4,38,216,90.0,Approved
Operations,Annual Leave,1,8,0,5,38,216,82.1,Approved
Operations,Annual Leave,1,8,3,0,48,144,89.2,Approved
Health & Safety,Sick Leave,1,8,3,1,37,168,93.9,Approved
Operations,Annual Leave,1,8,0,1,48,144,91.9,Approved
Health & Safety,Sick Leave,1,8,0,6,38,216,83.6,Rejected
Health & Safety,Sick Leave,1,8,0,3,28,36,92.7,Approved
Operations,Annual Leave,1,8,1,4,33,156,94.6,Rejected
Health & Safety,Sick Leave,1,8,3,0,32,144,100.0,Approved
Health & Safety,Sick Leave,1,8,4,2,48,144,100.0,Rejected
Health & Safety,Sick Leave,1,8,4,4,36,132,80.9,Approved
Health & Safety,Sick Leave,1,9,1,0,27,84,88.7,Approved
Health & Safety,Sick Leave,1,9,0,0,37,120,92.8,Rejected
Health & Safety,Sick Leave,1,9,1,6,38,216,94.7,Rejected
Administration,Casual Leave,1,9,1,0,43,156,90.1,Approved
Health & Safety,Sick Leave,1,9,2,0,34,168,82.5,Approved
Health & Safety,Sick Leave,1,9,0,0,37,120,74.8,Approved
Health & Safety,Sick Leave,1,9,1,6,38,216,92.1,Approved
Health & Safety,Sick Leave,1,9,3,0,40,144,80.0,Approved
Health & Safety,Sick Leave,1,9,4,5,36,132,91.9,Approved
Health & Safety,Sick Leave,4,9,0,1,40,144,96.7,Approved
Administration,Casual Leave,1,9,0,6,36,132,81.9,Rejected
Administration,Casual Leave,1,9,0,0,28,108,90.0,Rejected
Health & Safety,Sick Leave,1,9,1,0,28,108,91.8,Rejected
Health & Safety,Sick Leave,1,9,1,1,37,120,94.9,Rejected
Administration,Casual Leave,1,9,1,4,33,156,88.3,Rejected
Administration,Casual Leave,1,9,1,0,50,216,93.6,Rejected
Operations,Annual Leave,1,9,2,0,28,108,94.6,Approved
Health & Safety,Sick Leave,1,9,2,7,38,216,89.3,Approved
Administration,Casual Leave,1,9,2,0,31,144,92.8,Rejected
Health & Safety,Sick Leave,1,9,4,1,47,168,88.4,Approved
Health & Safety,Sick Leave,1,9,4,8,38,216,81.3,Rejected
Health & Safety,Sick Leave,1,9,4,6,36,132,86.9,Approved
Health & Safety,Sick Leave,1,10,1,8,38,216,89.3,Rejected
Health & Safety,Sick Leave,1,10,1,1,37,120,90.9,Rejected
Administration,Casual Leave,1,10,2,0,50,216,88.6,Rejected
Health & Safety,Sick Leave,1,10,3,0,30,108,92.5,Approved
Health & Safety,Sick Leave,1,10,4,8,38,216,80.7,Approved
Health & Safety,Sick Leave,1,10,4,1,28,108,92.7,Approved
Health & Safety,Sick Leave,1,10,2,2,28,108,86.6,Approved
Health & Safety,Sick Leave,1,10,2,2,47,168,89.1,Approved
Health & Safety,Sick Leave,1,10,3,2,40,144,94.4,Approved
Health & Safety,Sick Leave,1,10,2,9,38,216,76.8,Approved
Health & Safety,Sick Leave,1,10,2,3,28,108,84.7,Approved
Administration,Casual Leave,2,10,3,7,36,132,89.5,Rejected
Health & Safety,Sick Leave,1,10,1,3,40,144,94.5,Approved
Health & Safety,Sick Leave,1,10,1,4,28,108,84.3,Approved
Administration,Casual Leave,1,10,2,4,33,156,90.9,Approved
Health & Safety,Sick Leave,1,10,4,4,28,36,88.3,Rejected
Health & Safety,Sick Leave,1,10,4,7,36,132,84.0,Approved
Health & Safety,Sick Leave,1,11,3,10,38,216,87.0,Approved
Health & Safety,Sick Leave,1,11,2,5,28,108,79.7,Approved
Health & Safety,Sick Leave,1,11,3,11,38,216,92.7,Approved
Operations,Annual Leave,1,11,3,0,40,204,88.9,Approved
Health & Safety,Sick Leave,1,11,3,4,40,144,89.0,Approved
Health & Safety,Sick Leave,4,11,0,1,34,168,100.0,Rejected
Health & Safety,Sick Leave,1,11,0,0,33,156,82.0,Approved
Health & Safety,Sick Leave,5,11,0,5,40,144,82.4,Rejected
Health & Safety,Sick Leave,1,11,4,1,34,168,91.5,Approved
Health & Safety,Sick Leave,1,11,2,6,28,108,90.6,Approved
Operations,Annual Leave,1,11,2,1,40,204,87.7,Approved
Health & Safety,Sick Leave,1,11,4,7,28,108,82.8,Approved
Health & Safety,Sick Leave,1,11,4,8,36,132,94.0,Rejected
Health & Safety,Sick Leave,1,11,0,3,47,168,89.0,Approved
Health & Safety,Sick Leave,1,11,1,8,28,108,84.5,Rejected
Health & Safety,Sick Leave,3,11,2,5,33,156,78.7,Approved
Health & Safety,Sick Leave,1,11,3,5,40,144,86.2,Approved
Health & Safety,Sick Leave,1,12,1,4,47,168,89.2,Approved
Administration,Casual Leave,8,12,1,1,37,120,86.2,Approved
Health & Safety,Sick Leave,1,12,2,0,50,216,92.6,Approved
Administration,Casual Leave,1,12,2,2,37,168,87.2,Approved
Health & Safety,Sick Leave,1,12,3,8,28,108,90.7,Approved
Administration,Casual Leave,1,12,4,8,36,132,87.8,Approved
Administration,Casual Leave,7,12,1,2,37,120,95.7,Rejected
Health & Safety,Sick Leave,1,12,2,4,28,36,96.3,Approved
Health & Safety,Sick Leave,1,12,3,9,28,108,91.0,Approved
Health & Safety,Sick Leave,1,12,4,9,36,132,82.4,Approved
Health & Safety,Sick Leave,1,12,1,10,28,108,94.1,Approved
Administration,Casual Leave,1,12,4,2,37,120,86.1,Approved
Administration,Casual Leave,1,12,4,1,41,192,98.0,Approved
Health & Safety,Sick Leave,1,12,4,11,28,108,97.3,Approved
Health & Safety,Sick Leave,1,1,2,0,28,108,89.3,Approved
Administration,Casual Leave,1,1,0,0,37,120,100.0,Approved
Administration,Casual Leave,1,1,1,1,37,120,85.2,Approved
Operations,Annual Leave,1,1,1,0,34,168,87.1,Approved
Administration,Casual Leave,1,1,2,1,28,108,82.8,Approved
Health & Safety,Sick Leave,1,1,3,0,27,84,92.3,Approved
Health & Safety,Sick Leave,1,1,3,2,28,108,91.8,Approved
Administration,Casual Leave,1,1,4,3,28,108,83.3,Approved
Administration,Casual Leave,1,1,0,2,37,120,93.3,Approved
Administration,Casual Leave,1,1,1,4,28,108,90.3,Approved
Administration,Casual Leave,1,1,1,3,37,120,87.0,Approved
Administration,Casual Leave,1,1,2,4,37,120,76.0,Rejected
Administration,Casual Leave,1,1,3,4,37,120,88.9,Rejected
Administration,Casual Leave,1,1,4,4,37,120,74.4,Approved
Operations,Annual Leave,1,1,1,0,30,108,79.5,Approved
Operations,Annual Leave,1,1,1,0,33,156,92.4,Approved
Administration,Casual Leave,1,1,0,5,37,120,92.3,Approved
Health & Safety,Sick Leave,1,1,1,5,28,108,88.8,Approved
Health & Safety,Sick Leave,1,1,3,1,33,156,80.1,Approved
Health & Safety,Sick Leave,1,2,4,1,27,84,81.7,Approved
Health & Safety,Sick Leave,1,2,2,0,41,192,85.6,Rejected
Health & Safety,Sick Leave,1,2,2,0,38,216,95.5,Approved
Health & Safety,Sick Leave,1,2,3,1,34,168,86.2,Approved
Health & Safety,Sick Leave,1,2,3,0,33,156,77.8,Approved
Health & Safety,Sick Leave,1,2,4,0,36,132,96.5,Approved
Health & Safety,Sick Leave,1,2,4,2,33,156,89.0,Rejected
Health & Safety,Sick Leave,1,2,0,0,50,108,88.3,Approved
Health & Safety,Sick Leave,1,2,1,1,50,108,93.4,Approved
Health & Safety,Sick Leave,1,2,0,6,28,108,94.9,Approved
Health & Safety,Sick Leave,1,2,1,7,28,108,75.7,Approved
Health & Safety,Sick Leave,1,2,1,1,30,108,95.9,Rejected
Health & Safety,Sick Leave,1,2,1,2,27,84,79.9,Approved
Health & Safety,Sick Leave,1,2,3,8,28,108,90.3,Approved
Operations,Annual Leave,1,2,0,0,28,48,86.6,Approved
Health & Safety,Sick Leave,1,2,1,1,28,48,96.8,Approved
Health & Safety,Sick Leave,1,2,2,9,28,108,94.8,Approved
Administration,Casual Leave,1,2,3,1,33,156,84.5,Approved
Health & Safety,Sick Leave,1,3,1,0,32,144,90.3,Approved
Administration,Casual Leave,1,3,1,1,36,132,91.0,Approved
Administration,Casual Leave,1,3,1,0,29,72,92.9,Approved
Operations,Annual Leave,1,3,1,0,40,204,93.5,Approved
Health & Safety,Sick Leave,1,3,2,0,40,144,99.0,Approved
Health & Safety,Sick Leave,1,3,2,2,36,132,92.9,Approved
Health & Safety,Sick Leave,1,3,3,1,30,108,81.8,Approved
Health & Safety,Sick Leave,1,3,4,0,47,168,83.7,Approved
Health & Safety,Sick Leave,5,3,4,3,36,132,85.5,Approved
Health & Safety,Sick Leave,5,3,0,1,40,204,82.8,Approved
Health & Safety,Sick Leave,2,3,0,2,34,168,98.1,Rejected
Administration,Casual Leave,2,3,0,4,36,132,82.9,Approved
Health & Safety,Sick Leave,1,3,1,2,34,168,91.4,Approved
Health & Safety,Sick Leave,1,3,3,2,33,156,92.7,Approved
Health & Safety,Sick Leave,1,3,3,2,40,204,91.3,Approved
Health & Safety,Sick Leave,1,3,4,5,36,132,80.4,Approved
Health & Safety,Sick Leave,1,3,4,10,28,108,98.6,Approved
Health & Safety,Sick Leave,1,3,0,0,39,168,91.1,Rejected
Health & Safety,Sick Leave,3,3,1,1,38,216,82.7,Rejected
Health & Safety,Sick Leave,1,3,2,11,28,108,87.5,Approved
Health & Safety,Sick Leave,1,3,0,12,28,108,90.5,Approved
Health & Safety,Sick Leave,1,3,0,2,30,108,80.6,Rejected
Health & Safety,Sick Leave,1,3,1,13,28,108,98.5,Approved
Health & Safety,Sick Leave,2,3,2,14,28,108,75.5,Rejected
Health & Safety,Sick Leave,1,3,2,1,38,216,86.4,Rejected
Health & Safety,Sick Leave,2,3,3,0,39,168,81.7,Approved
Health & Safety,Sick Leave,1,3,4,14,28,108,99.5,Approved
Health & Safety,Sick Leave,1,3,4,1,47,168,88.9,Approved
Health & Safety,Sick Leave,1,3,0,15,28,108,92.0,Approved
Health & Safety,Sick Leave,1,4,2,1,40,144,96.6,Approved
Health & Safety,Sick Leave,1,4,2,16,28,108,83.5,Approved
Health & Safety,Sick Leave,1,4,1,3,34,168,88.5,Approved
Health & Safety,Sick Leave,3,4,2,0,41,192,97.1,Approved
Health & Safety,Sick Leave,1,4,3,4,34,168,92.1,Approved
Health & Safety,Sick Leave,1,4,4,17,28,108,92.7,Approved
Health & Safety,Sick Leave,1,4,4,6,36,132,92.8,Approved
Health & Safety,Sick Leave,3,4,2,1,38,216,79.4,Approved
Health & Safety,Sick Leave,1,4,3,0,50,216,83.5,Approved
Health & Safety,Sick Leave,1,4,4,2,40,144,77.2,Approved
Health & Safety,Sick Leave,1,4,4,1,41,192,100.0,Rejected
Health & Safety,Sick Leave,1,4,4,3,40,144,85.1,Rejected
Health & Safety,Sick Leave,1,4,4,2,47,168,86.1,Rejected
Administration,Casual Leave,7,4,4,7,36,132,87.6,Approved
Administration,Casual Leave,1,4,1,3,33,156,100.0,Rejected
Health & Safety,Sick Leave,3,4,2,5,34,168,82.0,Approved
Administration,Casual Leave,1,4,2,0,36,132,88.0,Approved
Health & Safety,Sick Leave,2,4,3,3,33,156,91.9,Approved
Health & Safety,Sick Leave,1,4,4,0,37,168,92.6,Approved
Administration,Casual Leave,1,4,0,0,48,144,98.4,Rejected
Health & Safety,Sick Leave,1,5,2,4,33,156,89.6,Approved
Health & Safety,Sick Leave,1,5,3,6,34,168,94.1,Rejected
Health & Safety,Sick Leave,1,5,0,6,34,168,90.9,Approved
Operations,Annual Leave,1,5,1,2,38,216,93.8,Approved
Administration,Casual Leave,1,5,1,18,28,108,89.8,Rejected
Health & Safety,Sick Leave,1,5,2,3,27,84,86.2,Approved
Health & Safety,Sick Leave,1,5,0,7,34,168,91.3,Approved
Health & Safety,Sick Leave,1,5,1,3,38,216,92.4,Approved
Health & Safety,Sick Leave,3,5,2,5,33,156,85.4,Approved
Administration,Casual Leave,1,5,2,1,39,168,79.8,Rejected
Administration,Casual Leave,1,5,2,2,28,48,88.0,Rejected
Administration,Casual Leave,1,5,2,1,36,132,100.0,Rejected
Administration,Casual Leave,1,5,2,2,50,108,87.9,Rejected
Health & Safety,Sick Leave,1,5,1,4,38,216,87.4,Approved
Health & Safety,Sick Leave,3,5,2,1,50,216,80.5,Rejected
Health & Safety,Sick Leave,1,5,4,0,28,36,85.6,Approved
Administration,Casual Leave,1,6,0,1,41,192,90.6,Rejected
Health & Safety,Sick Leave,1,6,0,1,28,36,93.0,Approved
Health & Safety,Sick Leave,3,6,1,1,41,192,92.2,Approved
Health & Safety,Sick Leave,1,6,3,3,40,144,88.2,Approved
Health & Safety,Sick Leave,1,6,4,2,41,192,98.5,Approved
Health & Safety,Sick Leave,1,6,0,5,38,216,88.7,Approved
Health & Safety,Sick Leave,1,6,0,8,34,168,80.0,Approved
Health & Safety,Sick Leave,1,6,0,3,41,192,83.9,Rejected
Health & Safety,Sick Leave,1,6,2,1,50,216,68.6,Approved
Health & Safety,Sick Leave,2,6,4,1,37,168,94.8,Approved
Health & Safety,Sick Leave,1,6,1,2,50,216,72.8,Approved
Health & Safety,Sick Leave,10,6,2,3,50,216,94.8,Approved
Health & Safety,Sick Leave,1,6,3,1,36,132,91.5,Approved
Health & Safety,Sick Leave,1,6,4,6,38,216,84.9,Approved
Health & Safety,Sick Leave,1,6,0,0,49,348,96.8,Approved
Health & Safety,Sick Leave,1,6,3,18,28,108,87.3,Approved
Administration,Casual Leave,2,7,1,9,34,168,93.1,Rejected
Health & Safety,Sick Leave,1,7,2,4,50,216,78.4,Approved
Health & Safety,Sick Leave,1,7,4,6,37,120,82.2,Rejected
Administration,Casual Leave,1,7,4,6,37,120,98.2,Approved
Administration,Casual Leave,1,7,1,2,28,48,98.4,Approved
Operations,Annual Leave,1,7,3,2,30,108,90.7,Rejected
Health & Safety,Sick Leave,1,7,4,9,34,168,98.2,Approved
Health & Safety,Sick Leave,1,7,0,3,28,48,90.9,Approved
Health & Safety,Sick Leave,1,7,1,4,28,48,78.4,Approved
Health & Safety,Sick Leave,1,7,0,1,29,72,92.0,Approved
Health & Safety,Sick Leave,1,7,1,2,28,36,86.7,Rejected
Administration,Casual Leave,1,7,2,6,33,156,83.7,Rejected
Administration,Casual Leave,1,7,3,7,38,216,89.7,Approved
Administration,Casual Leave,4,7,0,6,33,156,84.9,Approved
Administration,Casual Leave,1,7,3,7,33,156,74.5,Approved
Administration,Casual Leave,1,7,3,8,36,132,91.9,Rejected
Administration,Casual Leave,1,8,4,8,33,156,79.2,Approved
Administration,Casual Leave,1,8,4,2,29,72,88.0,Approved
Health & Safety,Sick Leave,1,8,0,9,33,156,82.6,Rejected
Operations,Annual Leave,1,8,1,0,58,192,83.3,Approved
Health & Safety,Sick Leave,1,8,3,0,43,156,88.6,Approved
Health & Safety,Sick Leave,1,8,3,1,43,156,97.3,Approved
Health & Safety,Sick Leave,1,8,4,8,36,132,84.0,Approved
Health & Safety,Sick Leave,1,8,1,9,33,156,95.5,Approved
Health & Safety,Sick Leave,1,8,2,2,47,168,96.3,Approved
Health & Safety,Sick Leave,1,8,3,0,33,96,86.7,Approved
Health & Safety,Sick Leave,1,8,3,2,30,108,92.4,Rejected
Health & Safety,Sick Leave,1,8,3,5,50,216,82.3,Rejected
Health & Safety,Sick Leave,1,8,0,3,47,168,80.6,Approved
Health & Safety,Sick Leave,1,8,1,2,37,168,89.6,Approved
Health & Safety,Sick Leave,1,8,3,5,50,216,84.9,Approved
Administration,Casual Leave,1,8,3,3,37,168,87.5,Approved
Health & Safety,Sick Leave,1,8,1,2,28,36,82.7,Approved
Health & Safety,Sick Leave,1,8,2,4,27,84,88.3,Approved
Health & Safety,Sick Leave,1,9,0,8,38,216,88.8,Approved
Health & Safety,Sick Leave,1,9,4,9,38,216,91.7,Rejected
Administration,Casual Leave,3,9,2,10,33,156,81.0,Approved
Administration,Casual Leave,1,9,3,1,43,156,83.9,Rejected
Health & Safety,Sick Leave,2,9,0,3,41,192,82.1,Approved
Health & Safety,Sick Leave,1,9,1,4,40,144,94.1,Approved
Administration,Casual Leave,1,9,1,0,39,168,100.0,Rejected
Administration,Casual Leave,1,9,1,1,32,144,88.2,Rejected
Health & Safety,Sick Leave,1,9,2,9,38,216,90.3,Approved
Health & Safety,Sick Leave,4,9,2,4,41,192,90.6,Approved
Health & Safety,Sick Leave,1,9,3,10,38,216,83.6,Approved
Health & Safety,Sick Leave,1,9,4,5,40,144,90.6,Rejected
Health & Safety,Sick Leave,1,9,4,9,36,132,81.7,Approved
Administration,Casual Leave,1,9,2,1,43,156,92.2,Approved
Health & Safety,Sick Leave,1,9,3,6,50,216,80.1,Rejected
Administration,Casual Leave,1,9,3,2,43,156,82.7,Rejected
Health & Safety,Sick Leave,1,9,4,5,40,144,94.3,Approved
Health & Safety,Sick Leave,5,9,0,6,40,144,92.2,Approved
Health & Safety,Sick Leave,1,9,0,11,38,216,93.3,Rejected
Operations,Annual Leave,1,10,0,11,33,156,76.0,Approved
Administration,Casual Leave,1,10,0,4,37,168,84.2,Approved
Administration,Casual Leave,1,10,0,12,33,156,85.6,Rejected
Health & Safety,Sick Leave,1,10,4,12,33,156,80.7,Approved
Administration,Casual Leave,1,10,4,6,50,216,89.3,Rejected
Administration,Casual Leave,1,10,4,4,47,168,78.9,Rejected
Health & Safety,Sick Leave,1,10,0,2,30,108,96.3,Approved
Health & Safety,Sick Leave,1,10,0,7,37,120,91.4,Approved
Health & Safety,Sick Leave,1,10,0,0,31,144,78.4,Approved
Health & Safety,Sick Leave,1,10,2,11,38,216,85.4,Approved
Health & Safety,Sick Leave,8,10,2,3,30,108,100.0,Approved
Administration,Casual Leave,1,10,2,2,43,156,91.3,Rejected
Administration,Casual Leave,2,10,3,13,33,156,76.5,Approved
Health & Safety,Sick Leave,1,10,4,10,36,132,78.8,Approved
Administration,Casual Leave,1,10,4,2,43,156,91.1,Rejected
Health & Safety,Sick Leave,1,10,0,2,43,156,93.6,Rejected
Health & Safety,Sick Leave,1,10,1,6,50,216,90.9,Approved
Health & Safety,Sick Leave,1,10,1,7,40,144,92.9,Approved
Health & Safety,Sick Leave,2,10,3,4,30,108,93.1,Approved
Health & Safety,Sick Leave,1,10,3,7,50,216,91.3,Approved
Health & Safety,Sick Leave,1,10,0,3,28,36,86.1,Approved
Administration,Casual Leave,1,10,1,11,36,132,84.1,Rejected
Administration,Casual Leave,1,10,1,8,40,144,89.1,Rejected
Administration,Casual Leave,1,10,1,3,29,72,99.5,Rejected
Health & Safety,Sick Leave,1,10,2,5,30,108,85.8,Approved
Health & Safety,Sick Leave,1,10,2,6,30,108,88.3,Approved
Health & Safety,Sick Leave,1,10,3,8,50,216,100.0,Approved
Health & Safety,Sick Leave,1,11,0,8,37,120,89.3,Approved
Health & Safety,Sick Leave,1,11,0,4,47,168,92.1,Rejected
Health & Safety,Sick Leave,1,11,1,12,38,216,86.2,Approved
Health & Safety,Sick Leave,1,11,4,11,36,132,95.0,Approved
Health & Safety,Sick Leave,1,11,0,8,40,144,86.6,Rejected
Health & Safety,Sick Leave,1,11,0,2,36,132,72.1,Approved
Health & Safety,Sick Leave,10,11,0,10,34,168,80.2,Approved
Administration,Casual Leave,1,11,0,2,43,156,82.3,Approved
Administration,Casual Leave,1,11,1,5,28,48,85.9,Rejected
Operations,Annual Leave,1,11,2,5,37,168,82.2,Approved
Health & Safety,Sick Leave,1,11,2,9,37,120,86.5,Approved
Health & Safety,Sick Leave,1,11,3,6,37,168,83.9,Approved
Health & Safety,Sick Leave,1,11,3,13,38,216,82.9,Approved
Health & Safety,Sick Leave,1,11,4,5,41,192,87.0,Approved
Health & Safety,Sick Leave,1,11,4,8,40,144,93.1,Approved
Health & Safety,Sick Leave,1,11,0,6,41,192,92.6,Approved
Health & Safety,Sick Leave,1,11,1,14,38,216,92.2,Approved
Health & Safety,Sick Leave,1,11,2,12,36,132,91.7,Approved
Operations,Annual Leave,1,11,4,13,36,132,85.8,Approved
Administration,Casual Leave,1,11,4,3,36,132,84.3,Rejected
Administration,Casual Leave,1,11,1,1,39,168,95.0,Rejected
Health & Safety,Sick Leave,1,11,3,15,38,216,93.7,Approved
Health & Safety,Sick Leave,1,12,0,19,28,108,79.9,Rejected
Health & Safety,Sick Leave,1,12,0,16,38,216,83.1,Approved
Health & Safety,Sick Leave,1,12,0,17,38,216,89.5,Rejected
Health & Safety,Sick Leave,1,12,0,7,37,168,80.0,Approved
Health & Safety,Sick Leave,1,12,1,9,50,216,94.2,Approved
Health & Safety,Sick Leave,1,12,4,14,36,132,87.5,Approved
Health & Safety,Sick Leave,1,12,3,7,41,192,89.5,Approved
Health & Safety,Sick Leave,1,12,3,17,38,216,80.4,Approved
Health & Safety,Sick Leave,1,12,4,18,38,216,92.6,Approved
Health & Safety,Sick Leave,1,12,1,7,30,108,99.6,Rejected
Health & Safety,Sick Leave,1,12,1,10,37,120,88.7,Approved
Health & Safety,Sick Leave,1,12,3,8,37,168,73.8,Approved
Health & Safety,Sick Leave,1,12,1,3,43,156,90.9,Approved
Health & Safety,Sick Leave,1,12,1,9,37,168,89.1,Approved
Administration,Casual Leave,1,12,2,15,36,132,78.4,Rejected
Health & Safety,Sick Leave,1,12,0,3,29,72,92.7,Approved
Health & Safety,Sick Leave,1,12,0,19,38,216,88.8,Approved
Administration,Casual Leave,1,12,0,14,33,156,81.0,Approved
Health & Safety,Sick Leave,1,1,2,0,28,108,79.7,Approved
Administration,Casual Leave,4,1,0,0,37,120,86.7,Rejected
Health & Safety,Sick Leave,1,1,0,0,34,168,91.4,Approved
Health & Safety,Sick Leave,1,1,1,0,37,168,94.7,Approved
Health & Safety,Sick Leave,1,1,1,1,34,168,86.1,Approved
Administration,Casual Leave,1,1,0,0,33,156,99.3,Approved
Health & Safety,Sick Leave,1,1,2,0,40,144,77.7,Rejected
Administration,Casual Leave,1,1,0,0,43,156,93.5,Approved
Administration,Casual Leave,1,1,0,0,50,216,82.5,Rejected
Health & Safety,Sick Leave,1,1,2,0,38,216,92.9,Approved
Health & Safety,Sick Leave,1,1,4,1,38,216,86.5,Approved
Health & Safety,Sick Leave,1,2,1,0,37,120,90.2,Approved
Administration,Casual Leave,1,2,2,2,38,216,91.9,Approved
Health & Safety,Sick Leave,1,2,2,1,28,108,96.4,Approved
Health & Safety,Sick Leave,1,2,4,1,33,156,73.4,Approved
Health & Safety,Sick Leave,1,2,4,0,36,132,86.5,Approved
Health & Safety,Sick Leave,1,2,4,3,38,216,94.8,Approved
Administration,Casual Leave,1,2,0,4,38,216,87.9,Approved
Health & Safety,Sick Leave,1,2,3,5,38,216,89.5,Approved
Administration,Casual Leave,1,2,3,0,41,192,83.2,Approved
Administration,Casual Leave,1,2,4,6,38,216,87.5,Approved
Health & Safety,Sick Leave,1,2,0,2,33,156,87.9,Approved
Administration,Casual Leave,1,2,0,7,38,216,82.5,Approved
Health & Safety,Sick Leave,1,2,1,1,41,192,96.5,Approved
Health & Safety,Sick Leave,1,2,1,0,40,144,85.7,Approved
Health & Safety,Sick Leave,2,2,2,0,29,72,85.9,Approved
Health & Safety,Sick Leave,3,2,4,2,41,192,84.4,Approved
Operations,Annual Leave,1,3,1,1,37,120,94.4,Rejected
Administration,Casual Leave,2,3,2,3,41,192,83.7,Approved
Health & Safety,Sick Leave,1,3,4,4,41,192,85.8,Approved
Health & Safety,Sick Leave,1,3,4,1,36,132,81.2,Rejected
Health & Safety,Sick Leave,1,3,0,8,38,216,84.7,Approved
Health & Safety,Sick Leave,1,3,0,1,37,168,80.9,Approved
Health & Safety,Sick Leave,1,3,1,3,40,204,80.5,Approved
Health & Safety,Sick Leave,1,3,1,0,36,132,77.7,Approved
Health & Safety,Sick Leave,2,3,0,9,38,216,86.8,Approved
Health & Safety,Sick Leave,1,3,2,0,28,36,92.1,Approved
Administration,Casual Leave,1,3,2,0,31,144,87.6,Rejected
Operations,Annual Leave,1,3,3,2,37,168,95.6,Approved
Health & Safety,Sick Leave,1,3,4,0,50,216,81.3,Approved
Health & Safety,Sick Leave,1,3,1,1,50,216,86.4,Approved
Health & Safety,Sick Leave,1,3,2,2,50,216,91.3,Approved
Administration,Casual Leave,1,3,3,3,37,168,95.4,Rejected
Administration,Casual Leave,1,3,3,5,41,192,92.4,Rejected
Administration,Casual Leave,1,3,3,3,50,216,85.5,Rejected
Health & Safety,Sick Leave,1,3,4,10,38,216,95.2,Approved
Health & Safety,Sick Leave,1,3,4,2,33,156,89.0,Approved
Administration,Casual Leave,1,3,0,1,36,132,90.8,Rejected
Health & Safety,Sick Leave,1,3,1,5,41,192,96.7,Approved
Health & Safety,Sick Leave,1,4,2,11,38,216,86.4,Approved
Health & Safety,Sick Leave,1,4,4,1,36,132,82.8,Approved
Administration,Casual Leave,1,4,4,0,28,48,88.9,Approved
Health & Safety,Sick Leave,1,4,0,0,31,144,92.6,Approved
Administration,Casual Leave,1,4,0,0,47,168,82.6,Approved
Health & Safety,Sick Leave,1,4,2,1,28,48,96.8,Approved
Health & Safety,Sick Leave,1,4,2,12,38,216,87.9,Rejected
Health & Safety,Sick Leave,1,4,0,3,50,216,87.6,Approved
Health & Safety,Sick Leave,10,4,2,4,50,216,90.4,Approved
Health & Safety,Sick Leave,1,4,4,0,43,156,89.1,Approved
Health & Safety,Sick Leave,1,4,4,2,36,132,88.5,Approved
Health & Safety,Sick Leave,1,4,0,12,38,216,85.3,Approved
Health & Safety,Sick Leave,1,4,2,1,37,120,85.9,Approved
Health & Safety,Sick Leave,2,5,0,1,43,156,100.0,Approved
Health & Safety,Sick Leave,1,5,2,1,47,168,91.7,Approved
Health & Safety,Sick Leave,1,5,0,1,31,144,83.4,Approved
Health & Safety,Sick Leave,1,5,2,0,30,108,81.5,Approved
Health & Safety,Sick Leave,1,5,2,13,38,216,86.3,Approved
Health & Safety,Sick Leave,1,5,3,1,28,36,87.9,Approved
Health & Safety,Sick Leave,1,5,4,3,36,132,71.2,Approved
Health & Safety,Sick Leave,1,5,0,4,40,204,91.7,Approved
Health & Safety,Sick Leave,1,5,0,5,40,204,84.9,Rejected
Operations,Annual Leave,1,5,2,0,58,192,85.8,Approved
Health & Safety,Sick Leave,1,5,2,2,28,108,84.1,Approved
Health & Safety,Sick Leave,1,5,4,2,28,48,92.0,Approved
Health & Safety,Sick Leave,1,5,0,1,30,108,83.6,Approved
Health & Safety,Sick Leave,1,5,0,2,37,120,82.4,Approved
Health & Safety,Sick Leave,1,5,0,3,37,168,90.3,Rejected
Health & Safety,Sick Leave,1,6,0,3,37,120,88.0,Approved
Health & Safety,Sick Leave,1,6,0,14,38,216,86.0,Approved
Health & Safety,Sick Leave,1,6,1,4,37,120,89.4,Rejected
Health & Safety,Sick Leave,1,6,3,3,28,108,85.1,Approved
Health & Safety,Sick Leave,1,6,4,4,36,132,79.4,Approved
Administration,Casual Leave,1,6,4,15,38,216,93.4,Rejected
Health & Safety,Sick Leave,5,6,0,1,40,144,92.1,Approved
Health & Safety,Sick Leave,3,6,0,15,38,216,94.9,Approved
Health & Safety,Sick Leave,1,6,1,6,41,192,87.4,Approved
Health & Safety,Sick Leave,1,6,0,16,38,216,88.5,Approved
Administration,Casual Leave,1,6,1,2,43,156,93.6,Rejected
Health & Safety,Sick Leave,1,6,0,17,38,216,90.4,Approved
Health & Safety,Sick Leave,1,6,2,4,28,108,90.1,Approved
Health & Safety,Sick Leave,1,6,2,5,50,216,95.0,Approved
Health & Safety,Sick Leave,1,6,2,18,38,216,87.9,Approved
Operations,Annual Leave,1,6,2,2,30,108,87.8,Rejected
Health & Safety,Sick Leave,1,6,4,7,41,192,85.3,Approved
Health & Safety,Sick Leave,1,6,1,3,28,48,83.3,Approved
Health & Safety,Sick Leave,1,6,1,3,37,168,93.5,Approved
Health & Safety,Sick Leave,1,7,3,2,30,108,92.3,Approved
Health & Safety,Sick Leave,1,7,3,5,28,108,86.9,Approved
Health & Safety,Sick Leave,1,7,4,5,36,132,100.0,Approved
Health & Safety,Sick Leave,1,7,0,0,33,96,91.3,Approved
Health & Safety,Sick Leave,1,7,4,4,28,48,90.3,Approved
Administration,Casual Leave,1,7,4,4,37,120,96.0,Approved
Administration,Casual Leave,1,7,0,6,36,132,88.1,Approved
Health & Safety,Sick Leave,1,7,1,5,37,120,89.5,Approved
Operations,Annual Leave,1,7,0,1,43,156,79.6,Approved
Health & Safety,Sick Leave,1,7,0,0,48,144,91.6,Approved
Health & Safety,Sick Leave,1,7,1,8,41,192,87.1,Approved
Health & Safety,Sick Leave,10,7,1,6,28,108,91.5,Rejected
Health & Safety,Sick Leave,1,7,1,19,38,216,92.3,Rejected
Health & Safety,Sick Leave,1,7,4,6,50,216,88.2,Approved
Health & Safety,Sick Leave,1,7,4,2,28,36,97.4,Approved
Health & Safety,Sick Leave,1,7,0,3,33,156,97.1,Approved
Administration,Casual Leave,1,7,0,2,43,156,81.2,Approved
Health & Safety,Sick Leave,1,7,3,2,40,144,88.9,Rejected
Health & Safety,Sick Leave,1,7,3,0,39,168,88.6,Approved
Health & Safety,Sick Leave,1,8,3,19,38,216,86.5,Rejected
Health & Safety,Sick Leave,1,8,0,5,40,204,89.0,Approved
Health & Safety,Sick Leave,1,8,1,9,41,192,82.1,Approved
Health & Safety,Sick Leave,1,8,1,6,37,120,81.2,Approved
Administration,Casual Leave,1,8,1,4,33,156,78.2,Approved
Administration,Casual Leave,1,8,1,3,43,156,88.4,Approved
Health & Safety,Sick Leave,1,8,3,2,40,144,93.2,Rejected
Health & Safety,Sick Leave,1,8,0,19,38,216,95.1,Rejected
Health & Safety,Sick Leave,1,8,1,6,40,204,87.6,Approved
Health & Safety,Sick Leave,2,8,3,5,28,48,87.4,Approved
Health & Safety,Sick Leave,1,8,1,4,37,168,83.1,Approved
Health & Safety,Sick Leave,1,8,1,10,41,192,98.4,Approved
Health & Safety,Sick Leave,1,8,1,7,37,120,91.2,Approved
Health & Safety,Sick Leave,1,8,3,2,40,144,84.2,Approved
Health & Safety,Sick Leave,1,8,0,7,36,132,83.3,Approved
Health & Safety,Sick Leave,1,9,1,11,41,192,84.7,Approved
Health & Safety,Sick Leave,1,9,1,8,37,120,89.7,Rejected
Health & Safety,Sick Leave,1,9,1,2,34,168,86.7,Approved
Health & Safety,Sick Leave,1,9,3,3,40,144,88.0,Approved
Health & Safety,Sick Leave,1,9,4,3,30,108,84.8,Approved
Health & Safety,Sick Leave,1,9,4,2,47,168,85.0,Approved
Health & Safety,Sick Leave,1,9,0,19,38,216,95.9,Approved
Health & Safety,Sick Leave,1,9,2,6,28,108,92.7,Approved
Health & Safety,Sick Leave,1,9,0,4,30,108,85.5,Rejected
Health & Safety,Sick Leave,1,9,1,2,31,144,83.4,Approved
Health & Safety,Sick Leave,1,9,1,3,28,36,84.8,Rejected
Health & Safety,Sick Leave,1,10,3,1,49,348,90.0,Approved
Health & Safety,Sick Leave,1,10,3,0,32,96,87.1,Rejected
Administration,Casual Leave,1,10,4,12,41,192,82.3,Approved
Health & Safety,Sick Leave,1,10,2,2,49,348,77.3,Approved
Health & Safety,Sick Leave,1,10,2,4,40,144,85.0,Approved
Health & Safety,Sick Leave,1,10,1,8,37,120,85.5,Rejected
Health & Safety,Sick Leave,1,10,3,3,49,348,83.4,Approved
Health & Safety,Sick Leave,1,10,4,5,40,144,87.8,Approved
Health & Safety,Sick Leave,1,10,1,7,28,108,100.0,Approved
Health & Safety,Sick Leave,1,10,1,3,31,144,95.4,Approved
Health & Safety,Sick Leave,1,10,1,4,31,144,80.8,Rejected
Health & Safety,Sick Leave,1,10,1,8,28,108,95.2,Approved
Administration,Casual Leave,1,10,1,4,31,144,73.9,Approved
Health & Safety,Sick Leave,1,10,2,20,38,216,93.9,Approved
Health & Safety,Sick Leave,1,10,2,1,58,192,94.6,Approved
Health & Safety,Sick Leave,1,10,2,6,40,144,80.1,Approved
Health & Safety,Sick Leave,1,10,3,5,31,144,95.5,Approved
Health & Safety,Sick Leave,1,10,3,9,28,108,86.6,Approved
Health & Safety,Sick Leave,1,10,4,6,31,144,95.4,Rejected
Health & Safety,Sick Leave,1,10,4,10,28,108,88.6,Rejected
Health & Safety,Sick Leave,1,10,0,3,33,156,90.1,Rejected
Health & Safety,Sick Leave,1,10,0,0,32,96,90.5,Approved
Health & Safety,Sick Leave,1,10,0,3,47,168,87.5,Approved
Administration,Casual Leave,1,10,0,10,28,108,81.6,Rejected
Health & Safety,Sick Leave,1,10,1,10,28,108,83.0,Approved
Operations,Annual Leave,1,11,1,21,38,216,82.0,Rejected
Health & Safety,Sick Leave,1,11,2,8,37,120,96.9,Approved
Health & Safety,Sick Leave,3,11,2,6,28,48,87.4,Approved
Health & Safety,Sick Leave,1,11,4,21,38,216,92.7,Approved
Health & Safety,Sick Leave,1,11,1,9,37,120,85.2,Approved
Operations,Annual Leave,1,11,2,5,33,156,88.4,Approved
Health & Safety,Sick Leave,1,11,4,1,32,96,90.5,Approved
Health & Safety,Sick Leave,1,11,4,11,28,108,85.9,Approved
Health & Safety,Sick Leave,1,11,1,3,28,36,84.6,Approved
Health & Safety,Sick Leave,1,11,2,7,40,144,90.9,Approved
Health & Safety,Sick Leave,1,11,3,10,37,120,89.7,Approved
Health & Safety,Sick Leave,1,11,3,12,28,108,86.1,Approved
Health & Safety,Sick Leave,1,11,0,22,38,216,91.0,Approved
Health & Safety,Sick Leave,1,11,0,11,37,120,86.8,Approved
Health & Safety,Sick Leave,1,11,1,12,37,120,75.7,Approved
Health & Safety,Sick Leave,1,11,1,13,28,108,87.1,Rejected
Administration,Casual Leave,1,11,1,8,40,144,98.7,Rejected
Administration,Casual Leave,1,11,2,6,33,156,88.9,Rejected
Health & Safety,Sick Leave,1,11,3,4,47,168,78.5,Approved
Administration,Casual Leave,1,11,3,4,43,156,81.3,Rejected
Health & Safety,Sick Leave,1,11,4,13,28,108,84.6,Approved
Administration,Casual Leave,1,11,4,6,31,144,94.6,Rejected
Health & Safety,Sick Leave,1,11,0,4,28,36,90.7,Approved
Health & Safety,Sick Leave,4,12,1,23,38,216,92.4,Approved
Health & Safety,Sick Leave,1,12,2,8,40,144,75.2,Rejected
Health & Safety,Sick Leave,1,12,2,14,28,108,97.0,Approved
Health & Safety,Sick Leave,1,12,4,4,30,108,84.5,Approved
Health & Safety,Sick Leave,1,12,4,15,28,108,88.5,Approved
Health & Safety,Sick Leave,1,12,3,5,28,36,81.0,Approved
Operations,Annual Leave,1,12,4,7,40,204,82.2,Approved
Administration,Casual Leave,1,12,4,4,43,156,72.2,Approved
Operations,Annual Leave,1,12,0,0,31,12,80.5,Approved
Health & Safety,Sick Leave,2,12,1,5,30,108,83.3,Approved
Health & Safety,Sick Leave,1,12,1,16,28,108,94.5,Approved
Health & Safety,Sick Leave,1,12,3,17,28,108,81.6,Approved
Health & Safety,Sick Leave,1,12,0,18,28,108,95.8,Approved
Operations,Annual Leave,10,12,1,3,34,168,74.6,Approved
Health & Safety,Sick Leave,3,1,0,0,30,108,83.7,Rejected
Health & Safety,Sick Leave,2,1,3,0,30,108,86.3,Approved
Health & Safety,Sick Leave,1,1,3,0,40,204,86.4,Approved
Health & Safety,Sick Leave,1,1,4,1,40,204,100.0,Approved
Health & Safety,Sick Leave,1,1,0,1,30,108,83.2,Approved
Health & Safety,Sick Leave,1,1,2,2,40,204,88.2,Approved
Health & Safety,Sick Leave,1,1,3,0,49,348,86.5,Approved
Operations,Annual Leave,1,1,4,3,40,204,97.7,Approved
Administration,Casual Leave,1,1,0,2,30,108,90.5,Approved
Operations,Annual Leave,1,1,1,0,34,168,73.5,Approved
Administration,Casual Leave,1,1,2,3,30,108,93.7,Approved
Administration,Casual Leave,1,1,2,0,38,216,90.1,Rejected
Health & Safety,Sick Leave,1,1,2,0,33,156,90.4,Approved
Administration,Casual Leave,1,1,3,0,38,216,84.0,Approved
Administration,Casual Leave,1,1,4,1,38,216,83.9,Approved
Health & Safety,Sick Leave,1,2,1,2,38,216,79.0,Approved
Health & Safety,Sick Leave,1,2,1,0,28,108,82.9,Approved
Health & Safety,Sick Leave,1,2,2,0,47,168,95.5,Approved
Administration,Casual Leave,1,2,2,3,38,216,85.1,Approved
Health & Safety,Sick Leave,1,2,3,1,28,108,95.4,Approved
Administration,Casual Leave,1,2,3,4,38,216,84.5,Approved
Administration,Casual Leave,1,2,3,4,30,108,95.7,Approved
Health & Safety,Sick Leave,1,2,4,0,41,180,86.9,Approved
Administration,Casual Leave,1,2,4,5,38,216,82.7,Rejected
Administration,Casual Leave,1,2,0,0,31,12,91.0,Approved
Administration,Casual Leave,1,2,0,5,38,216,75.6,Approved
Health & Safety,Sick Leave,1,2,1,2,28,108,84.5,Approved
Administration,Casual Leave,1,2,2,6,38,216,77.7,Approved
Administration,Casual Leave,1,2,3,7,38,216,89.9,Approved
Health & Safety,Sick Leave,1,2,3,3,28,108,98.1,Approved
Health & Safety,Sick Leave,1,2,3,5,30,108,100.0,Approved
Health & Safety,Sick Leave,1,2,4,4,40,204,91.3,Approved
Administration,Casual Leave,1,2,4,8,38,216,92.9,Approved
Health & Safety,Sick Leave,1,2,2,1,31,12,88.6,Approved
Administration,Casual Leave,1,2,2,6,30,108,82.4,Approved
Health & Safety,Sick Leave,1,2,3,9,38,216,89.8,Approved
Health & Safety,Sick Leave,1,2,0,1,34,168,91.5,Approved
Health & Safety,Sick Leave,1,2,0,0,32,96,86.2,Approved
Health & Safety,Sick Leave,1,2,0,4,28,108,84.2,Approved
Administration,Casual Leave,1,2,1,10,38,216,96.7,Approved
Health & Safety,Sick Leave,1,2,1,1,47,168,97.9,Approved
Health & Safety,Sick Leave,1,2,1,5,28,108,98.0,Approved
Health & Safety,Sick Leave,1,2,4,1,32,96,83.4,Approved
Administration,Casual Leave,1,3,0,11,38,216,77.8,Approved
Health & Safety,Sick Leave,1,3,0,2,47,168,89.6,Approved
Health & Safety,Sick Leave,1,3,1,0,58,192,90.4,Rejected
Health & Safety,Sick Leave,1,3,1,3,47,168,86.2,Approved
Health & Safety,Sick Leave,10,3,1,0,58,192,96.7,Approved
Administration,Casual Leave,1,3,2,12,38,216,89.1,Approved
Administration,Casual Leave,1,3,3,6,28,108,87.3,Approved
Administration,Casual Leave,1,3,3,13,38,216,85.1,Approved
Health & Safety,Sick Leave,1,3,3,7,28,108,82.0,Approved
Administration,Casual Leave,1,3,4,7,30,108,100.0,Approved
Health & Safety,Sick Leave,1,3,0,2,32,96,87.0,Rejected
Administration,Casual Leave,1,3,0,0,28,36,95.7,Approved
Health & Safety,Sick Leave,1,3,1,14,38,216,94.1,Approved
Administration,Casual Leave,1,3,4,8,30,108,93.6,Rejected
Health & Safety,Sick Leave,1,3,0,15,38,216,89.9,Rejected
Health & Safety,Sick Leave,1,3,0,4,47,168,84.1,Approved
Administration,Casual Leave,1,3,0,15,38,216,81.6,Rejected
Health & Safety,Sick Leave,1,3,0,8,28,108,88.1,Approved
Administration,Casual Leave,1,3,1,15,38,216,75.9,Rejected
Health & Safety,Sick Leave,1,3,2,1,33,156,83.8,Approved
Health & Safety,Sick Leave,1,3,2,1,58,192,83.6,Approved
Health & Safety,Sick Leave,1,3,3,5,47,168,89.9,Approved
Health & Safety,Sick Leave,1,3,4,8,30,108,90.0,Approved
Administration,Casual Leave,1,3,4,15,38,216,87.5,Approved
Administration,Casual Leave,1,3,1,16,38,216,77.8,Rejected
Health & Safety,Sick Leave,1,3,2,0,46,288,89.4,Approved
Health & Safety,Sick Leave,3,3,2,2,34,168,98.0,Approved
Administration,Casual Leave,1,3,2,16,38,216,88.4,Approved
Administration,Casual Leave,1,3,3,17,38,216,87.5,Approved
Health & Safety,Sick Leave,1,3,0,9,30,108,83.9,Rejected
Administration,Casual Leave,10,3,0,2,33,156,93.6,Rejected
Health & Safety,Sick Leave,1,3,2,0,31,144,83.9,Approved
Health & Safety,Sick Leave,1,4,0,9,28,108,90.6,Rejected
Health & Safety,Sick Leave,1,4,0,0,37,120,90.6,Approved
Administration,Casual Leave,1,4,1,1,28,36,90.1,Approved
Administration,Casual Leave,1,4,2,6,47,168,79.4,Approved
Health & Safety,Sick Leave,1,4,3,0,33,156,100.0,Approved
Administration,Casual Leave,1,4,4,9,30,108,81.5,Approved
Health & Safety,Sick Leave,3,4,0,1,31,144,73.9,Approved
Operations,Annual Leave,1,4,1,5,40,204,88.0,Approved
Health & Safety,Sick Leave,1,4,1,0,50,216,93.5,Approved
Health & Safety,Sick Leave,1,4,1,2,28,36,89.5,Approved
Health & Safety,Sick Leave,1,4,2,1,37,120,92.9,Rejected
Health & Safety,Sick Leave,1,4,4,0,37,168,94.7,Approved
Administration,Casual Leave,1,4,0,9,28,108,86.5,Rejected
Operations,Annual Leave,1,4,1,2,32,96,84.4,Approved
Health & Safety,Sick Leave,1,4,1,3,34,168,100.0,Approved
Administration,Casual Leave,1,4,3,9,28,108,86.9,Approved
Health & Safety,Sick Leave,1,4,3,1,50,216,97.4,Approved
Health & Safety,Sick Leave,1,5,0,1,37,168,87.3,Approved
Administration,Casual Leave,1,5,2,1,41,180,83.6,Approved
Health & Safety,Sick Leave,1,5,2,3,32,96,79.4,Approved
Health & Safety,Sick Leave,1,5,2,1,37,120,97.5,Approved
Administration,Casual Leave,1,5,2,0,43,156,96.9,Approved
Health & Safety,Sick Leave,1,5,3,10,30,108,85.4,Approved
Health & Safety,Sick Leave,1,5,3,0,40,144,86.6,Approved
Health & Safety,Sick Leave,1,5,3,2,41,180,81.2,Rejected
Administration,Casual Leave,8,5,4,0,43,156,96.3,Approved
Health & Safety,Sick Leave,1,5,4,2,41,180,86.2,Rejected
Administration,Casual Leave,1,5,4,11,30,108,85.6,Approved
Health & Safety,Sick Leave,1,5,0,2,50,216,84.9,Approved
Health & Safety,Sick Leave,1,5,1,3,50,216,88.9,Approved
Health & Safety,Sick Leave,1,5,1,2,37,120,89.9,Approved
Administration,Casual Leave,1,5,1,4,50,216,77.8,Rejected
Administration,Casual Leave,1,5,2,12,30,108,80.7,Approved
Administration,Casual Leave,1,5,2,1,36,132,90.5,Rejected
Operations,Annual Leave,1,5,4,6,40,204,94.1,Approved
Health & Safety,Sick Leave,6,5,0,4,34,168,85.3,Rejected
Health & Safety,Sick Leave,1,5,0,4,32,96,97.6,Approved
Health & Safety,Sick Leave,1,5,2,1,40,144,80.7,Approved
Health & Safety,Sick Leave,1,5,2,7,40,204,85.7,Approved
Health & Safety,Sick Leave,1,5,2,10,28,108,80.9,Approved
Health & Safety,Sick Leave,1,5,3,0,28,48,93.8,Rejected
Health & Safety,Sick Leave,1,5,3,5,32,96,78.2,Approved
Health & Safety,Sick Leave,1,5,0,3,28,36,88.0,Approved
Health & Safety,Sick Leave,1,5,2,4,34,168,100.0,Approved
Health & Safety,Sick Leave,1,5,4,8,40,204,87.9,Approved
Health & Safety,Sick Leave,1,5,4,5,34,168,92.0,Approved
Health & Safety,Sick Leave,1,5,0,11,28,108,86.5,Rejected
Health & Safety,Sick Leave,1,6,2,1,46,288,87.7,Approved
Administration,Casual Leave,1,6,2,13,30,108,88.7,Approved
Administration,Casual Leave,1,6,4,3,37,120,86.5,Approved
Health & Safety,Sick Leave,1,6,2,4,37,120,95.7,Approved
Health & Safety,Sick Leave,1,6,3,1,36,132,82.4,Approved
Administration,Casual Leave,3,6,3,4,50,216,86.1,Approved
Administration,Casual Leave,1,6,4,2,31,12,93.0,Rejected
Administration,Casual Leave,1,6,4,14,30,108,93.5,Approved
Administration,Casual Leave,1,6,0,0,48,144,79.3,Rejected
Administration,Casual Leave,1,6,0,0,33,96,86.9,Rejected
Administration,Casual Leave,1,6,3,5,50,216,91.8,Approved
Health & Safety,Sick Leave,1,6,3,15,30,108,99.7,Rejected
Health & Safety,Sick Leave,1,6,3,2,40,144,83.3,Approved
Health & Safety,Sick Leave,1,6,0,15,30,108,78.4,Approved
Health & Safety,Sick Leave,1,6,0,5,37,120,87.9,Rejected
Health & Safety,Sick Leave,1,6,3,2,31,12,99.6,Approved
Health & Safety,Sick Leave,1,6,4,5,37,120,90.8,Rejected
Health & Safety,Sick Leave,1,6,2,5,37,120,89.4,Approved
Health & Safety,Sick Leave,1,6,2,3,31,12,78.1,Approved
Administration,Casual Leave,1,7,2,1,43,156,94.3,Approved
Administration,Casual Leave,1,7,4,4,31,12,92.2,Approved
Health & Safety,Sick Leave,1,7,0,2,58,192,82.8,Approved
Health & Safety,Sick Leave,1,7,0,6,37,120,81.5,Approved
Health & Safety,Sick Leave,10,7,1,3,58,192,74.5,Approved
Health & Safety,Sick Leave,2,7,1,1,33,156,89.4,Approved
Health & Safety,Sick Leave,1,7,2,7,37,120,86.1,Approved
Health & Safety,Sick Leave,1,7,2,4,28,36,91.0,Approved
Health & Safety,Sick Leave,1,7,2,11,28,108,78.4,Approved
Health & Safety,Sick Leave,10,7,0,2,31,144,91.0,Approved
Health & Safety,Sick Leave,1,7,1,2,33,156,93.9,Rejected
Health & Safety,Sick Leave,1,7,1,2,37,168,97.6,Approved
Administration,Casual Leave,1,7,1,0,33,156,100.0,Approved
Administration,Casual Leave,1,7,1,0,50,216,80.6,Rejected
Health & Safety,Sick Leave,1,7,2,0,38,216,95.4,Approved
Health & Safety,Sick Leave,1,7,3,0,39,168,78.6,Rejected
Health & Safety,Sick Leave,1,7,3,1,33,156,98.9,Approved
Health & Safety,Sick Leave,1,7,4,1,38,216,96.7,Rejected
Health & Safety,Sick Leave,1,7,4,0,28,36,91.6,Approved
Health & Safety,Sick Leave,1,7,4,0,36,132,82.1,Approved
Administration,Casual Leave,5,7,0,0,34,168,79.9,Approved
Health & Safety,Sick Leave,1,7,0,0,37,168,87.8,Approved
Health & Safety,Sick Leave,1,7,0,1,36,132,84.1,Rejected
Health & Safety,Sick Leave,1,7,1,1,36,132,93.0,Rejected
Health & Safety,Sick Leave,1,7,2,1,36,132,93.8,Approved
Health & Safety,Sick Leave,1,7,2,1,38,216,89.1,Approved
Health & Safety,Sick Leave,1,7,2,2,38,216,92.6,Approved
Health & Safety,Sick Leave,1,7,4,0,41,192,91.2,Approved
Operations,Annual Leave,1,7,0,3,38,216,88.8,Approved
Health & Safety,Sick Leave,1,7,3,0,33,156,89.0,Approved
Health & Safety,Sick Leave,1,8,2,0,47,168,87.9,Approved
Health & Safety,Sick Leave,1,8,2,0,28,48,80.9,Approved
Health & Safety,Sick Leave,1,8,0,4,38,216,87.1,Approved
Health & Safety,Sick Leave,5,8,0,1,28,36,83.6,Rejected
Health & Safety,Sick Leave,1,8,4,2,36,132,89.2,Approved
Operations,Annual Leave,1,8,0,2,33,156,96.7,Rejected
Health & Safety,Sick Leave,1,8,0,1,28,36,92.7,Approved
Health & Safety,Sick Leave,1,8,1,2,33,156,72.9,Approved
Health & Safety,Sick Leave,1,8,2,0,29,72,81.6,Approved
Operations,Annual Leave,1,8,2,3,33,156,88.2,Rejected
Health & Safety,Sick Leave,1,8,4,5,38,216,95.3,Approved
Operations,Annual Leave,1,8,0,6,38,216,87.7,Approved
Operations,Annual Leave,1,8,3,0,48,144,93.4,Approved
Health & Safety,Sick Leave,1,8,3,1,37,168,80.1,Approved
Operations,Annual Leave,1,8,0,1,48,144,77.9,Rejected
Health & Safety,Sick Leave,1,8,0,7,38,216,96.4,Approved
Health & Safety,Sick Leave,1,8,0,2,28,36,85.2,Approved
Operations,Annual Leave,1,8,1,3,33,156,84.1,Approved
Health & Safety,Sick Leave,1,8,3,0,32,144,84.4,Approved
Health & Safety,Sick Leave,1,8,4,1,48,144,84.6,Approved
Health & Safety,Sick Leave,1,8,4,3,36,132,88.0,Approved
Health & Safety,Sick Leave,1,9,1,0,27,84,93.7,Approved
Health & Safety,Sick Leave,1,9,0,0,37,120,88.9,Approved
Health & Safety,Sick Leave,1,9,1,8,38,216,87.8,Approved
Administration,Casual Leave,1,9,1,0,43,156,87.7,Approved
Health & Safety,Sick Leave,1,9,2,1,34,168,99.0,Approved
Health & Safety,Sick Leave,1,9,0,1,37,120,86.7,Approved
Health & Safety,Sick Leave,1,9,1,9,38,216,81.1,Rejected
Health & Safety,Sick Leave,1,9,3,0,40,144,94.2,Rejected
Health & Safety,Sick Leave,1,9,4,4,36,132,84.2,Approved
Health & Safety,Sick Leave,4,9,0,0,40,144,80.8,Approved
Administration,Casual Leave,1,9,0,5,36,132,85.3,Rejected
Administration,Casual Leave,1,9,0,0,28,108,86.6,Rejected
Health & Safety,Sick Leave,1,9,1,0,28,108,85.4,Rejected
Health & Safety,Sick Leave,1,9,1,2,37,120,76.4,Rejected
Administration,Casual Leave,1,9,1,4,33,156,97.6,Rejected
Administration,Casual Leave,1,9,1,0,50,216,80.7,Rejected
Operations,Annual Leave,1,9,2,0,28,108,89.0,Approved
Health & Safety,Sick Leave,1,9,2,9,38,216,91.1,Approved
Administration,Casual Leave,1,9,2,0,31,144,87.6,Rejected
Health & Safety,Sick Leave,1,9,4,1,47,168,85.1,Approved
Health & Safety,Sick Leave,1,9,4,10,38,216,84.6,Approved
Health & Safety,Sick Leave,1,9,4,5,36,132,85.8,Approved
Health & Safety,Sick Leave,1,10,1,11,38,216,87.6,Approved
Health & Safety,Sick Leave,1,10,1,2,37,120,89.2,Approved
Administration,Casual Leave,1,10,2,0,50,216,88.3,Rejected
Health & Safety,Sick Leave,1,10,3,0,30,108,90.5,Approved
Health & Safety,Sick Leave,1,10,4,12,38,216,90.9,Rejected
Health & Safety,Sick Leave,1,10,4,1,28,108,89.1,Rejected
Health & Safety,Sick Leave,1,10,2,1,28,108,90.2,Rejected
Health & Safety,Sick Leave,1,10,2,2,47,168,86.3,Approved
Health & Safety,Sick Leave,1,10,3,1,40,144,95.1,Approved
Health & Safety,Sick Leave,1,10,2,12,38,216,92.8,Approved
Health & Safety,Sick Leave,1,10,2,1,28,108,91.3,Approved
Administration,Casual Leave,2,10,3,6,36,132,90.0,Approved
Health & Safety,Sick Leave,1,10,1,2,40,144,100.0,Approved
Health & Safety,Sick Leave,1,10,1,2,28,108,87.0,Approved
Administration,Casual Leave,1,10,2,4,33,156,95.3,Rejected
Health & Safety,Sick Leave,1,10,4,3,28,36,85.9,Rejected
Health & Safety,Sick Leave,1,10,4,7,36,132,88.6,Approved
Health & Safety,Sick Leave,1,11,3,13,38,216,77.7,Approved
Health & Safety,Sick Leave,1,11,2,3,28,108,89.2,Approved
Health & Safety,Sick Leave,1,11,3,14,38,216,94.8,Approved
Operations,Annual Leave,1,11,3,0,40,204,82.2,Approved
Health & Safety,Sick Leave,1,11,3,3,40,144,93.9,Approved
Health & Safety,Sick Leave,4,11,0,2,34,168,85.4,Rejected
Health & Safety,Sick Leave,1,11,0,1,33,156,76.7,Approved
Health & Safety,Sick Leave,5,11,0,4,40,144,88.5,Rejected
Health & Safety,Sick Leave,1,11,4,2,34,168,87.0,Approved
Health & Safety,Sick Leave,1,11,2,4,28,108,96.0,Approved
Operations,Annual Leave,1,11,2,1,40,204,87.8,Approved
Health & Safety,Sick Leave,1,11,4,5,28,108,88.8,Approved
Health & Safety,Sick Leave,1,11,4,8,36,132,80.3,Approved
Health & Safety,Sick Leave,1,11,0,3,47,168,85.2,Approved
Health & Safety,Sick Leave,1,11,1,6,28,108,85.3,Approved
Health & Safety,Sick Leave,3,11,2,4,33,156,92.6,Rejected
Health & Safety,Sick Leave,1,11,3,4,40,144,86.1,Approved
Health & Safety,Sick Leave,1,12,1,4,47,168,89.4,Rejected
Administration,Casual Leave,8,12,1,3,37,120,78.7,Approved
Health & Safety,Sick Leave,1,12,2,0,50,216,85.9,Approved
Administration,Casual Leave,1,12,2,2,37,168,83.0,Rejected
Health & Safety,Sick Leave,1,12,3,7,28,108,91.1,Approved
Administration,Casual Leave,1,12,4,9,36,132,87.2,Approved
Administration,Casual Leave,7,12,1,4,37,120,90.5,Approved
Health & Safety,Sick Leave,1,12,2,3,28,36,82.4,Approved
Health & Safety,Sick Leave,1,12,3,8,28,108,88.2,Approved
Health & Safety,Sick Leave,1,12,4,10,36,132,90.3,Approved
Health & Safety,Sick Leave,1,12,1,9,28,108,86.9,Rejected
Administration,Casual Leave,1,12,4,5,37,120,84.7,Approved
Administration,Casual Leave,1,12,4,1,41,192,84.9,Approved
Health & Safety,Sick Leave,1,12,4,9,28,108,95.0,Approved
Health & Safety,Sick Leave,1,1,2,0,28,108,87.5,Rejected
Administration,Casual Leave,1,1,0,0,37,120,96.8,Approved
Administration,Casual Leave,1,1,1,1,37,120,98.6,Approved
Operations,Annual Leave,1,1,1,0,34,168,89.2,Approved
Administration,Casual Leave,1,1,2,0,28,108,86.6,Approved
Health & Safety,Sick Leave,1,1,3,0,27,84,90.1,Approved
Health & Safety,Sick Leave,1,1,3,1,28,108,91.9,Rejected
Administration,Casual Leave,1,1,4,1,28,108,93.7,Approved
Administration,Casual Leave,1,1,0,2,37,120,97.3,Approved
Administration,Casual Leave,1,1,1,2,28,108,92.4,Approved
Administration,Casual Leave,1,1,1,3,37,120,88.1,Approved
Administration,Casual Leave,1,1,2,4,37,120,83.2,Approved
Administration,Casual Leave,1,1,3,5,37,120,86.5,Approved
Administration,Casual Leave,1,1,4,6,37,120,88.6,Approved
Operations,Annual Leave,1,1,1,0,30,108,84.4,Approved
Operations,Annual Leave,1,1,1,0,33,156,84.3,Approved
Administration,Casual Leave,1,1,0,7,37,120,91.7,Approved
Health & Safety,Sick Leave,1,1,1,3,28,108,98.0,Rejected
Health & Safety,Sick Leave,1,1,3,1,33,156,86.7,Approved
Health & Safety,Sick Leave,1,2,4,1,27,84,84.7,Approved
Health & Safety,Sick Leave,1,2,2,0,41,192,86.7,Approved
Health & Safety,Sick Leave,1,2,2,0,38,216,88.7,Approved
Health & Safety,Sick Leave,1,2,3,1,34,168,88.6,Approved
Health & Safety,Sick Leave,1,2,3,0,33,156,95.9,Rejected
Health & Safety,Sick Leave,1,2,4,0,36,132,89.3,Approved
Health & Safety,Sick Leave,1,2,4,2,33,156,89.8,Approved
Health & Safety,Sick Leave,1,2,0,0,50,108,85.4,Rejected
Health & Safety,Sick Leave,1,2,1,0,50,108,87.5,Approved
Health & Safety,Sick Leave,1,2,0,3,28,108,94.5,Approved
Health & Safety,Sick Leave,1,2,1,4,28,108,94.8,Rejected
Health & Safety,Sick Leave,1,2,1,1,30,108,87.9,Approved
Health & Safety,Sick Leave,1,2,1,2,27,84,88.2,Approved
Health & Safety,Sick Leave,1,2,3,4,28,108,88.9,Rejected
Operations,Annual Leave,1,2,0,0,28,48,85.7,Approved
Health & Safety,Sick Leave,1,2,1,1,28,48,100.0,Approved
Health & Safety,Sick Leave,1,2,2,4,28,108,79.7,Approved
Administration,Casual Leave,1,2,3,0,33,156,94.9,Approved
Health & Safety,Sick Leave,1,3,1,0,32,144,79.4,Approved
Administration,Casual Leave,1,3,1,1,36,132,88.2,Approved
Administration,Casual Leave,1,3,1,0,29,72,81.3,Approved
Operations,Annual Leave,1,3,1,0,40,204,87.4,Approved
Health & Safety,Sick Leave,1,3,2,0,40,144,87.5,Approved
Health & Safety,Sick Leave,1,3,2,2,36,132,78.1,Approved
Health & Safety,Sick Leave,1,3,3,2,30,108,87.1,Approved
Health & Safety,Sick Leave,1,3,4,0,47,168,88.5,Approved
Health & Safety,Sick Leave,5,3,4,3,36,132,84.1,Approved
Health & Safety,Sick Leave,5,3,0,1,40,204,88.3,Approved
Health & Safety,Sick Leave,2,3,0,2,34,168,82.9,Approved
Administration,Casual Leave,2,3,0,4,36,132,89.2,Rejected
Health & Safety,Sick Leave,1,3,1,3,34,168,92.0,Approved
Health & Safety,Sick Leave,1,3,3,3,33,156,82.4,Rejected
Health & Safety,Sick Leave,1,3,3,2,40,204,91.0,Approved
Health & Safety,Sick Leave,1,3,4,4,36,132,91.9,Approved
Health & Safety,Sick Leave,1,3,4,5,28,108,94.7,Approved
Health & Safety,Sick Leave,1,3,0,0,39,168,77.0,Approved
Health & Safety,Sick Leave,3,3,1,1,38,216,83.6,Approved
Health & Safety,Sick Leave,1,3,2,6,28,108,79.6,Approved
Health & Safety,Sick Leave,1,3,0,7,28,108,90.2,Approved
Health & Safety,Sick Leave,1,3,0,3,30,108,96.2,Approved
Health & Safety,Sick Leave,1,3,1,8,28,108,90.7,Approved
Health & Safety,Sick Leave,2,3,2,9,28,108,86.5,Approved
Health & Safety,Sick Leave,1,3,2,2,38,216,93.9,Approved
Health & Safety,Sick Leave,2,3,3,1,39,168,87.9,Approved
Health & Safety,Sick Leave,1,3,4,10,28,108,90.1,Approved
Health & Safety,Sick Leave,1,3,4,1,47,168,85.2,Approved
Health & Safety,Sick Leave,1,3,0,11,28,108,92.2,Approved
Health & Safety,Sick Leave,1,4,2,1,40,144,89.4,Rejected
Health & Safety,Sick Leave,1,4,2,12,28,108,82.8,Approved
Health & Safety,Sick Leave,1,4,1,4,34,168,88.7,Approved
Health & Safety,Sick Leave,3,4,2,1,41,192,90.1,Approved
Health & Safety,Sick Leave,1,4,3,5,34,168,87.6,Approved
Health & Safety,Sick Leave,1,4,4,13,28,108,88.9,Approved
Health & Safety,Sick Leave,1,4,4,5,36,132,91.8,Approved
Health & Safety,Sick Leave,3,4,2,3,38,216,86.4,Approved
Health & Safety,Sick Leave,1,4,3,0,50,216,85.0,Approved
Health & Safety,Sick Leave,1,4,4,1,40,144,90.8,Approved
Health & Safety,Sick Leave,1,4,4,2,41,192,87.7,Approved
Health & Safety,Sick Leave,1,4,4,2,40,144,99.0,Approved
Health & Safety,Sick Leave,1,4,4,2,47,168,83.9,Approved
Administration,Casual Leave,7,4,4,6,36,132,98.1,Approved
Administration,Casual Leave,1,4,1,3,33,156,90.6,Approved
Health & Safety,Sick Leave,3,4,2,6,34,168,85.1,Approved
Administration,Casual Leave,1,4,2,0,36,132,96.2,Approved
Health & Safety,Sick Leave,2,4,3,4,33,156,88.5,Rejected
Health & Safety,Sick Leave,1,4,4,0,37,168,91.3,Approved
Administration,Casual Leave,1,4,0,0,48,144,91.9,Rejected
Health & Safety,Sick Leave,1,5,2,4,33,156,90.3,Approved
Health & Safety,Sick Leave,1,5,3,7,34,168,82.4,Approved
Health & Safety,Sick Leave,1,5,0,8,34,168,81.1,Approved
Operations,Annual Leave,1,5,1,4,38,216,91.4,Approved
Administration,Casual Leave,1,5,1,14,28,108,79.8,Rejected
Health & Safety,Sick Leave,1,5,2,3,27,84,83.7,Approved
Health & Safety,Sick Leave,1,5,0,9,34,168,71.9,Approved
Health & Safety,Sick Leave,1,5,1,5,38,216,90.1,Rejected
Health & Safety,Sick Leave,3,5,2,5,33,156,73.8,Approved
Administration,Casual Leave,1,5,2,2,39,168,89.9,Rejected
Administration,Casual Leave,1,5,2,2,28,48,87.5,Rejected
Administration,Casual Leave,1,5,2,1,36,132,83.8,Rejected
Administration,Casual Leave,1,5,2,1,50,108,82.5,Rejected
Health & Safety,Sick Leave,1,5,1,5,38,216,88.4,Approved
Health & Safety,Sick Leave,3,5,2,1,50,216,84.7,Approved
Health & Safety,Sick Leave,1,5,4,0,28,36,82.8,Rejected
Administration,Casual Leave,1,6,0,3,41,192,84.5,Approved
Health & Safety,Sick Leave,1,6,0,0,28,36,92.8,Approved
Health & Safety,Sick Leave,3,6,1,4,41,192,87.0,Approved
Health & Safety,Sick Leave,1,6,3,3,40,144,80.2,Approved
Health & Safety,Sick Leave,1,6,4,5,41,192,83.4,Approved
Health & Safety,Sick Leave,1,6,0,6,38,216,84.2,Approved
Health & Safety,Sick Leave,1,6,0,10,34,168,97.8,Approved
Health & Safety,Sick Leave,1,6,0,6,41,192,81.4,Approved
Health & Safety,Sick Leave,1,6,2,2,50,216,96.0,Approved
Health & Safety,Sick Leave,2,6,4,1,37,168,95.7,Approved
Health & Safety,Sick Leave,1,6,1,3,50,216,80.1,Rejected
Health & Safety,Sick Leave,10,6,2,3,50,216,84.3,Approved
Health & Safety,Sick Leave,1,6,3,1,36,132,88.2,Approved
Health & Safety,Sick Leave,1,6,4,7,38,216,89.4,Rejected
Health & Safety,Sick Leave,1,6,0,0,49,348,88.3,Approved
Health & Safety,Sick Leave,1,6,3,14,28,108,81.1,Rejected
Administration,Casual Leave,2,7,1,11,34,168,90.5,Approved
Health & Safety,Sick Leave,1,7,2,4,50,216,81.9,Approved
Health & Safety,Sick Leave,1,7,4,8,37,120,86.0,Approved
Administration,Casual Leave,1,7,4,9,37,120,86.2,Approved
Administration,Casual Leave,1,7,1,2,28,48,85.4,Approved
Operations,Annual Leave,1,7,3,4,30,108,86.9,Rejected
Health & Safety,Sick Leave,1,7,4,12,34,168,86.7,Approved
Health & Safety,Sick Leave,1,7,0,3,28,48,88.6,Approved
Health & Safety,Sick Leave,1,7,1,4,28,48,96.8,Approved
Health & Safety,Sick Leave,1,7,0,1,29,72,83.9,Approved
Health & Safety,Sick Leave,1,7,1,1,28,36,87.8,Approved
Administration,Casual Leave,1,7,2,6,33,156,93.1,Approved
Administration,Casual Leave,1,7,3,7,38,216,97.0,Approved
Administration,Casual Leave,4,7,0,7,33,156,84.6,Rejected
Administration,Casual Leave,1,7,3,7,33,156,95.0,Approved
Administration,Casual Leave,1,7,3,7,36,132,87.4,Rejected
Administration,Casual Leave,1,8,4,8,33,156,80.6,Rejected
Administration,Casual Leave,1,8,4,2,29,72,88.1,Approved
Health & Safety,Sick Leave,1,8,0,8,33,156,86.2,Approved
Operations,Annual Leave,1,8,1,0,58,192,80.5,Approved
Health & Safety,Sick Leave,1,8,3,0,43,156,94.4,Approved
Health & Safety,Sick Leave,1,8,3,1,43,156,89.0,Approved
Health & Safety,Sick Leave,1,8,4,7,36,132,99.6,Approved
Health & Safety,Sick Leave,1,8,1,9,33,156,85.1,Approved
Health & Safety,Sick Leave,1,8,2,3,47,168,92.6,Approved
Health & Safety,Sick Leave,1,8,3,0,33,96,97.9,Approved
Health & Safety,Sick Leave,1,8,3,4,30,108,81.3,Approved
Health & Safety,Sick Leave,1,8,3,5,50,216,88.6,Approved
Health & Safety,Sick Leave,1,8,0,4,47,168,92.3,Approved
Health & Safety,Sick Leave,1,8,1,2,37,168,93.6,Approved
Health & Safety,Sick Leave,1,8,3,6,50,216,90.4,Approved
Administration,Casual Leave,1,8,3,3,37,168,95.5,Approved
Health & Safety,Sick Leave,1,8,1,2,28,36,79.4,Rejected
Health & Safety,Sick Leave,1,8,2,4,27,84,91.7,Approved
Health & Safety,Sick Leave,1,9,0,8,38,216,91.4,Rejected
Health & Safety,Sick Leave,1,9,4,8,38,216,85.0,Approved
Administration,Casual Leave,3,9,2,10,33,156,86.7,Approved
Administration,Casual Leave,1,9,3,1,43,156,78.2,Rejected
Health & Safety,Sick Leave,2,9,0,7,41,192,89.6,Approved
Health & Safety,Sick Leave,1,9,1,4,40,144,80.1,Approved
Administration,Casual Leave,1,9,1,0,39,168,75.6,Rejected
Administration,Casual Leave,1,9,1,1,32,144,96.8,Rejected
Health & Safety,Sick Leave,1,9,2,9,38,216,82.0,Approved
Health & Safety,Sick Leave,4,9,2,8,41,192,85.0,Approved
Health & Safety,Sick Leave,1,9,3,10,38,216,83.6,Approved
Health & Safety,Sick Leave,1,9,4,5,40,144,88.9,Approved
Health & Safety,Sick Leave,1,9,4,8,36,132,80.9,Approved
Administration,Casual Leave,1,9,2,1,43,156,94.6,Approved
Health & Safety,Sick Leave,1,9,3,7,50,216,90.3,Approved
Administration,Casual Leave,1,9,3,2,43,156,96.1,Rejected
Health & Safety,Sick Leave,1,9,4,6,40,144,80.9,Approved
Health & Safety,Sick Leave,5,9,0,7,40,144,81.6,Rejected
Health & Safety,Sick Leave,1,9,0,11,38,216,92.3,Approved
Operations,Annual Leave,1,10,0,11,33,156,84.8,Approved
Administration,Casual Leave,1,10,0,4,37,168,91.0,Rejected
Administration,Casual Leave,1,10,0,12,33,156,95.6,Approved
Health & Safety,Sick Leave,1,10,4,13,33,156,83.5,Approved
Administration,Casual Leave,1,10,4,8,50,216,80.1,Rejected
Administration,Casual Leave,1,10,4,5,47,168,82.8,Rejected
Health & Safety,Sick Leave,1,10,0,5,30,108,88.9,Approved
Health & Safety,Sick Leave,1,10,0,10,37,120,100.0,Rejected
Health & Safety,Sick Leave,1,10,0,0,31,144,83.1,Approved
Health & Safety,Sick Leave,1,10,2,12,38,216,83.3,Approved
Health & Safety,Sick Leave,8,10,2,6,30,108,86.3,Rejected
Administration,Casual Leave,1,10,2,2,43,156,84.0,Rejected
Administration,Casual Leave,2,10,3,14,33,156,93.0,Rejected
Health & Safety,Sick Leave,1,10,4,9,36,132,90.8,Rejected
Administration,Casual Leave,1,10,4,2,43,156,78.8,Rejected
Health & Safety,Sick Leave,1,10,0,2,43,156,82.0,Approved
Health & Safety,Sick Leave,1,10,1,8,50,216,90.4,Approved
Health & Safety,Sick Leave,1,10,1,7,40,144,86.2,Rejected
Health & Safety,Sick Leave,2,10,3,6,30,108,90.8,Rejected
Health & Safety,Sick Leave,1,10,3,9,50,216,85.3,Approved
Health & Safety,Sick Leave,1,10,0,2,28,36,87.3,Approved
Administration,Casual Leave,1,10,1,9,36,132,89.3,Rejected
Administration,Casual Leave,1,10,1,7,40,144,82.4,Rejected
Administration,Casual Leave,1,10,1,3,29,72,92.0,Rejected
Health & Safety,Sick Leave,1,10,2,6,30,108,86.1,Approved
Health & Safety,Sick Leave,1,10,2,7,30,108,89.2,Approved
Health & Safety,Sick Leave,1,10,3,10,50,216,92.2,Approved
Health & Safety,Sick Leave,1,11,0,10,37,120,89.4,Approved
Health & Safety,Sick Leave,1,11,0,5,47,168,88.6,Approved
Health & Safety,Sick Leave,1,11,1,13,38,216,83.0,Rejected
Health & Safety,Sick Leave,1,11,4,9,36,132,95.3,Approved
Health & Safety,Sick Leave,1,11,0,7,40,144,100.0,Approved
Health & Safety,Sick Leave,1,11,0,2,36,132,88.4,Approved
Health & Safety,Sick Leave,10,11,0,13,34,168,87.9,Approved
Administration,Casual Leave,1,11,0,3,43,156,80.0,Approved
Administration,Casual Leave,1,11,1,5,28,48,88.1,Rejected
Operations,Annual Leave,1,11,2,4,37,168,96.5,Approved
Health & Safety,Sick Leave,1,11,2,11,37,120,85.2,Rejected
Health & Safety,Sick Leave,1,11,3,5,37,168,86.2,Rejected
Health & Safety,Sick Leave,1,11,3,13,38,216,87.8,Approved
Health & Safety,Sick Leave,1,11,4,9,41,192,85.3,Approved
Health & Safety,Sick Leave,1,11,4,8,40,144,93.5,Rejected
Health & Safety,Sick Leave,1,11,0,10,41,192,88.9,Approved
Health & Safety,Sick Leave,1,11,1,14,38,216,82.7,Approved
Health & Safety,Sick Leave,1,11,2,10,36,132,86.5,Approved
Operations,Annual Leave,1,11,4,11,36,132,81.5,Approved
Administration,Casual Leave,1,11,4,3,36,132,85.3,Rejected
Administration,Casual Leave,1,11,1,2,39,168,78.9,Rejected
Health & Safety,Sick Leave,1,11,3,15,38,216,83.0,Approved
Health & Safety,Sick Leave,1,12,0,14,28,108,82.0,Approved
Health & Safety,Sick Leave,1,12,0,16,38,216,93.5,Approved
Health & Safety,Sick Leave,1,12,0,17,38,216,87.9,Approved
Health & Safety,Sick Leave,1,12,0,5,37,168,86.1,Rejected
Health & Safety,Sick Leave,1,12,1,11,50,216,77.3,Approved
Health & Safety,Sick Leave,1,12,4,12,36,132,86.8,Approved
Health & Safety,Sick Leave,1,12,3,11,41,192,87.9,Rejected
Health & Safety,Sick Leave,1,12,3,18,38,216,84.9,Approved
Health & Safety,Sick Leave,1,12,4,19,38,216,98.4,Approved
Health & Safety,Sick Leave,1,12,1,8,30,108,88.6,Approved
Health & Safety,Sick Leave,1,12,1,11,37,120,93.0,Rejected
Health & Safety,Sick Leave,1,12,3,5,37,168,89.9,Rejected
Health & Safety,Sick Leave,1,12,1,4,43,156,84.1,Rejected
Health & Safety,Sick Leave,1,12,1,5,37,168,89.0,Approved
Administration,Casual Leave,1,12,2,13,36,132,77.9,Approved
Health & Safety,Sick Leave,1,12,0,3,29,72,79.7,Approved
Health & Safety,Sick Leave,1,12,0,20,38,216,85.1,Approved
Administration,Casual Leave,1,12,0,14,33,156,98.5,Rejected
Health & Safety,Sick Leave,1,1,2,0,28,108,91.5,Approved
Administration,Casual Leave,4,1,0,0,37,120,82.1,Approved
Health & Safety,Sick Leave,1,1,0,0,34,168,90.3,Rejected
Health & Safety,Sick Leave,1,1,1,0,37,168,84.8,Rejected
Health & Safety,Sick Leave,1,1,1,0,34,168,82.9,Approved
Administration,Casual Leave,1,1,0,0,33,156,91.4,Approved
Health & Safety,Sick Leave,1,1,2,0,40,144,82.4,Approved
Administration,Casual Leave,1,1,0,0,43,156,81.6,Approved
Administration,Casual Leave,1,1,0,0,50,216,89.5,Approved
Health & Safety,Sick Leave,1,1,2,0,38,216,88.4,Approved
Health & Safety,Sick Leave,1,1,4,1,38,216,88.2,Approved
Health & Safety,Sick Leave,1,2,1,1,37,120,92.6,Rejected
Administration,Casual Leave,1,2,2,2,38,216,97.8,Approved
Health & Safety,Sick Leave,1,2,2,1,28,108,81.6,Approved
Health & Safety,Sick Leave,1,2,4,1,33,156,86.1,Approved
Health & Safety,Sick Leave,1,2,4,0,36,132,88.2,Approved
Health & Safety,Sick Leave,1,2,4,3,38,216,93.7,Approved
Administration,Casual Leave,1,2,0,4,38,216,81.1,Approved
Health & Safety,Sick Leave,1,2,3,5,38,216,87.8,Rejected
Administration,Casual Leave,1,2,3,0,41,192,81.6,Approved
Administration,Casual Leave,1,2,4,5,38,216,70.4,Approved
Health & Safety,Sick Leave,1,2,0,1,33,156,88.2,Rejected
Administration,Casual Leave,1,2,0,6,38,216,89.1,Approved
Health & Safety,Sick Leave,1,2,1,1,41,192,88.1,Approved
Health & Safety,Sick Leave,1,2,1,1,40,144,91.7,Approved
Health & Safety,Sick Leave,2,2,2,0,29,72,83.7,Approved
Health & Safety,Sick Leave,3,2,4,2,41,192,90.9,Approved
Operations,Annual Leave,1,3,1,1,37,120,87.0,Approved
Administration,Casual Leave,2,3,2,3,41,192,82.3,Rejected
Health & Safety,Sick Leave,1,3,4,3,41,192,92.3,Approved
Health & Safety,Sick Leave,1,3,4,1,36,132,87.7,Rejected
Health & Safety,Sick Leave,1,3,0,7,38,216,77.5,Approved
Health & Safety,Sick Leave,1,3,0,0,37,168,87.6,Approved
Health & Safety,Sick Leave,1,3,1,3,40,204,81.4,Approved
Health & Safety,Sick Leave,1,3,1,0,36,132,100.0,Approved
Health & Safety,Sick Leave,2,3,0,8,38,216,87.7,Approved
Health & Safety,Sick Leave,1,3,2,0,28,36,88.4,Approved
Administration,Casual Leave,1,3,2,0,31,144,90.3,Rejected
Operations,Annual Leave,1,3,3,1,37,168,87.0,Approved
Health & Safety,Sick Leave,1,3,4,1,50,216,82.2,Approved
Health & Safety,Sick Leave,1,3,1,2,50,216,85.1,Approved
Health & Safety,Sick Leave,1,3,2,3,50,216,91.1,Rejected
Administration,Casual Leave,1,3,3,2,37,168,85.4,Rejected
Administration,Casual Leave,1,3,3,4,41,192,90.3,Rejected
Administration,Casual Leave,1,3,3,3,50,216,97.5,Rejected
Health & Safety,Sick Leave,1,3,4,9,38,216,87.9,Rejected
Health & Safety,Sick Leave,1,3,4,2,33,156,84.0,Approved
Administration,Casual Leave,1,3,0,1,36,132,88.5,Approved
Health & Safety,Sick Leave,1,3,1,4,41,192,86.4,Approved
Health & Safety,Sick Leave,1,4,2,9,38,216,91.5,Approved
Health & Safety,Sick Leave,1,4,4,2,36,132,97.3,Approved
Administration,Casual Leave,1,4,4,0,28,48,91.2,Approved
Health & Safety,Sick Leave,1,4,0,0,31,144,92.7,Approved
Administration,Casual Leave,1,4,0,0,47,168,87.2,Approved
Health & Safety,Sick Leave,1,4,2,1,28,48,93.9,Approved
Health & Safety,Sick Leave,1,4,2,10,38,216,90.5,Rejected
Health & Safety,Sick Leave,1,4,0,3,50,216,85.0,Rejected
Health & Safety,Sick Leave,10,4,2,3,50,216,91.1,Approved
Health & Safety,Sick Leave,1,4,4,0,43,156,90.9,Approved
Health & Safety,Sick Leave,1,4,4,3,36,132,88.2,Rejected
Health & Safety,Sick Leave,1,4,0,10,38,216,96.0,Approved
Health & Safety,Sick Leave,1,4,2,2,37,120,93.8,Approved
Health & Safety,Sick Leave,2,5,0,1,43,156,87.9,Rejected
Health & Safety,Sick Leave,1,5,2,1,47,168,88.6,Approved
Health & Safety,Sick Leave,1,5,0,1,31,144,96.8,Approved
Health & Safety,Sick Leave,1,5,2,0,30,108,93.4,Approved
Health & Safety,Sick Leave,1,5,2,11,38,216,93.7,Approved
Health & Safety,Sick Leave,1,5,3,1,28,36,91.2,Approved
Health & Safety,Sick Leave,1,5,4,3,36,132,83.0,Approved
Health & Safety,Sick Leave,1,5,0,4,40,204,78.8,Rejected
Health & Safety,Sick Leave,1,5,0,4,40,204,80.8,Approved
Operations,Annual Leave,1,5,2,0,58,192,84.4,Approved
Health & Safety,Sick Leave,1,5,2,2,28,108,87.3,Approved
Health & Safety,Sick Leave,1,5,4,2,28,48,81.8,Approved
Health & Safety,Sick Leave,1,5,0,1,30,108,87.4,Approved
Health & Safety,Sick Leave,1,5,0,3,37,120,91.9,Approved
Health & Safety,Sick Leave,1,5,0,2,37,168,90.4,Approved
Health & Safety,Sick Leave,1,6,0,4,37,120,93.8,Approved
Health & Safety,Sick Leave,1,6,0,12,38,216,94.6,Approved
Health & Safety,Sick Leave,1,6,1,5,37,120,81.8,Rejected
Health & Safety,Sick Leave,1,6,3,3,28,108,91.0,Approved
Health & Safety,Sick Leave,1,6,4,4,36,132,78.5,Approved
Administration,Casual Leave,1,6,4,13,38,216,100.0,Rejected
Health & Safety,Sick Leave,5,6,0,2,40,144,89.7,Approved
Health & Safety,Sick Leave,3,6,0,13,38,216,97.8,Approved
Health & Safety,Sick Leave,1,6,1,5,41,192,90.9,Approved
Health & Safety,Sick Leave,1,6,0,14,38,216,95.3,Rejected
Administration,Casual Leave,1,6,1,1,43,156,93.8,Approved
Health & Safety,Sick Leave,1,6,0,14,38,216,88.9,Approved
Health & Safety,Sick Leave,1,6,2,4,28,108,87.7,Rejected
Health & Safety,Sick Leave,1,6,2,4,50,216,80.4,Approved
Health & Safety,Sick Leave,1,6,2,15,38,216,91.1,Approved
Operations,Annual Leave,1,6,2,2,30,108,73.6,Approved
Health & Safety,Sick Leave,1,6,4,6,41,192,90.9,Approved
Health & Safety,Sick Leave,1,6,1,3,28,48,84.6,Approved
Health & Safety,Sick Leave,1,6,1,3,37,168,88.2,Approved
Health & Safety,Sick Leave,1,7,3,3,30,108,81.7,Approved
Health & Safety,Sick Leave,1,7,3,4,28,108,91.3,Approved
Health & Safety,Sick Leave,1,7,4,5,36,132,92.9,Approved
Health & Safety,Sick Leave,1,7,0,0,33,96,100.0,Rejected
Health & Safety,Sick Leave,1,7,4,4,28,48,85.4,Approved
Administration,Casual Leave,1,7,4,5,37,120,95.8,Approved
Administration,Casual Leave,1,7,0,6,36,132,91.5,Approved
Health & Safety,Sick Leave,1,7,1,6,37,120,89.8,Approved
Operations,Annual Leave,1,7,0,1,43,156,84.5,Approved
Health & Safety,Sick Leave,1,7,0,0,48,144,89.2,Approved
Health & Safety,Sick Leave,1,7,1,7,41,192,92.9,Approved
Health & Safety,Sick Leave,10,7,1,5,28,108,85.4,Rejected
Health & Safety,Sick Leave,1,7,1,16,38,216,80.1,Rejected
Health & Safety,Sick Leave,1,7,4,5,50,216,88.7,Approved
Health & Safety,Sick Leave,1,7,4,2,28,36,95.1,Approved
Health & Safety,Sick Leave,1,7,0,3,33,156,82.6,Rejected
Administration,Casual Leave,1,7,0,2,43,156,90.5,Approved
Health & Safety,Sick Leave,1,7,3,3,40,144,81.4,Approved
Health & Safety,Sick Leave,1,7,3,0,39,168,84.6,Approved
Health & Safety,Sick Leave,1,8,3,16,38,216,92.9,Rejected
Health & Safety,Sick Leave,1,8,0,5,40,204,87.6,Rejected
Health & Safety,Sick Leave,1,8,1,8,41,192,93.0,Approved
Health & Safety,Sick Leave,1,8,1,7,37,120,98.2,Approved
Administration,Casual Leave,1,8,1,3,33,156,91.1,Approved
Administration,Casual Leave,1,8,1,3,43,156,81.9,Approved
Health & Safety,Sick Leave,1,8,3,4,40,144,81.5,Approved
Health & Safety,Sick Leave,1,8,0,16,38,216,89.3,Approved
Health & Safety,Sick Leave,1,8,1,5,40,204,88.3,Approved
Health & Safety,Sick Leave,2,8,3,5,28,48,100.0,Rejected
Health & Safety,Sick Leave,1,8,1,4,37,168,96.2,Approved
Health & Safety,Sick Leave,1,8,1,9,41,192,97.0,Rejected
Health & Safety,Sick Leave,1,8,1,8,37,120,85.3,Approved
Health & Safety,Sick Leave,1,8,3,5,40,144,91.0,Approved
Health & Safety,Sick Leave,1,8,0,7,36,132,88.1,Approved
Health & Safety,Sick Leave,1,9,1,9,41,192,93.5,Approved
Health & Safety,Sick Leave,1,9,1,9,37,120,84.2,Approved
Health & Safety,Sick Leave,1,9,1,1,34,168,77.3,Approved
Health & Safety,Sick Leave,1,9,3,6,40,144,82.5,Approved
Health & Safety,Sick Leave,1,9,4,4,30,108,85.0,Rejected
Health & Safety,Sick Leave,1,9,4,2,47,168,86.5,Approved
Health & Safety,Sick Leave,1,9,0,17,38,216,89.1,Rejected
Health & Safety,Sick Leave,1,9,2,5,28,108,88.0,Approved
Health & Safety,Sick Leave,1,9,0,4,30,108,90.5,Rejected
Health & Safety,Sick Leave,1,9,1,2,31,144,92.6,Rejected
Health & Safety,Sick Leave,1,9,1,3,28,36,89.2,Approved
Health & Safety,Sick Leave,1,10,3,1,49,348,82.3,Rejected
Health & Safety,Sick Leave,1,10,3,0,32,96,83.7,Approved
Administration,Casual Leave,1,10,4,10,41,192,82.3,Approved
Health & Safety,Sick Leave,1,10,2,1,49,348,90.2,Approved
Health & Safety,Sick Leave,1,10,2,7,40,144,81.2,Approved
Health & Safety,Sick Leave,1,10,1,10,37,120,84.0,Approved
Health & Safety,Sick Leave,1,10,3,2,49,348,89.4,Approved
Health & Safety,Sick Leave,1,10,4,8,40,144,80.0,Rejected
Health & Safety,Sick Leave,1,10,1,6,28,108,83.7,Approved
Health & Safety,Sick Leave,1,10,1,2,31,144,95.0,Approved
Health & Safety,Sick Leave,1,10,1,3,31,144,96.0,Approved
Health & Safety,Sick Leave,1,10,1,7,28,108,86.0,Approved
Administration,Casual Leave,1,10,1,4,31,144,89.9,Approved
Health & Safety,Sick Leave,1,10,2,17,38,216,83.6,Approved
Health & Safety,Sick Leave,1,10,2,1,58,192,87.9,Approved
Health & Safety,Sick Leave,1,10,2,8,40,144,87.7,Approved
Health & Safety,Sick Leave,1,10,3,5,31,144,96.5,Approved
Health & Safety,Sick Leave,1,10,3,8,28,108,78.5,Rejected
Health & Safety,Sick Leave,1,10,4,6,31,144,90.5,Approved
Health & Safety,Sick Leave,1,10,4,8,28,108,88.0,Approved
Health & Safety,Sick Leave,1,10,0,1,33,156,87.8,Approved
Health & Safety,Sick Leave,1,10,0,1,32,96,82.0,Approved
Health & Safety,Sick Leave,1,10,0,3,47,168,93.3,Approved
Administration,Casual Leave,1,10,0,9,28,108,90.5,Rejected
Health & Safety,Sick Leave,1,10,1,9,28,108,88.8,Approved
Operations,Annual Leave,1,11,1,18,38,216,98.8,Rejected
Health & Safety,Sick Leave,1,11,2,11,37,120,88.5,Rejected
Health & Safety,Sick Leave,3,11,2,5,28,48,83.3,Approved
Health & Safety,Sick Leave,1,11,4,18,38,216,88.6,Approved
Health & Safety,Sick Leave,1,11,1,11,37,120,82.9,Approved
Operations,Annual Leave,1,11,2,4,33,156,81.0,Approved
Health & Safety,Sick Leave,1,11,4,2,32,96,99.7,Approved
Health & Safety,Sick Leave,1,11,4,10,28,108,81.4,Approved
Health & Safety,Sick Leave,1,11,1,4,28,36,83.9,Approved
Health & Safety,Sick Leave,1,11,2,9,40,144,88.3,Rejected
Health & Safety,Sick Leave,1,11,3,12,37,120,83.5,Approved
Health & Safety,Sick Leave,1,11,3,11,28,108,99.2,Approved
Health & Safety,Sick Leave,1,11,0,19,38,216,81.6,Rejected
Health & Safety,Sick Leave,1,11,0,13,37,120,81.0,Approved
Health & Safety,Sick Leave,1,11,1,14,37,120,85.7,Rejected
Health & Safety,Sick Leave,1,11,1,12,28,108,90.7,Approved
Administration,Casual Leave,1,11,1,9,40,144,92.2,Rejected
Administration,Casual Leave,1,11,2,5,33,156,83.7,Rejected
Health & Safety,Sick Leave,1,11,3,4,47,168,80.5,Rejected
Administration,Casual Leave,1,11,3,4,43,156,87.8,Rejected
Health & Safety,Sick Leave,1,11,4,13,28,108,87.5,Approved
Administration,Casual Leave,1,11,4,7,31,144,94.0,Approved
Health & Safety,Sick Leave,1,11,0,5,28,36,82.4,Approved
Health & Safety,Sick Leave,4,12,1,19,38,216,89.2,Approved
Health & Safety,Sick Leave,1,12,2,9,40,144,81.8,Approved
Health & Safety,Sick Leave,1,12,2,14,28,108,91.5,Rejected
Health & Safety,Sick Leave,1,12,4,4,30,108,85.7,Rejected
Health & Safety,Sick Leave,1,12,4,14,28,108,83.0,Approved
Health & Safety,Sick Leave,1,12,3,6,28,36,76.7,Approved
Operations,Annual Leave,1,12,4,6,40,204,84.5,Approved
Administration,Casual Leave,1,12,4,4,43,156,86.3,Approved
Operations,Annual Leave,1,12,0,0,31,12,96.1,Rejected
Health & Safety,Sick Leave,2,12,1,4,30,108,93.9,Approved
Health & Safety,Sick Leave,1,12,1,15,28,108,100.0,Approved
Health & Safety,Sick Leave,1,12,3,16,28,108,96.2,Rejected
Health & Safety,Sick Leave,1,12,0,16,28,108,90.1,Approved
Operations,Annual Leave,10,12,1,2,34,168,97.1,Approved
Health & Safety,Sick Leave,3,1,0,0,30,108,87.8,Approved
Health & Safety,Sick Leave,2,1,3,1,30,108,78.2,Rejected
Health & Safety,Sick Leave,1,1,3,0,40,204,81.8,Rejected
Health & Safety,Sick Leave,1,1,4,0,40,204,88.1,Approved
Health & Safety,Sick Leave,1,1,0,1,30,108,77.6,Approved
Health & Safety,Sick Leave,1,1,2,1,40,204,92.7,Approved
Health & Safety,Sick Leave,1,1,3,0,49,348,87.7,Approved
Operations,Annual Leave,1,1,4,2,40,204,81.9,Approved
Administration,Casual Leave,1,1,0,2,30,108,90.5,Approved
Operations,Annual Leave,1,1,1,0,34,168,87.0,Approved
Administration,Casual Leave,1,1,2,3,30,108,89.8,Rejected
Administration,Casual Leave,1,1,2,0,38,216,87.2,Rejected
Health & Safety,Sick Leave,1,1,2,0,33,156,87.1,Approved
Administration,Casual Leave,1,1,3,0,38,216,88.7,Approved
Administration,Casual Leave,1,1,4,1,38,216,82.8,Approved
Health & Safety,Sick Leave,1,2,1,2,38,216,91.0,Approved
Health & Safety,Sick Leave,1,2,1,0,28,108,90.0,Approved
Health & Safety,Sick Leave,1,2,2,0,47,168,91.8,Approved
Administration,Casual Leave,1,2,2,3,38,216,96.8,Approved
Health & Safety,Sick Leave,1,2,3,1,28,108,94.8,Approved
Administration,Casual Leave,1,2,3,4,38,216,87.7,Approved
Administration,Casual Leave,1,2,3,3,30,108,91.6,Approved
Health & Safety,Sick Leave,1,2,4,0,41,180,84.7,Approved
Administration,Casual Leave,1,2,4,5,38,216,84.8,Rejected
Administration,Casual Leave,1,2,0,0,31,12,89.5,Approved
Administration,Casual Leave,1,2,0,5,38,216,93.6,Rejected
Health & Safety,Sick Leave,1,2,1,2,28,108,85.2,Rejected
Administration,Casual Leave,1,2,2,5,38,216,86.8,Approved
Administration,Casual Leave,1,2,3,6,38,216,93.8,Approved
Health & Safety,Sick Leave,1,2,3,2,28,108,87.1,Approved
Health & Safety,Sick Leave,1,2,3,4,30,108,91.4,Approved
Health & Safety,Sick Leave,1,2,4,3,40,204,98.2,Approved
Administration,Casual Leave,1,2,4,7,38,216,96.5,Approved
Health & Safety,Sick Leave,1,2,2,1,31,12,86.9,Approved
Administration,Casual Leave,1,2,2,5,30,108,92.7,Approved
Health & Safety,Sick Leave,1,2,3,8,38,216,93.0,Approved
Health & Safety,Sick Leave,1,2,0,1,34,168,90.6,Approved
Health & Safety,Sick Leave,1,2,0,0,32,96,89.6,Rejected
Health & Safety,Sick Leave,1,2,0,3,28,108,94.0,Approved
Administration,Casual Leave,1,2,1,9,38,216,83.4,Approved
Health & Safety,Sick Leave,1,2,1,1,47,168,87.4,Approved
Health & Safety,Sick Leave,1,2,1,4,28,108,86.0,Approved
Health & Safety,Sick Leave,1,2,4,0,32,96,83.7,Approved
Administration,Casual Leave,1,3,0,10,38,216,88.0,Approved
Health & Safety,Sick Leave,1,3,0,2,47,168,78.9,Approved
Health & Safety,Sick Leave,1,3,1,0,58,192,73.5,Approved
Health & Safety,Sick Leave,1,3,1,3,47,168,78.3,Approved
Health & Safety,Sick Leave,10,3,1,1,58,192,90.5,Approved
Administration,Casual Leave,1,3,2,11,38,216,77.7,Approved
Administration,Casual Leave,1,3,3,5,28,108,94.0,Approved
Administration,Casual Leave,1,3,3,12,38,216,87.0,Approved
Health & Safety,Sick Leave,1,3,3,6,28,108,81.6,Approved
Administration,Casual Leave,1,3,4,6,30,108,84.2,Rejected
Health & Safety,Sick Leave,1,3,0,1,32,96,90.7,Approved
Administration,Casual Leave,1,3,0,0,28,36,85.0,Approved
Health & Safety,Sick Leave,1,3,1,13,38,216,82.6,Approved
Administration,Casual Leave,1,3,4,6,30,108,82.5,Approved
Health & Safety,Sick Leave,1,3,0,14,38,216,93.7,Approved
Health & Safety,Sick Leave,1,3,0,4,47,168,93.4,Approved
Administration,Casual Leave,1,3,0,15,38,216,91.2,Approved
Health & Safety,Sick Leave,1,3,0,7,28,108,100.0,Approved
Administration,Casual Leave,1,3,1,16,38,216,82.5,Approved
Health & Safety,Sick Leave,1,3,2,1,33,156,93.0,Approved
Health & Safety,Sick Leave,1,3,2,2,58,192,87.2,Approved
Health & Safety,Sick Leave,1,3,3,5,47,168,92.8,Approved
Health & Safety,Sick Leave,1,3,4,7,30,108,89.6,Approved
Administration,Casual Leave,1,3,4,17,38,216,90.7,Approved
Administration,Casual Leave,1,3,1,18,38,216,93.6,Rejected
Health & Safety,Sick Leave,1,3,2,0,46,288,74.5,Rejected
Health & Safety,Sick Leave,3,3,2,2,34,168,81.5,Approved
Administration,Casual Leave,1,3,2,18,38,216,82.2,Approved
Administration,Casual Leave,1,3,3,19,38,216,78.9,Rejected
Health & Safety,Sick Leave,1,3,0,8,30,108,94.6,Approved
Administration,Casual Leave,10,3,0,2,33,156,87.5,Approved
Health & Safety,Sick Leave,1,3,2,0,31,144,95.3,Approved
Health & Safety,Sick Leave,1,4,0,8,28,108,86.2,Approved
Health & Safety,Sick Leave,1,4,0,0,37,120,85.7,Approved
Administration,Casual Leave,1,4,1,1,28,36,85.0,Approved
Administration,Casual Leave,1,4,2,6,47,168,84.1,Approved
Health & Safety,Sick Leave,1,4,3,0,33,156,93.9,Approved
Administration,Casual Leave,1,4,4,9,30,108,85.8,Approved
Health & Safety,Sick Leave,3,4,0,1,31,144,89.0,Approved
Operations,Annual Leave,1,4,1,4,40,204,90.4,Approved
Health & Safety,Sick Leave,1,4,1,0,50,216,87.3,Approved
Health & Safety,Sick Leave,1,4,1,2,28,36,93.0,Approved
Health & Safety,Sick Leave,1,4,2,1,37,120,83.6,Approved
Health & Safety,Sick Leave,1,4,4,0,37,168,84.3,Approved
Administration,Casual Leave,1,4,0,9,28,108,85.5,Approved
Operations,Annual Leave,1,4,1,2,32,96,96.8,Approved
Health & Safety,Sick Leave,1,4,1,3,34,168,92.5,Approved
Administration,Casual Leave,1,4,3,10,28,108,88.6,Approved
Health & Safety,Sick Leave,1,4,3,1,50,216,79.2,Approved
Health & Safety,Sick Leave,1,5,0,1,37,168,82.3,Approved
Administration,Casual Leave,1,5,2,1,41,180,84.2,Approved
Health & Safety,Sick Leave,1,5,2,3,32,96,83.1,Approved
Health & Safety,Sick Leave,1,5,2,2,37,120,96.6,Approved
Administration,Casual Leave,1,5,2,0,43,156,89.4,Approved
Health & Safety,Sick Leave,1,5,3,10,30,108,80.1,Approved
Health & Safety,Sick Leave,1,5,3,0,40,144,94.2,Approved
Health & Safety,Sick Leave,1,5,3,2,41,180,92.4,Rejected
Administration,Casual Leave,8,5,4,0,43,156,89.8,Rejected
Health & Safety,Sick Leave,1,5,4,2,41,180,80.4,Approved
Administration,Casual Leave,1,5,4,11,30,108,79.0,Approved
Health & Safety,Sick Leave,1,5,0,2,50,216,96.4,Rejected
Health & Safety,Sick Leave,1,5,1,2,50,216,78.8,Approved
Health & Safety,Sick Leave,1,5,1,3,37,120,88.5,Approved
Administration,Casual Leave,1,5,1,3,50,216,88.1,Rejected
Administration,Casual Leave,1,5,2,12,30,108,90.6,Approved
Administration,Casual Leave,1,5,2,1,36,132,79.4,Rejected
Operations,Annual Leave,1,5,4,5,40,204,81.1,Approved
Health & Safety,Sick Leave,6,5,0,4,34,168,91.2,Rejected
Health & Safety,Sick Leave,1,5,0,4,32,96,79.4,Approved
Health & Safety,Sick Leave,1,5,2,1,40,144,81.7,Approved
Health & Safety,Sick Leave,1,5,2,6,40,204,82.0,Rejected
Health & Safety,Sick Leave,1,5,2,11,28,108,93.0,Rejected
Health & Safety,Sick Leave,1,5,3,0,28,48,93.5,Approved
Health & Safety,Sick Leave,1,5,3,5,32,96,88.7,Approved
Health & Safety,Sick Leave,1,5,0,3,28,36,88.8,Approved
Health & Safety,Sick Leave,1,5,2,4,34,168,81.4,Rejected
Health & Safety,Sick Leave,1,5,4,6,40,204,84.2,Approved
Health & Safety,Sick Leave,1,5,4,4,34,168,85.2,Approved
Health & Safety,Sick Leave,1,5,0,11,28,108,91.8,Approved
Health & Safety,Sick Leave,1,6,2,0,46,288,78.7,Approved
Administration,Casual Leave,1,6,2,13,30,108,87.0,Rejected
Administration,Casual Leave,1,6,4,4,37,120,93.7,Approved
Health & Safety,Sick Leave,1,6,2,5,37,120,91.2,Approved
Health & Safety,Sick Leave,1,6,3,1,36,132,91.7,Approved
Administration,Casual Leave,3,6,3,3,50,216,86.3,Approved
Administration,Casual Leave,1,6,4,2,31,12,91.6,Approved
Administration,Casual Leave,1,6,4,13,30,108,81.5,Approved
Administration,Casual Leave,1,6,0,0,48,144,93.4,Rejected
Administration,Casual Leave,1,6,0,0,33,96,91.7,Rejected
Administration,Casual Leave,1,6,3,4,50,216,83.0,Approved
Health & Safety,Sick Leave,1,6,3,14,30,108,84.4,Approved
Health & Safety,Sick Leave,1,6,3,2,40,144,90.8,Approved
Health & Safety,Sick Leave,1,6,0,15,30,108,82.8,Approved
Health & Safety,Sick Leave,1,6,0,6,37,120,93.4,Approved
Health & Safety,Sick Leave,1,6,3,3,31,12,78.9,Approved
Health & Safety,Sick Leave,1,6,4,7,37,120,90.9,Approved
Health & Safety,Sick Leave,1,6,2,8,37,120,79.8,Rejected
Health & Safety,Sick Leave,1,6,2,4,31,12,82.4,Approved
Administration,Casual Leave,1,7,2,1,43,156,82.6,Approved
Administration,Casual Leave,1,7,4,5,31,12,100.0,Approved
Health & Safety,Sick Leave,1,7,0,3,58,192,90.9,Approved
Health & Safety,Sick Leave,1,7,0,8,37,120,92.0,Rejected
Health & Safety,Sick Leave,10,7,1,4,58,192,78.0,Approved
Health & Safety,Sick Leave,2,7,1,1,33,156,80.1,Approved
Health & Safety,Sick Leave,1,7,2,8,37,120,88.1,Approved
Health & Safety,Sick Leave,1,7,2,4,28,36,96.4,Rejected
Health & Safety,Sick Leave,1,7,2,12,28,108,85.4,Approved
Health & Safety,Sick Leave,10,7,0,2,31,144,88.5,Approved
Health & Safety,Sick Leave,1,7,1,3,33,156,97.6,Approved
Health & Safety,Sick Leave,1,7,1,2,37,168,80.3,Approved
Administration,Casual Leave,1,7,1,0,33,156,91.3,Approved
Administration,Casual Leave,1,7,1,0,50,216,83.2,Rejected
Health & Safety,Sick Leave,1,7,2,0,38,216,82.6,Rejected
Health & Safety,Sick Leave,1,7,3,0,39,168,82.1,Approved
Health & Safety,Sick Leave,1,7,3,1,33,156,94.2,Approved
Health & Safety,Sick Leave,1,7,4,0,38,216,86.7,Approved
Health & Safety,Sick Leave,1,7,4,0,28,36,90.8,Approved
Health & Safety,Sick Leave,1,7,4,0,36,132,84.5,Approved
Administration,Casual Leave,5,7,0,0,34,168,88.1,Approved
Health & Safety,Sick Leave,1,7,0,0,37,168,86.8,Approved
Health & Safety,Sick Leave,1,7,0,1,36,132,97.0,Approved
Health & Safety,Sick Leave,1,7,1,2,36,132,90.9,Approved
Health & Safety,Sick Leave,1,7,2,3,36,132,83.4,Approved
Health & Safety,Sick Leave,1,7,2,1,38,216,85.6,Approved
Health & Safety,Sick Leave,1,7,2,2,38,216,93.6,Approved
Health & Safety,Sick Leave,1,7,4,0,41,192,91.7,Approved
Operations,Annual Leave,1,7,0,3,38,216,90.5,Approved
Health & Safety,Sick Leave,1,7,3,0,33,156,81.1,Approved
Health & Safety,Sick Leave,1,8,2,0,47,168,85.8,Approved
Health & Safety,Sick Leave,1,8,2,0,28,48,86.0,Approved
Health & Safety,Sick Leave,1,8,0,4,38,216,92.0,Approved
Health & Safety,Sick Leave,5,8,0,1,28,36,78.8,Approved
Health & Safety,Sick Leave,1,8,4,4,36,132,93.7,Approved
Operations,Annual Leave,1,8,0,2,33,156,84.9,Approved
Health & Safety,Sick Leave,1,8,0,2,28,36,91.0,Approved
Health & Safety,Sick Leave,1,8,1,3,33,156,95.2,Approved
Health & Safety,Sick Leave,1,8,2,0,29,72,88.4,Approved
Operations,Annual Leave,1,8,2,4,33,156,84.5,Approved
Health & Safety,Sick Leave,1,8,4,5,38,216,77.9,Approved
Operations,Annual Leave,1,8,0,6,38,216,77.6,Approved
Operations,Annual Leave,1,8,3,0,48,144,97.9,Approved
Health & Safety,Sick Leave,1,8,3,1,37,168,96.4,Rejected
Operations,Annual Leave,1,8,0,1,48,144,84.4,Rejected
Health & Safety,Sick Leave,1,8,0,7,38,216,85.8,Approved
Health & Safety,Sick Leave,1,8,0,3,28,36,81.0,Approved
Operations,Annual Leave,1,8,1,5,33,156,87.2,Approved
Health & Safety,Sick Leave,1,8,3,0,32,144,92.6,Approved
Health & Safety,Sick Leave,1,8,4,1,48,144,95.1,Approved
Health & Safety,Sick Leave,1,8,4,5,36,132,89.4,Approved
Health & Safety,Sick Leave,1,9,1,0,27,84,90.5,Approved
Health & Safety,Sick Leave,1,9,0,0,37,120,93.5,Approved
Health & Safety,Sick Leave,1,9,1,8,38,216,86.3,Rejected
Administration,Casual Leave,1,9,1,0,43,156,93.8,Approved
Health & Safety,Sick Leave,1,9,2,1,34,168,76.6,Approved
Health & Safety,Sick Leave,1,9,0,1,37,120,83.9,Approved
Health & Safety,Sick Leave,1,9,1,8,38,216,87.1,Approved
Health & Safety,Sick Leave,1,9,3,0,40,144,93.7,Approved
Health & Safety,Sick Leave,1,9,4,6,36,132,94.1,Rejected
Health & Safety,Sick Leave,4,9,0,1,40,144,83.3,Rejected
Administration,Casual Leave,1,9,0,6,36,132,83.8,Rejected
Administration,Casual Leave,1,9,0,0,28,108,71.5,Rejected
Health & Safety,Sick Leave,1,9,1,0,28,108,87.1,Approved
Health & Safety,Sick Leave,1,9,1,2,37,120,89.0,Rejected
Administration,Casual Leave,1,9,1,6,33,156,87.1,Rejected
Administration,Casual Leave,1,9,1,0,50,216,97.8,Rejected
Operations,Annual Leave,1,9,2,1,28,108,85.8,Approved
Health & Safety,Sick Leave,1,9,2,9,38,216,95.6,Approved
Administration,Casual Leave,1,9,2,0,31,144,84.7,Rejected
Health & Safety,Sick Leave,1,9,4,1,47,168,89.1,Approved
Health & Safety,Sick Leave,1,9,4,10,38,216,97.7,Approved
Health & Safety,Sick Leave,1,9,4,6,36,132,90.2,Approved
Health & Safety,Sick Leave,1,10,1,11,38,216,83.7,Approved
Health & Safety,Sick Leave,1,10,1,2,37,120,95.1,Rejected
Administration,Casual Leave,1,10,2,0,50,216,72.3,Rejected
Health & Safety,Sick Leave,1,10,3,0,30,108,72.9,Approved
Health & Safety,Sick Leave,1,10,4,12,38,216,86.2,Approved
Health & Safety,Sick Leave,1,10,4,2,28,108,91.2,Approved
Health & Safety,Sick Leave,1,10,2,3,28,108,86.7,Approved
Health & Safety,Sick Leave,1,10,2,2,47,168,84.8,Approved
Health & Safety,Sick Leave,1,10,3,1,40,144,80.7,Approved
Health & Safety,Sick Leave,1,10,2,13,38,216,89.1,Approved
Health & Safety,Sick Leave,1,10,2,4,28,108,90.8,Approved
Administration,Casual Leave,2,10,3,7,36,132,89.7,Approved
Health & Safety,Sick Leave,1,10,1,2,40,144,93.2,Approved
Health & Safety,Sick Leave,1,10,1,5,28,108,100.0,Approved
Administration,Casual Leave,1,10,2,6,33,156,89.9,Approved
Health & Safety,Sick Leave,1,10,4,4,28,36,86.0,Approved
Health & Safety,Sick Leave,1,10,4,8,36,132,89.4,Rejected
Health & Safety,Sick Leave,1,11,3,14,38,216,86.9,Approved
Health & Safety,Sick Leave,1,11,2,6,28,108,92.9,Rejected
Health & Safety,Sick Leave,1,11,3,15,38,216,87.0,Approved
Operations,Annual Leave,1,11,3,0,40,204,91.3,Approved
Health & Safety,Sick Leave,1,11,3,3,40,144,92.0,Approved
Health & Safety,Sick Leave,4,11,0,2,34,168,91.7,Rejected
Health & Safety,Sick Leave,1,11,0,1,33,156,84.2,Approved
Health & Safety,Sick Leave,5,11,0,4,40,144,86.6,Rejected
Health & Safety,Sick Leave,1,11,4,2,34,168,85.1,Approved
Health & Safety,Sick Leave,1,11,2,6,28,108,89.2,Approved
Operations,Annual Leave,1,11,2,1,40,204,83.3,Approved
Health & Safety,Sick Leave,1,11,4,7,28,108,86.0,Approved
Health & Safety,Sick Leave,1,11,4,8,36,132,97.5,Rejected
Health & Safety,Sick Leave,1,11,0,3,47,168,91.7,Approved
Health & Safety,Sick Leave,1,11,1,8,28,108,91.6,Approved
Health & Safety,Sick Leave,3,11,2,7,33,156,89.3,Rejected
Health & Safety,Sick Leave,1,11,3,4,40,144,90.5,Approved
Health & Safety,Sick Leave,1,12,1,4,47,168,85.1,Approved
Administration,Casual Leave,8,12,1,2,37,120,84.5,Rejected
Health & Safety,Sick Leave,1,12,2,0,50,216,78.6,Approved
Administration,Casual Leave,1,12,2,1,37,168,89.8,Rejected
Health & Safety,Sick Leave,1,12,3,9,28,108,91.6,Approved
Administration,Casual Leave,1,12,4,8,36,132,94.3,Rejected
Administration,Casual Leave,7,12,1,2,37,120,93.3,Approved
Health & Safety,Sick Leave,1,12,2,5,28,36,89.3,Rejected
Health & Safety,Sick Leave,1,12,3,10,28,108,90.1,Approved
Health & Safety,Sick Leave,1,12,4,8,36,132,80.2,Approved
Health & Safety,Sick Leave,1,12,1,11,28,108,85.5,Approved
Administration,Casual Leave,1,12,4,3,37,120,86.4,Approved
Administration,Casual Leave,1,12,4,1,41,192,99.0,Approved
Health & Safety,Sick Leave,1,12,4,12,28,108,87.0,Approved
Health & Safety,Sick Leave,1,1,2,0,28,108,82.9,Rejected
Administration,Casual Leave,1,1,0,0,37,120,78.7,Approved
Administration,Casual Leave,1,1,1,1,37,120,89.3,Approved
Operations,Annual Leave,1,1,1,0,34,168,84.2,Approved
Administration,Casual Leave,1,1,2,0,28,108,92.7,Rejected
Health & Safety,Sick Leave,1,1,3,0,27,84,89.2,Approved
Health & Safety,Sick Leave,1,1,3,0,28,108,89.3,Approved
Administration,Casual Leave,1,1,4,1,28,108,88.3,Approved
Administration,Casual Leave,1,1,0,2,37,120,99.4,Approved
Administration,Casual Leave,1,1,1,2,28,108,94.2,Approved
Administration,Casual Leave,1,1,1,3,37,120,92.2,Approved
Administration,Casual Leave,1,1,2,4,37,120,77.8,Approved
Administration,Casual Leave,1,1,3,5,37,120,83.3,Approved
Administration,Casual Leave,1,1,4,6,37,120,84.2,Approved
Operations,Annual Leave,1,1,1,0,30,108,85.1,Approved
Operations,Annual Leave,1,1,1,0,33,156,99.6,Approved
Administration,Casual Leave,1,1,0,7,37,120,89.1,Approved
Health & Safety,Sick Leave,1,1,1,3,28,108,88.8,Approved
Health & Safety,Sick Leave,1,1,3,1,33,156,93.9,Approved
Health & Safety,Sick Leave,1,2,4,1,27,84,87.9,Approved
Health & Safety,Sick Leave,1,2,2,0,41,192,89.4,Approved
Health & Safety,Sick Leave,1,2,2,0,38,216,88.1,Approved
Health & Safety,Sick Leave,1,2,3,1,34,168,90.3,Approved
Health & Safety,Sick Leave,1,2,3,0,33,156,90.6,Rejected
Health & Safety,Sick Leave,1,2,4,0,36,132,90.7,Approved
Health & Safety,Sick Leave,1,2,4,2,33,156,84.1,Approved
Health & Safety,Sick Leave,1,2,0,0,50,108,87.2,Approved
Health & Safety,Sick Leave,1,2,1,1,50,108,95.1,Rejected
Health & Safety,Sick Leave,1,2,0,4,28,108,77.3,Rejected
Health & Safety,Sick Leave,1,2,1,4,28,108,81.5,Approved
Health & Safety,Sick Leave,1,2,1,1,30,108,84.6,Approved
Health & Safety,Sick Leave,1,2,1,2,27,84,79.6,Approved
Health & Safety,Sick Leave,1,2,3,5,28,108,86.3,Rejected
Operations,Annual Leave,1,2,0,0,28,48,83.5,Approved
Health & Safety,Sick Leave,1,2,1,1,28,48,97.2,Rejected
Health & Safety,Sick Leave,1,2,2,5,28,108,91.0,Rejected
Administration,Casual Leave,1,2,3,0,33,156,78.5,Approved
Health & Safety,Sick Leave,1,3,1,0,32,144,82.5,Approved
Administration,Casual Leave,1,3,1,1,36,132,82.0,Rejected
Administration,Casual Leave,1,3,1,0,29,72,93.2,Approved
Operations,Annual Leave,1,3,1,0,40,204,85.7,Approved
Health & Safety,Sick Leave,1,3,2,0,40,144,96.1,Approved
Health & Safety,Sick Leave,1,3,2,1,36,132,82.0,Approved
Health & Safety,Sick Leave,1,3,3,2,30,108,88.6,Rejected
Health & Safety,Sick Leave,1,3,4,0,47,168,77.1,Approved
Health & Safety,Sick Leave,5,3,4,2,36,132,96.2,Approved
Health & Safety,Sick Leave,5,3,0,1,40,204,100.0,Rejected
Health & Safety,Sick Leave,2,3,0,2,34,168,83.4,Approved
Administration,Casual Leave,2,3,0,3,36,132,82.8,Approved
Health & Safety,Sick Leave,1,3,1,3,34,168,81.0,Rejected
Health & Safety,Sick Leave,1,3,3,3,33,156,78.8,Approved
Health & Safety,Sick Leave,1,3,3,1,40,204,90.4,Rejected
Health & Safety,Sick Leave,1,3,4,4,36,132,86.1,Approved
Health & Safety,Sick Leave,1,3,4,5,28,108,81.1,Approved
Health & Safety,Sick Leave,1,3,0,0,39,168,86.9,Rejected
Health & Safety,Sick Leave,3,3,1,1,38,216,90.0,Approved
Health & Safety,Sick Leave,1,3,2,6,28,108,90.7,Approved
Health & Safety,Sick Leave,1,3,0,7,28,108,91.3,Approved
Health & Safety,Sick Leave,1,3,0,2,30,108,79.9,Approved
Health & Safety,Sick Leave,1,3,1,8,28,108,88.4,Approved
Health & Safety,Sick Leave,2,3,2,9,28,108,93.9,Rejected
Health & Safety,Sick Leave,1,3,2,2,38,216,90.8,Approved
Health & Safety,Sick Leave,2,3,3,0,39,168,83.2,Approved
Health & Safety,Sick Leave,1,3,4,9,28,108,82.2,Approved
Health & Safety,Sick Leave,1,3,4,1,47,168,85.5,Approved
Health & Safety,Sick Leave,1,3,0,10,28,108,93.3,Approved
Health & Safety,Sick Leave,1,4,2,1,40,144,87.5,Approved
Health & Safety,Sick Leave,1,4,2,11,28,108,85.0,Rejected
Health & Safety,Sick Leave,1,4,1,3,34,168,91.3,Rejected
Health & Safety,Sick Leave,3,4,2,1,41,192,93.3,Rejected
Health & Safety,Sick Leave,1,4,3,3,34,168,91.7,Rejected
Health & Safety,Sick Leave,1,4,4,11,28,108,95.0,Rejected
Health & Safety,Sick Leave,1,4,4,5,36,132,89.3,Approved
Health & Safety,Sick Leave,3,4,2,3,38,216,89.1,Approved
Health & Safety,Sick Leave,1,4,3,0,50,216,84.8,Approved
Health & Safety,Sick Leave,1,4,4,2,40,144,90.1,Rejected
Health & Safety,Sick Leave,1,4,4,1,41,192,87.2,Approved
Health & Safety,Sick Leave,1,4,4,2,40,144,89.5,Approved
Health & Safety,Sick Leave,1,4,4,2,47,168,90.1,Rejected
Administration,Casual Leave,7,4,4,6,36,132,77.7,Approved
Administration,Casual Leave,1,4,1,4,33,156,91.6,Approved
Health & Safety,Sick Leave,3,4,2,3,34,168,92.8,Approved
Administration,Casual Leave,1,4,2,0,36,132,87.5,Approved
Health & Safety,Sick Leave,2,4,3,5,33,156,82.0,Rejected
Health & Safety,Sick Leave,1,4,4,0,37,168,84.9,Approved
Administration,Casual Leave,1,4,0,0,48,144,90.3,Rejected
Health & Safety,Sick Leave,1,5,2,5,33,156,85.6,Approved
Health & Safety,Sick Leave,1,5,3,4,34,168,78.6,Approved
Health & Safety,Sick Leave,1,5,0,5,34,168,100.0,Approved
Operations,Annual Leave,1,5,1,4,38,216,100.0,Approved
Administration,Casual Leave,1,5,1,11,28,108,95.1,Rejected
Health & Safety,Sick Leave,1,5,2,3,27,84,79.0,Approved
Health & Safety,Sick Leave,1,5,0,6,34,168,91.7,Rejected
Health & Safety,Sick Leave,1,5,1,5,38,216,89.6,Approved
Health & Safety,Sick Leave,3,5,2,6,33,156,94.2,Approved
Administration,Casual Leave,1,5,2,1,39,168,88.0,Rejected
Administration,Casual Leave,1,5,2,1,28,48,79.4,Rejected
Administration,Casual Leave,1,5,2,1,36,132,78.4,Rejected
Administration,Casual Leave,1,5,2,1,50,108,85.8,Rejected
Health & Safety,Sick Leave,1,5,1,6,38,216,100.0,Approved
Health & Safety,Sick Leave,3,5,2,1,50,216,78.9,Approved
Health & Safety,Sick Leave,1,5,4,0,28,36,78.0,Approved
Administration,Casual Leave,1,6,0,2,41,192,86.9,Approved
Health & Safety,Sick Leave,1,6,0,1,28,36,82.2,Approved
Health & Safety,Sick Leave,3,6,1,3,41,192,85.6,Approved
Health & Safety,Sick Leave,1,6,3,3,40,144,87.6,Approved
Health & Safety,Sick Leave,1,6,4,4,41,192,85.3,Rejected
Health & Safety,Sick Leave,1,6,0,7,38,216,98.8,Approved
Health & Safety,Sick Leave,1,6,0,6,34,168,97.6,Approved
Health & Safety,Sick Leave,1,6,0,4,41,192,84.2,Approved
Health & Safety,Sick Leave,1,6,2,2,50,216,87.3,Approved
Health & Safety,Sick Leave,2,6,4,1,37,168,92.1,Approved
Health & Safety,Sick Leave,1,6,1,3,50,216,86.7,Approved
Health & Safety,Sick Leave,10,6,2,4,50,216,92.0,Approved
Health & Safety,Sick Leave,1,6,3,1,36,132,86.6,Approved
Health & Safety,Sick Leave,1,6,4,8,38,216,95.1,Approved
Health & Safety,Sick Leave,1,6,0,0,49,348,92.8,Rejected
Health & Safety,Sick Leave,1,6,3,11,28,108,97.4,Rejected
Administration,Casual Leave,2,7,1,7,34,168,85.2,Rejected
Health & Safety,Sick Leave,1,7,2,5,50,216,82.5,Approved
Health & Safety,Sick Leave,1,7,4,8,37,120,80.1,Approved
Administration,Casual Leave,1,7,4,9,37,120,79.7,Approved
Administration,Casual Leave,1,7,1,1,28,48,79.2,Approved
Operations,Annual Leave,1,7,3,3,30,108,84.2,Rejected
Health & Safety,Sick Leave,1,7,4,7,34,168,80.1,Approved
Health & Safety,Sick Leave,1,7,0,2,28,48,92.0,Approved
Health & Safety,Sick Leave,1,7,1,3,28,48,81.8,Rejected
Health & Safety,Sick Leave,1,7,0,1,29,72,92.3,Approved
Health & Safety,Sick Leave,1,7,1,2,28,36,86.6,Approved
Administration,Casual Leave,1,7,2,7,33,156,95.8,Approved
Administration,Casual Leave,1,7,3,9,38,216,79.5,Approved
Administration,Casual Leave,4,7,0,8,33,156,93.5,Rejected
Administration,Casual Leave,1,7,3,8,33,156,72.5,Approved
Administration,Casual Leave,1,7,3,7,36,132,83.2,Rejected
Administration,Casual Leave,1,8,4,9,33,156,100.0,Approved
Administration,Casual Leave,1,8,4,2,29,72,89.3,Approved
Health & Safety,Sick Leave,1,8,0,10,33,156,94.8,Rejected
Operations,Annual Leave,1,8,1,0,58,192,87.6,Approved
Health & Safety,Sick Leave,1,8,3,0,43,156,93.4,Approved
Health & Safety,Sick Leave,1,8,3,1,43,156,93.3,Rejected
Health & Safety,Sick Leave,1,8,4,7,36,132,84.6,Approved
Health & Safety,Sick Leave,1,8,1,10,33,156,92.4,Rejected
Health & Safety,Sick Leave,1,8,2,2,47,168,80.5,Approved
Health & Safety,Sick Leave,1,8,3,0,33,96,96.2,Approved
Health & Safety,Sick Leave,1,8,3,3,30,108,89.6,Approved
Health & Safety,Sick Leave,1,8,3,6,50,216,94.4,Rejected
Health & Safety,Sick Leave,1,8,0,3,47,168,92.0,Approved
Health & Safety,Sick Leave,1,8,1,2,37,168,90.0,Approved
Health & Safety,Sick Leave,1,8,3,6,50,216,87.0,Approved
Administration,Casual Leave,1,8,3,3,37,168,86.5,Approved
Health & Safety,Sick Leave,1,8,1,3,28,36,80.8,Approved
Health & Safety,Sick Leave,1,8,2,4,27,84,91.0,Approved
Health & Safety,Sick Leave,1,9,0,10,38,216,89.5,Approved
Health & Safety,Sick Leave,1,9,4,11,38,216,92.8,Rejected
Administration,Casual Leave,3,9,2,10,33,156,93.0,Rejected
Administration,Casual Leave,1,9,3,1,43,156,90.3,Rejected
Health & Safety,Sick Leave,2,9,0,5,41,192,73.6,Rejected
Health & Safety,Sick Leave,1,9,1,4,40,144,98.2,Approved
Administration,Casual Leave,1,9,1,0,39,168,74.5,Rejected
Administration,Casual Leave,1,9,1,1,32,144,100.0,Rejected
Health & Safety,Sick Leave,1,9,2,11,38,216,85.2,Approved
Health & Safety,Sick Leave,4,9,2,5,41,192,83.1,Approved
Health & Safety,Sick Leave,1,9,3,12,38,216,85.0,Approved
Health & Safety,Sick Leave,1,9,4,5,40,144,84.8,Approved
Health & Safety,Sick Leave,1,9,4,8,36,132,95.6,Approved
Administration,Casual Leave,1,9,2,1,43,156,93.4,Approved
Health & Safety,Sick Leave,1,9,3,7,50,216,90.8,Approved
Administration,Casual Leave,1,9,3,2,43,156,98.0,Rejected
Health & Safety,Sick Leave,1,9,4,6,40,144,93.0,Rejected
Health & Safety,Sick Leave,5,9,0,6,40,144,86.2,Rejected
Health & Safety,Sick Leave,1,9,0,13,38,216,78.1,Approved
Operations,Annual Leave,1,10,0,10,33,156,100.0,Approved
Administration,Casual Leave,1,10,0,4,37,168,91.0,Approved
Administration,Casual Leave,1,10,0,11,33,156,94.8,Approved
Health & Safety,Sick Leave,1,10,4,12,33,156,89.5,Approved
Administration,Casual Leave,1,10,4,8,50,216,83.7,Rejected
Administration,Casual Leave,1,10,4,4,47,168,82.9,Rejected
Health & Safety,Sick Leave,1,10,0,4,30,108,78.8,Approved
Health & Safety,Sick Leave,1,10,0,10,37,120,84.5,Approved
Health & Safety,Sick Leave,1,10,0,0,31,144,89.7,Rejected
Health & Safety,Sick Leave,1,10,2,14,38,216,90.4,Approved
Health & Safety,Sick Leave,8,10,2,5,30,108,88.9,Approved
Administration,Casual Leave,1,10,2,2,43,156,83.7,Rejected
Administration,Casual Leave,2,10,3,13,33,156,81.0,Rejected
Health & Safety,Sick Leave,1,10,4,9,36,132,87.8,Rejected
Administration,Casual Leave,1,10,4,2,43,156,85.8,Rejected
Health & Safety,Sick Leave,1,10,0,2,43,156,69.4,Approved
Health & Safety,Sick Leave,1,10,1,8,50,216,78.6,Approved
Health & Safety,Sick Leave,1,10,1,6,40,144,85.8,Approved
Health & Safety,Sick Leave,2,10,3,6,30,108,86.6,Approved
Health & Safety,Sick Leave,1,10,3,9,50,216,82.6,Rejected
Health & Safety,Sick Leave,1,10,0,4,28,36,87.5,Approved
Administration,Casual Leave,1,10,1,9,36,132,97.2,Rejected
Administration,Casual Leave,1,10,1,7,40,144,86.8,Rejected
Administration,Casual Leave,1,10,1,3,29,72,77.2,Rejected
Health & Safety,Sick Leave,1,10,2,7,30,108,94.2,Approved
Health & Safety,Sick Leave,1,10,2,8,30,108,95.8,Approved
Health & Safety,Sick Leave,1,10,3,9,50,216,92.1,Rejected
Health & Safety,Sick Leave,1,11,0,11,37,120,85.5,Approved
Health & Safety,Sick Leave,1,11,0,4,47,168,80.0,Rejected
Health & Safety,Sick Leave,1,11,1,15,38,216,88.9,Approved
Health & Safety,Sick Leave,1,11,4,9,36,132,84.7,Approved
Health & Safety,Sick Leave,1,11,0,7,40,144,89.7,Approved
Health & Safety,Sick Leave,1,11,0,2,36,132,87.1,Rejected
Health & Safety,Sick Leave,10,11,0,8,34,168,87.9,Rejected
Administration,Casual Leave,1,11,0,3,43,156,87.5,Approved
Administration,Casual Leave,1,11,1,3,28,48,87.2,Rejected
Operations,Annual Leave,1,11,2,5,37,168,82.8,Approved
Health & Safety,Sick Leave,1,11,2,12,37,120,93.0,Approved
Health & Safety,Sick Leave,1,11,3,6,37,168,85.5,Approved
Health & Safety,Sick Leave,1,11,3,16,38,216,82.4,Approved
Health & Safety,Sick Leave,1,11,4,6,41,192,84.7,Approved
Health & Safety,Sick Leave,1,11,4,8,40,144,80.7,Approved
Health & Safety,Sick Leave,1,11,0,7,41,192,85.5,Approved
Health & Safety,Sick Leave,1,11,1,17,38,216,87.1,Rejected
Health & Safety,Sick Leave,1,11,2,10,36,132,80.1,Approved
Operations,Annual Leave,1,11,4,11,36,132,100.0,Approved
Administration,Casual Leave,1,11,4,2,36,132,81.1,Rejected
Administration,Casual Leave,1,11,1,1,39,168,82.1,Rejected
Health & Safety,Sick Leave,1,11,3,17,38,216,93.5,Approved
Health & Safety,Sick Leave,1,12,0,11,28,108,83.9,Rejected
Health & Safety,Sick Leave,1,12,0,18,38,216,88.5,Approved
Health & Safety,Sick Leave,1,12,0,19,38,216,85.7,Rejected
Health & Safety,Sick Leave,1,12,0,7,37,168,81.9,Approved
Health & Safety,Sick Leave,1,12,1,9,50,216,89.6,Approved
Health & Safety,Sick Leave,1,12,4,12,36,132,99.7,Rejected
Health & Safety,Sick Leave,1,12,3,8,41,192,95.3,Approved
Health & Safety,Sick Leave,1,12,3,19,38,216,90.6,Approved
Health & Safety,Sick Leave,1,12,4,20,38,216,87.4,Rejected
Health & Safety,Sick Leave,1,12,1,9,30,108,95.7,Approved
Health & Safety,Sick Leave,1,12,1,13,37,120,80.3,Rejected
Health & Safety,Sick Leave,1,12,3,8,37,168,87.4,Approved
Health & Safety,Sick Leave,1,12,1,4,43,156,90.0,Approved
Health & Safety,Sick Leave,1,12,1,9,37,168,85.9,Approved
Administration,Casual Leave,1,12,2,12,36,132,86.8,Approved
Health & Safety,Sick Leave,1,12,0,3,29,72,86.5,Approved
Health & Safety,Sick Leave,1,12,0,20,38,216,100.0,Approved
Administration,Casual Leave,1,12,0,13,33,156,84.8,Rejected
Health & Safety,Sick Leave,1,1,2,0,28,108,91.7,Approved
Administration,Casual Leave,4,1,0,0,37,120,81.0,Approved
Health & Safety,Sick Leave,1,1,0,0,34,168,91.3,Approved
Health & Safety,Sick Leave,1,1,1,0,37,168,85.1,Approved
Health & Safety,Sick Leave,1,1,1,1,34,168,77.0,Approved
Administration,Casual Leave,1,1,0,0,33,156,88.1,Approved
Health & Safety,Sick Leave,1,1,2,0,40,144,93.8,Approved
Administration,Casual Leave,1,1,0,0,43,156,91.4,Approved
Administration,Casual Leave,1,1,0,0,50,216,91.6,Approved
Health & Safety,Sick Leave,1,1,2,0,38,216,88.3,Approved
Health & Safety,Sick Leave,1,1,4,1,38,216,88.2,Approved
Health & Safety,Sick Leave,1,2,1,1,37,120,89.7,Approved
Administration,Casual Leave,1,2,2,2,38,216,83.5,Approved
Health & Safety,Sick Leave,1,2,2,1,28,108,93.5,Approved
Health & Safety,Sick Leave,1,2,4,1,33,156,97.1,Approved
Health & Safety,Sick Leave,1,2,4,0,36,132,76.2,Approved
Health & Safety,Sick Leave,1,2,4,3,38,216,93.9,Approved
Administration,Casual Leave,1,2,0,4,38,216,88.9,Approved
Health & Safety,Sick Leave,1,2,3,5,38,216,85.6,Approved
Administration,Casual Leave,1,2,3,0,41,192,89.9,Approved
Administration,Casual Leave,1,2,4,6,38,216,87.7,Approved
Health & Safety,Sick Leave,1,2,0,1,33,156,88.2,Approved
Administration,Casual Leave,1,2,0,7,38,216,93.2,Rejected
Health & Safety,Sick Leave,1,2,1,1,41,192,94.2,Rejected
Health & Safety,Sick Leave,1,2,1,1,40,144,93.1,Approved
Health & Safety,Sick Leave,2,2,2,0,29,72,97.4,Approved
Health & Safety,Sick Leave,3,2,4,1,41,192,80.0,Approved
Operations,Annual Leave,1,3,1,2,37,120,88.4,Approved
Administration,Casual Leave,2,3,2,2,41,192,79.8,Approved
Health & Safety,Sick Leave,1,3,4,3,41,192,86.5,Approved
Health & Safety,Sick Leave,1,3,4,1,36,132,85.0,Approved
Health & Safety,Sick Leave,1,3,0,7,38,216,83.9,Approved
Health & Safety,Sick Leave,1,3,0,1,37,168,82.5,Approved
Health & Safety,Sick Leave,1,3,1,1,40,204,100.0,Approved
Health & Safety,Sick Leave,1,3,1,0,36,132,96.5,Approved
Health & Safety,Sick Leave,2,3,0,8,38,216,86.9,Rejected
Health & Safety,Sick Leave,1,3,2,0,28,36,80.6,Approved
Administration,Casual Leave,1,3,2,0,31,144,92.8,Rejected
Operations,Annual Leave,1,3,3,2,37,168,83.9,Approved
Health & Safety,Sick Leave,1,3,4,1,50,216,89.7,Approved
Health & Safety,Sick Leave,1,3,1,2,50,216,80.4,Rejected
Health & Safety,Sick Leave,1,3,2,2,50,216,89.4,Approved
Administration,Casual Leave,1,3,3,3,37,168,88.7,Rejected
Administration,Casual Leave,1,3,3,4,41,192,88.6,Rejected
Administration,Casual Leave,1,3,3,3,50,216,78.6,Rejected
Health & Safety,Sick Leave,1,3,4,8,38,216,83.3,Approved
Health & Safety,Sick Leave,1,3,4,2,33,156,80.9,Approved
Administration,Casual Leave,1,3,0,2,36,132,75.2,Approved
Health & Safety,Sick Leave,1,3,1,4,41,192,87.0,Approved
Health & Safety,Sick Leave,1,4,2,9,38,216,85.2,Approved
Health & Safety,Sick Leave,1,4,4,3,36,132,85.2,Rejected
Administration,Casual Leave,1,4,4,0,28,48,96.9,Approved
Health & Safety,Sick Leave,1,4,0,0,31,144,79.8,Approved
Administration,Casual Leave,1,4,0,0,47,168,89.0,Approved
Health & Safety,Sick Leave,1,4,2,1,28,48,81.1,Rejected
Health & Safety,Sick Leave,1,4,2,10,38,216,81.5,Approved
Health & Safety,Sick Leave,1,4,0,3,50,216,85.2,Approved
Health & Safety,Sick Leave,10,4,2,4,50,216,99.5,Approved
Health & Safety,Sick Leave,1,4,4,0,43,156,83.2,Approved
Health & Safety,Sick Leave,1,4,4,3,36,132,93.2,Approved
Health & Safety,Sick Leave,1,4,0,11,38,216,81.1,Approved
Health & Safety,Sick Leave,1,4,2,3,37,120,83.3,Approved
Health & Safety,Sick Leave,2,5,0,1,43,156,91.6,Approved
Health & Safety,Sick Leave,1,5,2,1,47,168,81.0,Approved
Health & Safety,Sick Leave,1,5,0,1,31,144,87.5,Approved
Health & Safety,Sick Leave,1,5,2,0,30,108,87.4,Rejected
Health & Safety,Sick Leave,1,5,2,12,38,216,88.0,Approved
Health & Safety,Sick Leave,1,5,3,1,28,36,92.7,Approved
Health & Safety,Sick Leave,1,5,4,4,36,132,75.1,Approved
Health & Safety,Sick Leave,1,5,0,2,40,204,89.1,Approved
Health & Safety,Sick Leave,1,5,0,3,40,204,99.9,Approved
Operations,Annual Leave,1,5,2,0,58,192,86.6,Approved
Health & Safety,Sick Leave,1,5,2,2,28,108,81.9,Approved
Health & Safety,Sick Leave,1,5,4,1,28,48,80.1,Approved
Health & Safety,Sick Leave,1,5,0,0,30,108,94.4,Rejected
Health & Safety,Sick Leave,1,5,0,4,37,120,84.2,Approved
Health & Safety,Sick Leave,1,5,0,3,37,168,87.1,Approved
Health & Safety,Sick Leave,1,6,0,5,37,120,88.0,Approved
Health & Safety,Sick Leave,1,6,0,13,38,216,95.6,Approved
Health & Safety,Sick Leave,1,6,1,6,37,120,88.8,Rejected
Health & Safety,Sick Leave,1,6,3,3,28,108,88.4,Approved
Health & Safety,Sick Leave,1,6,4,5,36,132,88.7,Approved
Administration,Casual Leave,1,6,4,14,38,216,92.1,Rejected
Health & Safety,Sick Leave,5,6,0,2,40,144,80.0,Approved
Health & Safety,Sick Leave,3,6,0,14,38,216,84.8,Approved
Health & Safety,Sick Leave,1,6,1,5,41,192,89.0,Approved
Health & Safety,Sick Leave,1,6,0,15,38,216,78.1,Approved
Administration,Casual Leave,1,6,1,2,43,156,86.3,Approved
Health & Safety,Sick Leave,1,6,0,16,38,216,81.3,Rejected
Health & Safety,Sick Leave,1,6,2,4,28,108,88.9,Approved
Health & Safety,Sick Leave,1,6,2,5,50,216,85.1,Approved
Health & Safety,Sick Leave,1,6,2,16,38,216,87.8,Approved
Operations,Annual Leave,1,6,2,0,30,108,80.2,Approved
Health & Safety,Sick Leave,1,6,4,6,41,192,90.2,Approved
Health & Safety,Sick Leave,1,6,1,2,28,48,92.6,Rejected
Health & Safety,Sick Leave,1,6,1,4,37,168,87.4,Approved
Health & Safety,Sick Leave,1,7,3,1,30,108,96.1,Rejected
Health & Safety,Sick Leave,1,7,3,5,28,108,84.5,Rejected
Health & Safety,Sick Leave,1,7,4,6,36,132,81.9,Approved
Health & Safety,Sick Leave,1,7,0,0,33,96,86.1,Approved
Health & Safety,Sick Leave,1,7,4,2,28,48,84.4,Approved
Administration,Casual Leave,1,7,4,6,37,120,80.3,Approved
Administration,Casual Leave,1,7,0,7,36,132,88.2,Approved
Health & Safety,Sick Leave,1,7,1,7,37,120,83.6,Approved
Operations,Annual Leave,1,7,0,1,43,156,95.7,Approved
Health & Safety,Sick Leave,1,7,0,0,48,144,84.8,Approved
Health & Safety,Sick Leave,1,7,1,7,41,192,85.8,Approved
Health & Safety,Sick Leave,10,7,1,5,28,108,86.1,Approved
Health & Safety,Sick Leave,1,7,1,17,38,216,85.0,Approved
Health & Safety,Sick Leave,1,7,4,6,50,216,88.5,Approved
Health & Safety,Sick Leave,1,7,4,2,28,36,97.7,Approved
Health & Safety,Sick Leave,1,7,0,3,33,156,81.8,Approved
Administration,Casual Leave,1,7,0,3,43,156,85.1,Approved
Health & Safety,Sick Leave,1,7,3,3,40,144,88.1,Approved
Health & Safety,Sick Leave,1,7,3,0,39,168,88.8,Approved
Health & Safety,Sick Leave,1,8,3,18,38,216,84.4,Rejected
Health & Safety,Sick Leave,1,8,0,4,40,204,90.8,Rejected
Health & Safety,Sick Leave,1,8,1,8,41,192,85.0,Approved
Health & Safety,Sick Leave,1,8,1,8,37,120,88.7,Approved
Administration,Casual Leave,1,8,1,4,33,156,70.1,Approved
Administration,Casual Leave,1,8,1,4,43,156,91.5,Approved
Health & Safety,Sick Leave,1,8,3,4,40,144,87.6,Approved
Health & Safety,Sick Leave,1,8,0,18,38,216,89.8,Rejected
Health & Safety,Sick Leave,1,8,1,4,40,204,89.4,Approved
Health & Safety,Sick Leave,2,8,3,3,28,48,84.7,Approved
Health & Safety,Sick Leave,1,8,1,5,37,168,84.6,Approved
Health & Safety,Sick Leave,1,8,1,9,41,192,80.2,Approved
Health & Safety,Sick Leave,1,8,1,9,37,120,91.5,Approved
Health & Safety,Sick Leave,1,8,3,5,40,144,83.4,Rejected
Health & Safety,Sick Leave,1,8,0,8,36,132,81.2,Rejected
Health & Safety,Sick Leave,1,9,1,10,41,192,93.7,Approved
Health & Safety,Sick Leave,1,9,1,10,37,120,85.0,Approved
Health & Safety,Sick Leave,1,9,1,2,34,168,82.0,Approved
Health & Safety,Sick Leave,1,9,3,5,40,144,98.3,Approved
Health & Safety,Sick Leave,1,9,4,1,30,108,99.3,Approved
Health & Safety,Sick Leave,1,9,4,2,47,168,98.4,Approved
Health & Safety,Sick Leave,1,9,0,18,38,216,92.5,Rejected
Health & Safety,Sick Leave,1,9,2,6,28,108,88.0,Approved
Health & Safety,Sick Leave,1,9,0,2,30,108,86.3,Approved
Health & Safety,Sick Leave,1,9,1,2,31,144,90.3,Approved
Health & Safety,Sick Leave,1,9,1,3,28,36,92.9,Approved
Health & Safety,Sick Leave,1,10,3,0,49,348,79.0,Approved
Health & Safety,Sick Leave,1,10,3,0,32,96,94.9,Approved
Administration,Casual Leave,1,10,4,11,41,192,94.7,Rejected
Health & Safety,Sick Leave,1,10,2,1,49,348,81.5,Rejected
Health & Safety,Sick Leave,1,10,2,6,40,144,79.4,Approved
Health & Safety,Sick Leave,1,10,1,11,37,120,82.9,Approved
Health & Safety,Sick Leave,1,10,3,1,49,348,91.8,Approved
Health & Safety,Sick Leave,1,10,4,7,40,144,86.4,Rejected
Health & Safety,Sick Leave,1,10,1,7,28,108,100.0,Approved
Health & Safety,Sick Leave,1,10,1,3,31,144,76.5,Rejected
Health & Safety,Sick Leave,1,10,1,3,31,144,86.5,Approved
Health & Safety,Sick Leave,1,10,1,8,28,108,86.5,Approved
Administration,Casual Leave,1,10,1,4,31,144,89.9,Rejected
Health & Safety,Sick Leave,1,10,2,18,38,216,91.7,Approved
Health & Safety,Sick Leave,1,10,2,1,58,192,78.1,Rejected
Health & Safety,Sick Leave,1,10,2,7,40,144,87.6,Rejected
Health & Safety,Sick Leave,1,10,3,4,31,144,86.2,Approved
Health & Safety,Sick Leave,1,10,3,9,28,108,93.1,Rejected
Health & Safety,Sick Leave,1,10,4,5,31,144,94.7,Approved
Health & Safety,Sick Leave,1,10,4,9,28,108,95.6,Approved
Health & Safety,Sick Leave,1,10,0,2,33,156,81.1,Rejected
Health & Safety,Sick Leave,1,10,0,1,32,96,84.7,Rejected
Health & Safety,Sick Leave,1,10,0,3,47,168,84.2,Approved
Administration,Casual Leave,1,10,0,10,28,108,87.4,Rejected
Health & Safety,Sick Leave,1,10,1,10,28,108,81.6,Approved
Operations,Annual Leave,1,11,1,19,38,216,78.4,Rejected
Health & Safety,Sick Leave,1,11,2,12,37,120,88.7,Approved
Health & Safety,Sick Leave,3,11,2,4,28,48,92.6,Approved
Health & Safety,Sick Leave,1,11,4,19,38,216,90.7,Rejected
Health & Safety,Sick Leave,1,11,1,13,37,120,92.3,Rejected
Operations,Annual Leave,1,11,2,5,33,156,88.7,Approved
Health & Safety,Sick Leave,1,11,4,1,32,96,80.0,Approved
Health & Safety,Sick Leave,1,11,4,11,28,108,81.6,Approved
Health & Safety,Sick Leave,1,11,1,4,28,36,100.0,Rejected
Health & Safety,Sick Leave,1,11,2,7,40,144,93.8,Approved
Health & Safety,Sick Leave,1,11,3,13,37,120,87.5,Approved
Health & Safety,Sick Leave,1,11,3,12,28,108,83.1,Approved
Health & Safety,Sick Leave,1,11,0,19,38,216,86.0,Approved
Health & Safety,Sick Leave,1,11,0,14,37,120,77.7,Rejected
Health & Safety,Sick Leave,1,11,1,14,37,120,93.6,Approved
Health & Safety,Sick Leave,1,11,1,13,28,108,96.8,Approved
Administration,Casual Leave,1,11,1,8,40,144,97.4,Rejected
Administration,Casual Leave,1,11,2,6,33,156,78.1,Rejected
Health & Safety,Sick Leave,1,11,3,4,47,168,84.3,Approved
Administration,Casual Leave,1,11,3,5,43,156,91.5,Rejected
Health & Safety,Sick Leave,1,11,4,14,28,108,84.7,Approved
Administration,Casual Leave,1,11,4,6,31,144,93.2,Approved
Health & Safety,Sick Leave,1,11,0,4,28,36,79.9,Approved
Health & Safety,Sick Leave,4,12,1,20,38,216,94.0,Rejected
Health & Safety,Sick Leave,1,12,2,8,40,144,88.4,Approved
Health & Safety,Sick Leave,1,12,2,15,28,108,85.5,Approved
Health & Safety,Sick Leave,1,12,4,3,30,108,94.1,Approved
Health & Safety,Sick Leave,1,12,4,16,28,108,83.3,Rejected
Health & Safety,Sick Leave,1,12,3,5,28,36,84.6,Approved
Operations,Annual Leave,1,12,4,5,40,204,86.4,Approved
Administration,Casual Leave,1,12,4,5,43,156,82.4,Approved
Operations,Annual Leave,1,12,0,0,31,12,78.5,Approved
Health & Safety,Sick Leave,2,12,1,4,30,108,96.2,Approved
Health & Safety,Sick Leave,1,12,1,16,28,108,88.1,Approved
Health & Safety,Sick Leave,1,12,3,17,28,108,83.4,Rejected
Health & Safety,Sick Leave,1,12,0,17,28,108,93.6,Rejected
Operations,Annual Leave,10,12,1,3,34,168,92.6,Rejected
Health & Safety,Sick Leave,3,1,0,0,30,108,84.7,Approved
Health & Safety,Sick Leave,2,1,3,1,30,108,88.9,Approved
Health & Safety,Sick Leave,1,1,3,0,40,204,85.7,Approved
Health & Safety,Sick Leave,1,1,4,1,40,204,83.8,Approved
Health & Safety,Sick Leave,1,1,0,2,30,108,85.8,Rejected
Health & Safety,Sick Leave,1,1,2,2,40,204,89.1,Approved
Health & Safety,Sick Leave,1,1,3,0,49,348,88.1,Approved
Operations,Annual Leave,1,1,4,3,40,204,87.3,Approved
Administration,Casual Leave,1,1,0,2,30,108,89.1,Approved
Operations,Annual Leave,1,1,1,0,34,168,94.0,Approved
Administration,Casual Leave,1,1,2,3,30,108,94.1,Approved
Administration,Casual Leave,1,1,2,0,38,216,90.0,Approved
Health & Safety,Sick Leave,1,1,2,0,33,156,98.7,Approved
Administration,Casual Leave,1,1,3,1,38,216,100.0,Approved
Administration,Casual Leave,1,1,4,2,38,216,98.4,Approved
Health & Safety,Sick Leave,1,2,1,3,38,216,83.1,Rejected
Health & Safety,Sick Leave,1,2,1,0,28,108,95.8,Approved
Health & Safety,Sick Leave,1,2,2,0,47,168,100.0,Approved
Administration,Casual Leave,1,2,2,3,38,216,90.9,Approved
Health & Safety,Sick Leave,1,2,3,1,28,108,79.2,Approved
Administration,Casual Leave,1,2,3,4,38,216,95.9,Approved
Administration,Casual Leave,1,2,3,4,30,108,81.9,Approved
Health & Safety,Sick Leave,1,2,4,0,41,180,86.8,Approved
Administration,Casual Leave,1,2,4,5,38,216,84.6,Approved
Administration,Casual Leave,1,2,0,0,31,12,84.9,Approved
Administration,Casual Leave,1,2,0,6,38,216,85.2,Rejected
Health & Safety,Sick Leave,1,2,1,2,28,108,99.1,Rejected
Administration,Casual Leave,1,2,2,6,38,216,94.1,Approved
Administration,Casual Leave,1,2,3,7,38,216,80.3,Approved
Health & Safety,Sick Leave,1,2,3,2,28,108,85.5,Rejected
Health & Safety,Sick Leave,1,2,3,5,30,108,85.3,Approved
Health & Safety,Sick Leave,1,2,4,4,40,204,87.3,Approved
Administration,Casual Leave,1,2,4,8,38,216,92.5,Approved
Health & Safety,Sick Leave,1,2,2,1,31,12,93.1,Approved
Administration,Casual Leave,1,2,2,6,30,108,83.4,Approved
Health & Safety,Sick Leave,1,2,3,9,38,216,90.6,Rejected
Health & Safety,Sick Leave,1,2,0,1,34,168,99.1,Approved
Health & Safety,Sick Leave,1,2,0,0,32,96,90.9,Approved
Health & Safety,Sick Leave,1,2,0,2,28,108,88.7,Approved
Administration,Casual Leave,1,2,1,9,38,216,95.0,Rejected
Health & Safety,Sick Leave,1,2,1,1,47,168,100.0,Approved
Health & Safety,Sick Leave,1,2,1,3,28,108,88.8,Approved
Health & Safety,Sick Leave,1,2,4,1,32,96,82.7,Approved
Administration,Casual Leave,1,3,0,9,38,216,88.9,Approved
Health & Safety,Sick Leave,1,3,0,2,47,168,85.0,Approved
Health & Safety,Sick Leave,1,3,1,0,58,192,86.2,Approved
Health & Safety,Sick Leave,1,3,1,3,47,168,83.7,Approved
Health & Safety,Sick Leave,10,3,1,1,58,192,97.8,Approved
Administration,Casual Leave,1,3,2,10,38,216,85.3,Approved
Administration,Casual Leave,1,3,3,4,28,108,91.6,Approved
Administration,Casual Leave,1,3,3,11,38,216,76.1,Approved
Health & Safety,Sick Leave,1,3,3,5,28,108,90.0,Approved
Administration,Casual Leave,1,3,4,7,30,108,99.9,Approved
Health & Safety,Sick Leave,1,3,0,2,32,96,87.1,Approved
Administration,Casual Leave,1,3,0,0,28,36,90.8,Rejected
Health & Safety,Sick Leave,1,3,1,12,38,216,95.0,Approved
Administration,Casual Leave,1,3,4,8,30,108,83.8,Rejected
Health & Safety,Sick Leave,1,3,0,13,38,216,84.5,Approved
Health & Safety,Sick Leave,1,3,0,4,47,168,89.6,Approved
Administration,Casual Leave,1,3,0,14,38,216,90.5,Approved
Health & Safety,Sick Leave,1,3,0,6,28,108,92.2,Approved
Administration,Casual Leave,1,3,1,15,38,216,100.0,Rejected
Health & Safety,Sick Leave,1,3,2,1,33,156,92.0,Approved
Health & Safety,Sick Leave,1,3,2,2,58,192,97.5,Approved
Health & Safety,Sick Leave,1,3,3,5,47,168,82.1,Approved
Health & Safety,Sick Leave,1,3,4,8,30,108,88.5,Approved
Administration,Casual Leave,1,3,4,15,38,216,90.3,Approved
Administration,Casual Leave,1,3,1,16,38,216,91.2,Approved
Health & Safety,Sick Leave,1,3,2,0,46,288,88.3,Approved
Health & Safety,Sick Leave,3,3,2,2,34,168,93.2,Rejected
Administration,Casual Leave,1,3,2,17,38,216,96.3,Approved
Administration,Casual Leave,1,3,3,18,38,216,91.6,Approved
Health & Safety,Sick Leave,1,3,0,9,30,108,78.0,Approved
Administration,Casual Leave,10,3,0,2,33,156,84.1,Approved
Health & Safety,Sick Leave,1,3,2,0,31,144,89.3,Approved
Health & Safety,Sick Leave,1,4,0,7,28,108,88.5,Approved
Health & Safety,Sick Leave,1,4,0,0,37,120,90.9,Approved
Administration,Casual Leave,1,4,1,0,28,36,93.2,Approved
Administration,Casual Leave,1,4,2,6,47,168,86.3,Rejected
Health & Safety,Sick Leave,1,4,3,0,33,156,86.5,Approved
Administration,Casual Leave,1,4,4,10,30,108,94.6,Approved
Health & Safety,Sick Leave,3,4,0,1,31,144,79.1,Approved
Operations,Annual Leave,1,4,1,5,40,204,84.1,Approved
Health & Safety,Sick Leave,1,4,1,0,50,216,95.1,Rejected
Health & Safety,Sick Leave,1,4,1,1,28,36,94.7,Approved
Health & Safety,Sick Leave,1,4,2,1,37,120,85.4,Approved
Health & Safety,Sick Leave,1,4,4,0,37,168,94.2,Approved
Administration,Casual Leave,1,4,0,8,28,108,90.5,Approved
Operations,Annual Leave,1,4,1,3,32,96,83.4,Approved
Health & Safety,Sick Leave,1,4,1,2,34,168,97.9,Approved
Administration,Casual Leave,1,4,3,9,28,108,88.7,Approved
Health & Safety,Sick Leave,1,4,3,0,50,216,91.9,Approved
Health & Safety,Sick Leave,1,5,0,1,37,168,89.7,Approved
Administration,Casual Leave,1,5,2,1,41,180,89.7,Approved
Health & Safety,Sick Leave,1,5,2,4,32,96,84.8,Rejected
Health & Safety,Sick Leave,1,5,2,2,37,120,81.2,Approved
Administration,Casual Leave,1,5,2,0,43,156,86.9,Approved
Health & Safety,Sick Leave,1,5,3,11,30,108,91.3,Approved
Health & Safety,Sick Leave,1,5,3,0,40,144,97.5,Approved
Health & Safety,Sick Leave,1,5,3,2,41,180,90.6,Approved
Administration,Casual Leave,8,5,4,0,43,156,76.8,Approved
Health & Safety,Sick Leave,1,5,4,3,41,180,90.1,Approved
Administration,Casual Leave,1,5,4,12,30,108,86.6,Approved
Health & Safety,Sick Leave,1,5,0,1,50,216,88.3,Rejected
Health & Safety,Sick Leave,1,5,1,1,50,216,84.9,Approved
Health & Safety,Sick Leave,1,5,1,3,37,120,87.8,Approved
Administration,Casual Leave,1,5,1,2,50,216,79.3,Rejected
Administration,Casual Leave,1,5,2,13,30,108,80.1,Rejected
Administration,Casual Leave,1,5,2,1,36,132,91.0,Rejected
Operations,Annual Leave,1,5,4,6,40,204,86.6,Approved
Health & Safety,Sick Leave,6,5,0,3,34,168,94.8,Approved
Health & Safety,Sick Leave,1,5,0,4,32,96,98.5,Approved
Health & Safety,Sick Leave,1,5,2,1,40,144,90.1,Approved
Health & Safety,Sick Leave,1,5,2,7,40,204,88.7,Approved
Health & Safety,Sick Leave,1,5,2,10,28,108,93.9,Approved
Health & Safety,Sick Leave,1,5,3,0,28,48,91.6,Rejected
Health & Safety,Sick Leave,1,5,3,5,32,96,89.1,Approved
Health & Safety,Sick Leave,1,5,0,2,28,36,87.2,Rejected
Health & Safety,Sick Leave,1,5,2,4,34,168,94.1,Approved
Health & Safety,Sick Leave,1,5,4,8,40,204,81.7,Approved
Health & Safety,Sick Leave,1,5,4,5,34,168,92.3,Approved
Health & Safety,Sick Leave,1,5,0,11,28,108,87.2,Approved
Health & Safety,Sick Leave,1,6,2,1,46,288,88.5,Approved
Administration,Casual Leave,1,6,2,13,30,108,77.7,Approved
Administration,Casual Leave,1,6,4,4,37,120,82.2,Rejected
Health & Safety,Sick Leave,1,6,2,4,37,120,84.6,Approved
Health & Safety,Sick Leave,1,6,3,1,36,132,89.5,Approved
Administration,Casual Leave,3,6,3,2,50,216,84.1,Approved
Administration,Casual Leave,1,6,4,2,31,12,100.0,Approved
Administration,Casual Leave,1,6,4,14,30,108,100.0,Approved
Administration,Casual Leave,1,6,0,0,48,144,65.8,Rejected
Administration,Casual Leave,1,6,0,0,33,96,87.5,Rejected
Administration,Casual Leave,1,6,3,3,50,216,100.0,Approved
Health & Safety,Sick Leave,1,6,3,15,30,108,85.6,Approved
Health & Safety,Sick Leave,1,6,3,2,40,144,82.0,Approved
Health & Safety,Sick Leave,1,6,0,16,30,108,87.8,Approved
Health & Safety,Sick Leave,1,6,0,5,37,120,98.7,Approved
Health & Safety,Sick Leave,1,6,3,3,31,12,95.6,Approved
Health & Safety,Sick Leave,1,6,4,6,37,120,87.9,Rejected
Health & Safety,Sick Leave,1,6,2,6,37,120,91.4,Approved
Health & Safety,Sick Leave,1,6,2,4,31,12,78.7,Approved
Administration,Casual Leave,1,7,2,1,43,156,76.3,Approved
Administration,Casual Leave,1,7,4,5,31,12,86.7,Approved
Health & Safety,Sick Leave,1,7,0,3,58,192,85.2,Rejected
Health & Safety,Sick Leave,1,7,0,7,37,120,98.8,Approved
Health & Safety,Sick Leave,10,7,1,3,58,192,79.3,Rejected
Health & Safety,Sick Leave,2,7,1,1,33,156,89.9,Rejected
Health & Safety,Sick Leave,1,7,2,8,37,120,73.4,Approved
Health & Safety,Sick Leave,1,7,2,2,28,36,88.4,Approved
Health & Safety,Sick Leave,1,7,2,12,28,108,85.4,Approved
Health & Safety,Sick Leave,10,7,0,2,31,144,86.0,Approved
Health & Safety,Sick Leave,1,7,1,3,33,156,87.4,Approved
Health & Safety,Sick Leave,1,7,1,2,37,168,86.7,Approved
Administration,Casual Leave,1,7,1,0,33,156,94.6,Approved
Administration,Casual Leave,1,7,1,0,50,216,87.0,Rejected
Health & Safety,Sick Leave,1,7,2,0,38,216,84.6,Approved
Health & Safety,Sick Leave,1,7,3,0,39,168,89.6,Approved
Health & Safety,Sick Leave,1,7,3,1,33,156,90.2,Approved
Health & Safety,Sick Leave,1,7,4,1,38,216,85.6,Approved
Health & Safety,Sick Leave,1,7,4,0,28,36,87.0,Approved
Health & Safety,Sick Leave,1,7,4,0,36,132,93.8,Approved
Administration,Casual Leave,5,7,0,0,34,168,84.2,Approved
Health & Safety,Sick Leave,1,7,0,0,37,168,85.9,Approved
Health & Safety,Sick Leave,1,7,0,1,36,132,82.4,Rejected
Health & Safety,Sick Leave,1,7,1,1,36,132,90.0,Rejected
Health & Safety,Sick Leave,1,7,2,1,36,132,92.9,Approved
Health & Safety,Sick Leave,1,7,2,2,38,216,77.8,Rejected
Health & Safety,Sick Leave,1,7,2,2,38,216,79.3,Approved
Health & Safety,Sick Leave,1,7,4,0,41,192,90.0,Approved
Operations,Annual Leave,1,7,0,3,38,216,93.2,Approved
Health & Safety,Sick Leave,1,7,3,0,33,156,84.5,Approved
Health & Safety,Sick Leave,1,8,2,0,47,168,82.6,Approved
Health & Safety,Sick Leave,1,8,2,0,28,48,83.6,Approved
Health & Safety,Sick Leave,1,8,0,4,38,216,68.5,Rejected
Health & Safety,Sick Leave,5,8,0,1,28,36,90.5,Approved
Health & Safety,Sick Leave,1,8,4,2,36,132,86.3,Approved
Operations,Annual Leave,1,8,0,2,33,156,85.0,Approved
Health & Safety,Sick Leave,1,8,0,2,28,36,90.3,Approved
Health & Safety,Sick Leave,1,8,1,3,33,156,100.0,Approved
Health & Safety,Sick Leave,1,8,2,0,29,72,74.1,Approved
Operations,Annual Leave,1,8,2,4,33,156,83.9,Approved
Health & Safety,Sick Leave,1,8,4,4,38,216,92.2,Rejected
Operations,Annual Leave,1,8,0,4,38,216,92.9,Approved
Operations,Annual Leave,1,8,3,0,48,144,94.0,Rejected
Health & Safety,Sick Leave,1,8,3,1,37,168,89.4,Approved
Operations,Annual Leave,1,8,0,0,48,144,93.5,Approved
Health & Safety,Sick Leave,1,8,0,5,38,216,86.9,Approved
Health & Safety,Sick Leave,1,8,0,3,28,36,87.3,Approved
Operations,Annual Leave,1,8,1,5,33,156,95.3,Approved
Health & Safety,Sick Leave,1,8,3,0,32,144,95.1,Rejected
Health & Safety,Sick Leave,1,8,4,1,48,144,95.7,Approved
Health & Safety,Sick Leave,1,8,4,3,36,132,83.5,Approved
Health & Safety,Sick Leave,1,9,1,0,27,84,100.0,Rejected
Health & Safety,Sick Leave,1,9,0,0,37,120,91.4,Approved
Health & Safety,Sick Leave,1,9,1,6,38,216,80.9,Approved
Administration,Casual Leave,1,9,1,0,43,156,89.5,Rejected
Health & Safety,Sick Leave,1,9,2,1,34,168,84.8,Approved
Health & Safety,Sick Leave,1,9,0,1,37,120,79.8,Approved
Health & Safety,Sick Leave,1,9,1,7,38,216,84.8,Approved
Health & Safety,Sick Leave,1,9,3,0,40,144,90.7,Approved
Health & Safety,Sick Leave,1,9,4,4,36,132,84.9,Approved
Health & Safety,Sick Leave,4,9,0,1,40,144,95.6,Approved
Administration,Casual Leave,1,9,0,5,36,132,83.2,Rejected
Administration,Casual Leave,1,9,0,0,28,108,96.7,Rejected
Health & Safety,Sick Leave,1,9,1,0,28,108,90.7,Approved
Health & Safety,Sick Leave,1,9,1,2,37,120,93.1,Approved
Administration,Casual Leave,1,9,1,6,33,156,92.4,Rejected
Administration,Casual Leave,1,9,1,0,50,216,93.5,Rejected
Operations,Annual Leave,1,9,2,1,28,108,95.2,Approved
Health & Safety,Sick Leave,1,9,2,8,38,216,81.0,Approved
Administration,Casual Leave,1,9,2,0,31,144,78.5,Rejected
Health & Safety,Sick Leave,1,9,4,1,47,168,88.5,Approved
Health & Safety,Sick Leave,1,9,4,9,38,216,90.5,Approved
Health & Safety,Sick Leave,1,9,4,5,36,132,90.5,Approved
Health & Safety,Sick Leave,1,10,1,10,38,216,92.2,Approved
Health & Safety,Sick Leave,1,10,1,3,37,120,80.1,Approved
Administration,Casual Leave,1,10,2,0,50,216,91.7,Rejected
Health & Safety,Sick Leave,1,10,3,0,30,108,89.1,Approved
Health & Safety,Sick Leave,1,10,4,11,38,216,85.6,Approved
Health & Safety,Sick Leave,1,10,4,2,28,108,86.4,Rejected
Health & Safety,Sick Leave,1,10,2,2,28,108,92.7,Approved
Health & Safety,Sick Leave,1,10,2,2,47,168,79.9,Approved
Health & Safety,Sick Leave,1,10,3,2,40,144,78.0,Approved
Health & Safety,Sick Leave,1,10,2,12,38,216,87.6,Approved
Health & Safety,Sick Leave,1,10,2,3,28,108,89.8,Approved
Administration,Casual Leave,2,10,3,6,36,132,82.9,Approved
Health & Safety,Sick Leave,1,10,1,3,40,144,86.2,Approved
Health & Safety,Sick Leave,1,10,1,4,28,108,91.6,Approved
Administration,Casual Leave,1,10,2,6,33,156,81.9,Approved
Health & Safety,Sick Leave,1,10,4,4,28,36,92.7,Approved
Health & Safety,Sick Leave,1,10,4,7,36,132,90.3,Approved
Health & Safety,Sick Leave,1,11,3,13,38,216,85.0,Approved
Health & Safety,Sick Leave,1,11,2,5,28,108,94.6,Rejected
Health & Safety,Sick Leave,1,11,3,14,38,216,91.2,Approved
Operations,Annual Leave,1,11,3,0,40,204,90.5,Approved
Health & Safety,Sick Leave,1,11,3,4,40,144,83.5,Approved
Health & Safety,Sick Leave,4,11,0,2,34,168,79.6,Rejected
Health & Safety,Sick Leave,1,11,0,1,33,156,82.0,Approved
Health & Safety,Sick Leave,5,11,0,5,40,144,90.6,Approved
Health & Safety,Sick Leave,1,11,4,2,34,168,88.6,Rejected
Health & Safety,Sick Leave,1,11,2,5,28,108,96.3,Rejected
Operations,Annual Leave,1,11,2,1,40,204,91.4,Approved
Health & Safety,Sick Leave,1,11,4,5,28,108,87.0,Approved
Health & Safety,Sick Leave,1,11,4,8,36,132,79.9,Approved
Health & Safety,Sick Leave,1,11,0,3,47,168,88.2,Approved
Health & Safety,Sick Leave,1,11,1,6,28,108,87.7,Approved
Health & Safety,Sick Leave,3,11,2,7,33,156,83.7,Approved
Health & Safety,Sick Leave,1,11,3,6,40,144,90.1,Approved
Health & Safety,Sick Leave,1,12,1,4,47,168,87.9,Approved
Administration,Casual Leave,8,12,1,4,37,120,81.0,Rejected
Health & Safety,Sick Leave,1,12,2,0,50,216,81.0,Approved
Administration,Casual Leave,1,12,2,2,37,168,86.7,Approved
Health & Safety,Sick Leave,1,12,3,7,28,108,94.8,Approved
Administration,Casual Leave,1,12,4,9,36,132,100.0,Approved
Administration,Casual Leave,7,12,1,4,37,120,85.4,Approved
Health & Safety,Sick Leave,1,12,2,5,28,36,94.0,Rejected
Health & Safety,Sick Leave,1,12,3,8,28,108,92.6,Approved
Health & Safety,Sick Leave,1,12,4,10,36,132,90.2,Approved
Health & Safety,Sick Leave,1,12,1,9,28,108,82.9,Approved
Administration,Casual Leave,1,12,4,5,37,120,87.9,Approved
Administration,Casual Leave,1,12,4,1,41,192,98.5,Approved
Health & Safety,Sick Leave,1,12,4,10,28,108,83.4,Approved
Health & Safety,Sick Leave,1,1,2,0,28,108,80.7,Approved
Administration,Casual Leave,1,1,0,0,37,120,81.7,Approved
Administration,Casual Leave,1,1,1,1,37,120,92.4,Approved
Operations,Annual Leave,1,1,1,0,34,168,87.9,Rejected
Administration,Casual Leave,1,1,2,1,28,108,90.7,Approved
Health & Safety,Sick Leave,1,1,3,0,27,84,95.5,Rejected
Health & Safety,Sick Leave,1,1,3,2,28,108,91.8,Approved
Administration,Casual Leave,1,1,4,3,28,108,89.3,Approved
Administration,Casual Leave,1,1,0,2,37,120,90.3,Approved
Administration,Casual Leave,1,1,1,4,28,108,80.5,Approved
Administration,Casual Leave,1,1,1,3,37,120,86.5,Approved
Administration,Casual Leave,1,1,2,4,37,120,91.9,Approved
Administration,Casual Leave,1,1,3,5,37,120,71.6,Approved
Administration,Casual Leave,1,1,4,6,37,120,93.8,Approved
Operations,Annual Leave,1,1,1,0,30,108,95.1,Approved
Operations,Annual Leave,1,1,1,0,33,156,100.0,Approved
Administration,Casual Leave,1,1,0,7,37,120,84.8,Approved
Health & Safety,Sick Leave,1,1,1,5,28,108,77.7,Approved
Health & Safety,Sick Leave,1,1,3,1,33,156,100.0,Approved
Health & Safety,Sick Leave,1,2,4,0,27,84,88.9,Approved
Health & Safety,Sick Leave,1,2,2,0,41,192,88.7,Approved
Health & Safety,Sick Leave,1,2,2,0,38,216,88.0,Rejected
Health & Safety,Sick Leave,1,2,3,0,34,168,90.7,Approved
Health & Safety,Sick Leave,1,2,3,0,33,156,88.3,Approved
Health & Safety,Sick Leave,1,2,4,0,36,132,95.1,Approved
Health & Safety,Sick Leave,1,2,4,2,33,156,84.4,Approved
Health & Safety,Sick Leave,1,2,0,0,50,108,97.0,Approved
Health & Safety,Sick Leave,1,2,1,1,50,108,87.2,Approved
Health & Safety,Sick Leave,1,2,0,6,28,108,93.4,Approved
Health & Safety,Sick Leave,1,2,1,7,28,108,85.7,Rejected
Health & Safety,Sick Leave,1,2,1,1,30,108,79.9,Approved
Health & Safety,Sick Leave,1,2,1,1,27,84,94.8,Approved
Health & Safety,Sick Leave,1,2,3,7,28,108,84.5,Approved
Operations,Annual Leave,1,2,0,0,28,48,83.2,Approved
Health & Safety,Sick Leave,1,2,1,1,28,48,87.4,Rejected
Health & Safety,Sick Leave,1,2,2,8,28,108,100.0,Approved
Administration,Casual Leave,1,2,3,1,33,156,87.1,Approved
Health & Safety,Sick Leave,1,3,1,0,32,144,81.4,Approved
Administration,Casual Leave,1,3,1,1,36,132,83.4,Approved
Administration,Casual Leave,1,3,1,0,29,72,83.2,Approved
Operations,Annual Leave,1,3,1,0,40,204,84.8,Approved
Health & Safety,Sick Leave,1,3,2,0,40,144,89.1,Approved
Health & Safety,Sick Leave,1,3,2,2,36,132,94.0,Approved
Health & Safety,Sick Leave,1,3,3,2,30,108,83.5,Approved
Health & Safety,Sick Leave,1,3,4,0,47,168,98.3,Approved
Health & Safety,Sick Leave,5,3,4,3,36,132,91.9,Approved
Health & Safety,Sick Leave,5,3,0,1,40,204,82.8,Approved
Health & Safety,Sick Leave,2,3,0,1,34,168,87.6,Approved
Administration,Casual Leave,2,3,0,4,36,132,93.6,Approved
Health & Safety,Sick Leave,1,3,1,2,34,168,87.5,Approved
Health & Safety,Sick Leave,1,3,3,3,33,156,80.6,Approved
Health & Safety,Sick Leave,1,3,3,2,40,204,81.1,Approved
Health & Safety,Sick Leave,1,3,4,5,36,132,92.0,Approved
Health & Safety,Sick Leave,1,3,4,9,28,108,82.3,Rejected
Health & Safety,Sick Leave,1,3,0,0,39,168,86.7,Approved
Health & Safety,Sick Leave,3,3,1,0,38,216,84.0,Approved
Health & Safety,Sick Leave,1,3,2,9,28,108,92.0,Rejected
Health & Safety,Sick Leave,1,3,0,9,28,108,88.6,Approved
Health & Safety,Sick Leave,1,3,0,3,30,108,87.3,Rejected
Health & Safety,Sick Leave,1,3,1,10,28,108,77.2,Approved
Health & Safety,Sick Leave,2,3,2,11,28,108,96.9,Rejected
Health & Safety,Sick Leave,1,3,2,1,38,216,83.8,Approved
Health & Safety,Sick Leave,2,3,3,1,39,168,100.0,Approved
Health & Safety,Sick Leave,1,3,4,11,28,108,90.9,Approved
Health & Safety,Sick Leave,1,3,4,1,47,168,90.8,Rejected
Health & Safety,Sick Leave,1,3,0,12,28,108,89.6,Approved
Health & Safety,Sick Leave,1,4,2,1,40,144,74.4,Approved
Health & Safety,Sick Leave,1,4,2,13,28,108,97.7,Rejected
Health & Safety,Sick Leave,1,4,1,3,34,168,86.6,Rejected
Health & Safety,Sick Leave,3,4,2,1,41,192,89.0,Approved
Health & Safety,Sick Leave,1,4,3,3,34,168,87.0,Approved
Health & Safety,Sick Leave,1,4,4,13,28,108,78.2,Approved
Health & Safety,Sick Leave,1,4,4,6,36,132,90.9,Rejected
Health & Safety,Sick Leave,3,4,2,2,38,216,88.7,Approved
Health & Safety,Sick Leave,1,4,3,0,50,216,89.6,Approved
Health & Safety,Sick Leave,1,4,4,2,40,144,87.6,Approved
Health & Safety,Sick Leave,1,4,4,2,41,192,92.3,Approved
Health & Safety,Sick Leave,1,4,4,3,40,144,79.8,Rejected
Health & Safety,Sick Leave,1,4,4,1,47,168,84.9,Approved
Administration,Casual Leave,7,4,4,6,36,132,88.5,Rejected
Administration,Casual Leave,1,4,1,4,33,156,99.4,Rejected
Health & Safety,Sick Leave,3,4,2,4,34,168,79.6,Approved
Administration,Casual Leave,1,4,2,0,36,132,89.5,Approved
Health & Safety,Sick Leave,2,4,3,4,33,156,86.3,Approved
Health & Safety,Sick Leave,1,4,4,0,37,168,81.1,Approved
Administration,Casual Leave,1,4,0,0,48,144,89.4,Rejected
Health & Safety,Sick Leave,1,5,2,5,33,156,95.7,Approved
Health & Safety,Sick Leave,1,5,3,5,34,168,84.1,Approved
Health & Safety,Sick Leave,1,5,0,6,34,168,82.7,Approved
Operations,Annual Leave,1,5,1,3,38,216,94.3,Rejected
Administration,Casual Leave,1,5,1,14,28,108,84.7,Approved
Health & Safety,Sick Leave,1,5,2,2,27,84,85.4,Approved
Health & Safety,Sick Leave,1,5,0,7,34,168,83.2,Approved
Health & Safety,Sick Leave,1,5,1,3,38,216,92.7,Approved
Health & Safety,Sick Leave,3,5,2,6,33,156,85.9,Approved
Administration,Casual Leave,1,5,2,2,39,168,78.1,Rejected
Administration,Casual Leave,1,5,2,1,28,48,79.4,Rejected
Administration,Casual Leave,1,5,2,1,36,132,87.8,Rejected
Administration,Casual Leave,1,5,2,2,50,108,92.2,Rejected
Health & Safety,Sick Leave,1,5,1,4,38,216,85.9,Rejected
Health & Safety,Sick Leave,3,5,2,1,50,216,78.0,Rejected
Health & Safety,Sick Leave,1,5,4,0,28,36,79.3,Rejected
Administration,Casual Leave,1,6,0,3,41,192,88.6,Approved
Health & Safety,Sick Leave,1,6,0,0,28,36,88.7,Approved
Health & Safety,Sick Leave,3,6,1,4,41,192,83.1,Approved
Health & Safety,Sick Leave,1,6,3,3,40,144,89.9,Approved
Health & Safety,Sick Leave,1,6,4,5,41,192,91.9,Approved
Health & Safety,Sick Leave,1,6,0,4,38,216,88.0,Rejected
Health & Safety,Sick Leave,1,6,0,8,34,168,87.3,Approved
Health & Safety,Sick Leave,1,6,0,6,41,192,83.7,Approved
Health & Safety,Sick Leave,1,6,2,1,50,216,86.9,Approved
Health & Safety,Sick Leave,2,6,4,1,37,168,93.2,Approved
Health & Safety,Sick Leave,1,6,1,2,50,216,86.2,Approved
Health & Safety,Sick Leave,10,6,2,3,50,216,100.0,Approved
Health & Safety,Sick Leave,1,6,3,1,36,132,90.1,Rejected
Health & Safety,Sick Leave,1,6,4,4,38,216,85.5,Approved
Health & Safety,Sick Leave,1,6,0,0,49,348,92.7,Approved
Health & Safety,Sick Leave,1,6,3,15,28,108,95.8,Approved
Administration,Casual Leave,2,7,1,9,34,168,92.2,Approved
Health & Safety,Sick Leave,1,7,2,4,50,216,78.1,Approved
Health & Safety,Sick Leave,1,7,4,8,37,120,85.9,Approved
Administration,Casual Leave,1,7,4,9,37,120,91.9,Approved
Administration,Casual Leave,1,7,1,1,28,48,94.6,Approved
Operations,Annual Leave,1,7,3,3,30,108,78.5,Approved
Health & Safety,Sick Leave,1,7,4,10,34,168,90.0,Approved
Health & Safety,Sick Leave,1,7,0,2,28,48,80.9,Approved
Health & Safety,Sick Leave,1,7,1,3,28,48,87.7,Approved
Health & Safety,Sick Leave,1,7,0,1,29,72,89.1,Approved
Health & Safety,Sick Leave,1,7,1,1,28,36,88.5,Rejected
Administration,Casual Leave,1,7,2,7,33,156,80.0,Rejected
Administration,Casual Leave,1,7,3,5,38,216,83.2,Approved
Administration,Casual Leave,4,7,0,7,33,156,79.7,Approved
Administration,Casual Leave,1,7,3,8,33,156,77.2,Approved
Administration,Casual Leave,1,7,3,6,36,132,92.6,Rejected
Administration,Casual Leave,1,8,4,9,33,156,83.1,Approved
Administration,Casual Leave,1,8,4,2,29,72,95.3,Approved
Health & Safety,Sick Leave,1,8,0,10,33,156,76.4,Approved
Operations,Annual Leave,1,8,1,0,58,192,92.7,Rejected
Health & Safety,Sick Leave,1,8,3,0,43,156,90.4,Approved
Health & Safety,Sick Leave,1,8,3,1,43,156,91.3,Approved
Health & Safety,Sick Leave,1,8,4,6,36,132,85.0,Approved
Health & Safety,Sick Leave,1,8,1,11,33,156,82.2,Approved
Health & Safety,Sick Leave,1,8,2,2,47,168,91.8,Approved
Health & Safety,Sick Leave,1,8,3,0,33,96,86.2,Approved
Health & Safety,Sick Leave,1,8,3,4,30,108,92.5,Approved
Health & Safety,Sick Leave,1,8,3,5,50,216,100.0,Approved
Health & Safety,Sick Leave,1,8,0,3,47,168,89.8,Approved
Health & Safety,Sick Leave,1,8,1,2,37,168,92.9,Approved
Health & Safety,Sick Leave,1,8,3,6,50,216,86.7,Rejected
Administration,Casual Leave,1,8,3,3,37,168,78.8,Approved
Health & Safety,Sick Leave,1,8,1,1,28,36,100.0,Approved
Health & Safety,Sick Leave,1,8,2,3,27,84,93.9,Approved
Health & Safety,Sick Leave,1,9,0,6,38,216,81.3,Approved
Health & Safety,Sick Leave,1,9,4,7,38,216,88.9,Rejected
Administration,Casual Leave,3,9,2,12,33,156,84.0,Rejected
Administration,Casual Leave,1,9,3,0,43,156,78.4,Rejected
Health & Safety,Sick Leave,2,9,0,7,41,192,93.5,Approved
Health & Safety,Sick Leave,1,9,1,4,40,144,88.5,Rejected
Administration,Casual Leave,1,9,1,0,39,168,81.6,Rejected
Administration,Casual Leave,1,9,1,1,32,144,86.8,Rejected
Health & Safety,Sick Leave,1,9,2,7,38,216,92.3,Approved
Health & Safety,Sick Leave,4,9,2,8,41,192,88.4,Approved
Health & Safety,Sick Leave,1,9,3,8,38,216,95.4,Approved
Health & Safety,Sick Leave,1,9,4,4,40,144,87.2,Approved
Health & Safety,Sick Leave,1,9,4,7,36,132,84.3,Approved
Administration,Casual Leave,1,9,2,0,43,156,82.5,Approved
Health & Safety,Sick Leave,1,9,3,6,50,216,80.9,Rejected
Administration,Casual Leave,1,9,3,1,43,156,96.6,Rejected
Health & Safety,Sick Leave,1,9,4,5,40,144,90.1,Approved
Health & Safety,Sick Leave,5,9,0,6,40,144,92.0,Approved
Health & Safety,Sick Leave,1,9,0,9,38,216,90.3,Approved
Operations,Annual Leave,1,10,0,12,33,156,82.1,Approved
Administration,Casual Leave,1,10,0,4,37,168,76.8,Approved
Administration,Casual Leave,1,10,0,13,33,156,83.0,Approved
Health & Safety,Sick Leave,1,10,4,14,33,156,88.6,Approved
Administration,Casual Leave,1,10,4,6,50,216,94.5,Rejected
Administration,Casual Leave,1,10,4,4,47,168,84.9,Rejected
Health & Safety,Sick Leave,1,10,0,5,30,108,82.8,Approved
Health & Safety,Sick Leave,1,10,0,10,37,120,81.3,Rejected
Health & Safety,Sick Leave,1,10,0,0,31,144,78.8,Approved
Health & Safety,Sick Leave,1,10,2,10,38,216,91.0,Approved
Health & Safety,Sick Leave,8,10,2,6,30,108,85.0,Approved
Administration,Casual Leave,1,10,2,1,43,156,88.5,Rejected
Administration,Casual Leave,2,10,3,15,33,156,98.1,Approved
Health & Safety,Sick Leave,1,10,4,8,36,132,81.2,Approved
Administration,Casual Leave,1,10,4,1,43,156,98.2,Rejected
Health & Safety,Sick Leave,1,10,0,1,43,156,89.2,Approved
Health & Safety,Sick Leave,1,10,1,6,50,216,90.0,Approved
Health & Safety,Sick Leave,1,10,1,7,40,144,86.5,Approved
Health & Safety,Sick Leave,2,10,3,7,30,108,79.8,Approved
Health & Safety,Sick Leave,1,10,3,7,50,216,91.1,Approved
Health & Safety,Sick Leave,1,10,0,2,28,36,96.1,Rejected
Administration,Casual Leave,1,10,1,9,36,132,89.0,Rejected
Administration,Casual Leave,1,10,1,8,40,144,87.7,Rejected
Administration,Casual Leave,1,10,1,3,29,72,78.2,Rejected
Health & Safety,Sick Leave,1,10,2,8,30,108,88.2,Approved
Health & Safety,Sick Leave,1,10,2,9,30,108,84.5,Approved
Health & Safety,Sick Leave,1,10,3,8,50,216,81.3,Approved
Health & Safety,Sick Leave,1,11,0,10,37,120,88.3,Approved
Health & Safety,Sick Leave,1,11,0,4,47,168,94.4,Approved
Health & Safety,Sick Leave,1,11,1,11,38,216,81.6,Approved
Health & Safety,Sick Leave,1,11,4,9,36,132,93.4,Approved
Health & Safety,Sick Leave,1,11,0,8,40,144,83.6,Approved
Health & Safety,Sick Leave,1,11,0,1,36,132,89.9,Approved
Health & Safety,Sick Leave,10,11,0,11,34,168,80.7,Rejected
Administration,Casual Leave,1,11,0,2,43,156,86.8,Approved
Administration,Casual Leave,1,11,1,4,28,48,87.6,Rejected
Operations,Annual Leave,1,11,2,5,37,168,96.3,Approved
Health & Safety,Sick Leave,1,11,2,11,37,120,80.0,Rejected
Health & Safety,Sick Leave,1,11,3,6,37,168,83.0,Approved
Health & Safety,Sick Leave,1,11,3,12,38,216,90.1,Approved
Health & Safety,Sick Leave,1,11,4,9,41,192,80.3,Approved
Health & Safety,Sick Leave,1,11,4,9,40,144,91.1,Approved
Health & Safety,Sick Leave,1,11,0,10,41,192,81.5,Approved
Health & Safety,Sick Leave,1,11,1,13,38,216,83.5,Approved
Health & Safety,Sick Leave,1,11,2,10,36,132,100.0,Approved
Operations,Annual Leave,1,11,4,11,36,132,81.9,Approved
Administration,Casual Leave,1,11,4,2,36,132,86.6,Rejected
Administration,Casual Leave,1,11,1,2,39,168,83.6,Rejected
Health & Safety,Sick Leave,1,11,3,14,38,216,87.6,Approved
Health & Safety,Sick Leave,1,12,0,16,28,108,85.3,Rejected
Health & Safety,Sick Leave,1,12,0,15,38,216,96.4,Approved
Health & Safety,Sick Leave,1,12,0,16,38,216,83.8,Rejected
Health & Safety,Sick Leave,1,12,0,7,37,168,84.9,Approved
Health & Safety,Sick Leave,1,12,1,9,50,216,71.6,Approved
Health & Safety,Sick Leave,1,12,4,12,36,132,86.4,Approved
Health & Safety,Sick Leave,1,12,3,11,41,192,87.7,Approved
Health & Safety,Sick Leave,1,12,3,16,38,216,88.5,Approved
Health & Safety,Sick Leave,1,12,4,17,38,216,78.2,Approved
Health & Safety,Sick Leave,1,12,1,10,30,108,94.6,Approved
Health & Safety,Sick Leave,1,12,1,11,37,120,78.7,Approved
Health & Safety,Sick Leave,1,12,3,8,37,168,78.2,Rejected
Health & Safety,Sick Leave,1,12,1,3,43,156,93.8,Approved
Health & Safety,Sick Leave,1,12,1,8,37,168,80.8,Approved
Administration,Casual Leave,1,12,2,13,36,132,76.8,Approved
Health & Safety,Sick Leave,1,12,0,3,29,72,94.4,Approved
Health & Safety,Sick Leave,1,12,0,18,38,216,83.4,Approved
Administration,Casual Leave,1,12,0,16,33,156,97.3,Approved
Health & Safety,Sick Leave,1,1,2,0,28,108,94.6,Approved
Administration,Casual Leave,4,1,0,0,37,120,86.2,Approved
Health & Safety,Sick Leave,1,1,0,0,34,168,89.4,Approved
Health & Safety,Sick Leave,1,1,1,0,37,168,88.8,Rejected
Health & Safety,Sick Leave,1,1,1,1,34,168,77.7,Approved
Administration,Casual Leave,1,1,0,0,33,156,93.6,Approved
Health & Safety,Sick Leave,1,1,2,0,40,144,89.5,Approved
Administration,Casual Leave,1,1,0,0,43,156,82.9,Rejected
Administration,Casual Leave,1,1,0,0,50,216,92.2,Approved
Health & Safety,Sick Leave,1,1,2,0,38,216,83.7,Approved
Health & Safety,Sick Leave,1,1,4,1,38,216,89.1,Approved
Health & Safety,Sick Leave,1,2,1,1,37,120,91.9,Approved
Administration,Casual Leave,1,2,2,2,38,216,83.3,Approved
Health & Safety,Sick Leave,1,2,2,1,28,108,90.4,Approved
Health & Safety,Sick Leave,1,2,4,1,33,156,89.6,Rejected
Health & Safety,Sick Leave,1,2,4,0,36,132,81.6,Approved
Health & Safety,Sick Leave,1,2,4,3,38,216,89.2,Approved
Administration,Casual Leave,1,2,0,4,38,216,82.6,Approved
Health & Safety,Sick Leave,1,2,3,5,38,216,83.7,Approved
Administration,Casual Leave,1,2,3,0,41,192,91.1,Approved
Administration,Casual Leave,1,2,4,6,38,216,86.8,Approved
Health & Safety,Sick Leave,1,2,0,2,33,156,93.0,Approved
Administration,Casual Leave,1,2,0,7,38,216,90.9,Approved
Health & Safety,Sick Leave,1,2,1,1,41,192,87.4,Approved
Health & Safety,Sick Leave,1,2,1,1,40,144,100.0,Approved
Health & Safety,Sick Leave,2,2,2,0,29,72,93.7,Rejected
Health & Safety,Sick Leave,3,2,4,2,41,192,96.8,Approved
Operations,Annual Leave,1,3,1,2,37,120,84.1,Approved
Administration,Casual Leave,2,3,2,3,41,192,87.9,Approved
Health & Safety,Sick Leave,1,3,4,4,41,192,84.1,Approved
Health & Safety,Sick Leave,1,3,4,1,36,132,98.2,Approved
Health & Safety,Sick Leave,1,3,0,8,38,216,81.9,Approved
Health & Safety,Sick Leave,1,3,0,0,37,168,93.9,Rejected
Health & Safety,Sick Leave,1,3,1,3,40,204,95.1,Approved
Health & Safety,Sick Leave,1,3,1,0,36,132,92.6,Approved
Health & Safety,Sick Leave,2,3,0,9,38,216,79.5,Approved
Health & Safety,Sick Leave,1,3,2,0,28,36,89.5,Approved
Administration,Casual Leave,1,3,2,0,31,144,89.1,Rejected
Operations,Annual Leave,1,3,3,0,37,168,88.8,Rejected
Health & Safety,Sick Leave,1,3,4,1,50,216,73.0,Approved
Health & Safety,Sick Leave,1,3,1,2,50,216,85.5,Approved
Health & Safety,Sick Leave,1,3,2,3,50,216,81.1,Approved
Administration,Casual Leave,1,3,3,0,37,168,81.1,Rejected
Administration,Casual Leave,1,3,3,5,41,192,80.9,Rejected
Administration,Casual Leave,1,3,3,4,50,216,87.5,Rejected
Health & Safety,Sick Leave,1,3,4,10,38,216,83.6,Approved
Health & Safety,Sick Leave,1,3,4,1,33,156,85.5,Approved
Administration,Casual Leave,1,3,0,2,36,132,91.0,Approved
Health & Safety,Sick Leave,1,3,1,5,41,192,94.0,Rejected
Health & Safety,Sick Leave,1,4,2,11,38,216,99.2,Approved
Health & Safety,Sick Leave,1,4,4,3,36,132,84.2,Rejected
Administration,Casual Leave,1,4,4,0,28,48,86.8,Rejected
Health & Safety,Sick Leave,1,4,0,0,31,144,84.6,Approved
Administration,Casual Leave,1,4,0,0,47,168,100.0,Rejected
Health & Safety,Sick Leave,1,4,2,0,28,48,84.5,Approved
Health & Safety,Sick Leave,1,4,2,12,38,216,87.4,Approved
Health & Safety,Sick Leave,1,4,0,4,50,216,82.2,Approved
Health & Safety,Sick Leave,10,4,2,5,50,216,86.8,Approved
Health & Safety,Sick Leave,1,4,4,0,43,156,77.1,Approved
Health & Safety,Sick Leave,1,4,4,3,36,132,87.3,Approved
Health & Safety,Sick Leave,1,4,0,13,38,216,87.2,Approved
Health & Safety,Sick Leave,1,4,2,3,37,120,87.7,Approved
Health & Safety,Sick Leave,2,5,0,0,43,156,81.7,Rejected
Health & Safety,Sick Leave,1,5,2,0,47,168,76.1,Rejected
Health & Safety,Sick Leave,1,5,0,1,31,144,83.3,Approved
Health & Safety,Sick Leave,1,5,2,0,30,108,92.1,Rejected
Health & Safety,Sick Leave,1,5,2,14,38,216,90.7,Approved
Health & Safety,Sick Leave,1,5,3,1,28,36,83.7,Approved
Health & Safety,Sick Leave,1,5,4,4,36,132,84.5,Approved
Health & Safety,Sick Leave,1,5,0,4,40,204,98.2,Approved
Health & Safety,Sick Leave,1,5,0,5,40,204,83.8,Approved
Operations,Annual Leave,1,5,2,0,58,192,79.6,Approved
Health & Safety,Sick Leave,1,5,2,2,28,108,100.0,Approved
Health & Safety,Sick Leave,1,5,4,1,28,48,86.5,Approved
Health & Safety,Sick Leave,1,5,0,0,30,108,96.1,Approved
Health & Safety,Sick Leave,1,5,0,4,37,120,87.5,Approved
Health & Safety,Sick Leave,1,5,0,0,37,168,85.4,Approved
Health & Safety,Sick Leave,1,6,0,5,37,120,88.5,Approved
Health & Safety,Sick Leave,1,6,0,15,38,216,84.6,Approved
Health & Safety,Sick Leave,1,6,1,6,37,120,86.2,Approved
Health & Safety,Sick Leave,1,6,3,3,28,108,88.7,Approved
Health & Safety,Sick Leave,1,6,4,5,36,132,90.5,Approved
Administration,Casual Leave,1,6,4,16,38,216,85.8,Rejected
Health & Safety,Sick Leave,5,6,0,2,40,144,92.3,Approved
Health & Safety,Sick Leave,3,6,0,16,38,216,95.1,Rejected
Health & Safety,Sick Leave,1,6,1,5,41,192,99.1,Approved
Health & Safety,Sick Leave,1,6,0,16,38,216,91.1,Approved
Administration,Casual Leave,1,6,1,0,43,156,91.6,Approved
Health & Safety,Sick Leave,1,6,0,17,38,216,100.0,Approved
Health & Safety,Sick Leave,1,6,2,4,28,108,87.6,Approved
Health & Safety,Sick Leave,1,6,2,6,50,216,88.1,Approved
Health & Safety,Sick Leave,1,6,2,18,38,216,83.1,Rejected
Operations,Annual Leave,1,6,2,1,30,108,83.3,Rejected
Health & Safety,Sick Leave,1,6,4,6,41,192,88.1,Approved
Health & Safety,Sick Leave,1,6,1,2,28,48,84.5,Rejected
Health & Safety,Sick Leave,1,6,1,1,37,168,94.2,Approved
Health & Safety,Sick Leave,1,7,3,1,30,108,86.1,Approved
Health & Safety,Sick Leave,1,7,3,5,28,108,88.8,Approved
Health & Safety,Sick Leave,1,7,4,6,36,132,79.8,Approved
Health & Safety,Sick Leave,1,7,0,0,33,96,89.2,Approved
Health & Safety,Sick Leave,1,7,4,2,28,48,88.9,Rejected
Administration,Casual Leave,1,7,4,7,37,120,99.1,Approved
Administration,Casual Leave,1,7,0,7,36,132,74.2,Approved
Health & Safety,Sick Leave,1,7,1,8,37,120,91.1,Approved
Operations,Annual Leave,1,7,0,1,43,156,77.0,Approved
Health & Safety,Sick Leave,1,7,0,0,48,144,95.2,Approved
Health & Safety,Sick Leave,1,7,1,7,41,192,93.8,Approved
Health & Safety,Sick Leave,10,7,1,6,28,108,84.3,Approved
Health & Safety,Sick Leave,1,7,1,18,38,216,91.6,Approved
Health & Safety,Sick Leave,1,7,4,7,50,216,85.3,Approved
Health & Safety,Sick Leave,1,7,4,2,28,36,95.5,Approved
Health & Safety,Sick Leave,1,7,0,2,33,156,80.2,Approved
Administration,Casual Leave,1,7,0,1,43,156,85.7,Approved
Health & Safety,Sick Leave,1,7,3,3,40,144,81.8,Approved
Health & Safety,Sick Leave,1,7,3,0,39,168,87.2,Approved
Health & Safety,Sick Leave,1,8,3,19,38,216,87.8,Approved
Health & Safety,Sick Leave,1,8,0,6,40,204,87.9,Approved
Health & Safety,Sick Leave,1,8,1,8,41,192,87.0,Approved
Health & Safety,Sick Leave,1,8,1,9,37,120,91.3,Approved
Administration,Casual Leave,1,8,1,3,33,156,91.5,Approved
Administration,Casual Leave,1,8,1,2,43,156,98.7,Approved
Health & Safety,Sick Leave,1,8,3,4,40,144,96.3,Approved
Health & Safety,Sick Leave,1,8,0,20,38,216,85.9,Approved
Health & Safety,Sick Leave,1,8,1,7,40,204,96.8,Approved
Health & Safety,Sick Leave,2,8,3,2,28,48,77.7,Approved
Health & Safety,Sick Leave,1,8,1,2,37,168,84.4,Approved
Health & Safety,Sick Leave,1,8,1,9,41,192,85.7,Approved
Health & Safety,Sick Leave,1,8,1,10,37,120,91.2,Rejected
Health & Safety,Sick Leave,1,8,3,5,40,144,87.8,Approved
Health & Safety,Sick Leave,1,8,0,8,36,132,98.4,Approved
Health & Safety,Sick Leave,1,9,1,10,41,192,91.4,Approved
Health & Safety,Sick Leave,1,9,1,10,37,120,80.9,Rejected
Health & Safety,Sick Leave,1,9,1,2,34,168,89.4,Approved
Health & Safety,Sick Leave,1,9,3,6,40,144,79.4,Approved
Health & Safety,Sick Leave,1,9,4,2,30,108,97.0,Approved
Health & Safety,Sick Leave,1,9,4,0,47,168,83.1,Rejected
Health & Safety,Sick Leave,1,9,0,21,38,216,89.5,Approved
Health & Safety,Sick Leave,1,9,2,7,28,108,89.4,Approved
Health & Safety,Sick Leave,1,9,0,3,30,108,95.8,Approved
Health & Safety,Sick Leave,1,9,1,2,31,144,94.0,Approved
Health & Safety,Sick Leave,1,9,1,3,28,36,92.2,Approved
Health & Safety,Sick Leave,1,10,3,1,49,348,81.8,Approved
Health & Safety,Sick Leave,1,10,3,0,32,96,88.6,Approved
Administration,Casual Leave,1,10,4,11,41,192,93.3,Rejected
Health & Safety,Sick Leave,1,10,2,2,49,348,96.0,Approved
Health & Safety,Sick Leave,1,10,2,7,40,144,83.6,Approved
Health & Safety,Sick Leave,1,10,1,10,37,120,85.3,Approved
Health & Safety,Sick Leave,1,10,3,3,49,348,82.6,Approved
Health & Safety,Sick Leave,1,10,4,8,40,144,89.2,Rejected
Health & Safety,Sick Leave,1,10,1,8,28,108,89.4,Approved
Health & Safety,Sick Leave,1,10,1,3,31,144,86.9,Approved
Health & Safety,Sick Leave,1,10,1,4,31,144,81.4,Approved
Health & Safety,Sick Leave,1,10,1,9,28,108,76.2,Approved
Administration,Casual Leave,1,10,1,5,31,144,96.0,Approved
Health & Safety,Sick Leave,1,10,2,22,38,216,93.5,Approved
Health & Safety,Sick Leave,1,10,2,1,58,192,85.9,Rejected
Health & Safety,Sick Leave,1,10,2,8,40,144,78.6,Approved
Health & Safety,Sick Leave,1,10,3,6,31,144,89.7,Approved
Health & Safety,Sick Leave,1,10,3,10,28,108,88.9,Approved
Health & Safety,Sick Leave,1,10,4,7,31,144,86.2,Approved
Health & Safety,Sick Leave,1,10,4,11,28,108,84.9,Approved
Health & Safety,Sick Leave,1,10,0,3,33,156,80.5,Approved
Health & Safety,Sick Leave,1,10,0,1,32,96,90.5,Approved
Health & Safety,Sick Leave,1,10,0,0,47,168,86.7,Approved
Administration,Casual Leave,1,10,0,12,28,108,83.9,Rejected
Health & Safety,Sick Leave,1,10,1,12,28,108,91.3,Rejected
Operations,Annual Leave,1,11,1,23,38,216,90.1,Approved
Health & Safety,Sick Leave,1,11,2,11,37,120,97.8,Approved
Health & Safety,Sick Leave,3,11,2,3,28,48,96.8,Approved
Health & Safety,Sick Leave,1,11,4,24,38,216,98.5,Approved
Health & Safety,Sick Leave,1,11,1,12,37,120,80.6,Approved
Operations,Annual Leave,1,11,2,4,33,156,84.9,Approved
Health & Safety,Sick Leave,1,11,4,2,32,96,96.9,Rejected
Health & Safety,Sick Leave,1,11,4,12,28,108,92.2,Approved
Health & Safety,Sick Leave,1,11,1,4,28,36,80.3,Approved
Health & Safety,Sick Leave,1,11,2,9,40,144,91.8,Approved
Health & Safety,Sick Leave,1,11,3,13,37,120,90.0,Rejected
Health & Safety,Sick Leave,1,11,3,13,28,108,83.6,Rejected
Health & Safety,Sick Leave,1,11,0,25,38,216,89.6,Approved
Health & Safety,Sick Leave,1,11,0,13,37,120,76.7,Approved
Health & Safety,Sick Leave,1,11,1,14,37,120,92.5,Approved
Health & Safety,Sick Leave,1,11,1,13,28,108,90.7,Approved
Administration,Casual Leave,1,11,1,10,40,144,99.1,Rejected
Administration,Casual Leave,1,11,2,5,33,156,100.0,Rejected
Health & Safety,Sick Leave,1,11,3,1,47,168,92.8,Approved
Administration,Casual Leave,1,11,3,3,43,156,88.2,Rejected
Health & Safety,Sick Leave,1,11,4,14,28,108,92.7,Approved
Administration,Casual Leave,1,11,4,8,31,144,89.4,Approved
Health & Safety,Sick Leave,1,11,0,5,28,36,88.7,Approved
Health & Safety,Sick Leave,4,12,1,26,38,216,88.1,Approved
Health & Safety,Sick Leave,1,12,2,10,40,144,92.0,Rejected
Health & Safety,Sick Leave,1,12,2,15,28,108,79.4,Rejected
Health & Safety,Sick Leave,1,12,4,4,30,108,92.2,Rejected
Health & Safety,Sick Leave,1,12,4,15,28,108,92.9,Approved
Health & Safety,Sick Leave,1,12,3,6,28,36,85.1,Rejected
Operations,Annual Leave,1,12,4,8,40,204,75.2,Approved
Administration,Casual Leave,1,12,4,3,43,156,85.4,Approved
Operations,Annual Leave,1,12,0,0,31,12,81.7,Rejected
Health & Safety,Sick Leave,2,12,1,4,30,108,87.8,Approved
Health & Safety,Sick Leave,1,12,1,16,28,108,93.7,Approved
Health & Safety,Sick Leave,1,12,3,17,28,108,90.3,Approved
Health & Safety,Sick Leave,1,12,0,18,28,108,85.6,Approved
Operations,Annual Leave,10,12,1,3,34,168,80.7,Approved
Health & Safety,Sick Leave,3,1,0,0,30,108,89.3,Approved
Health & Safety,Sick Leave,2,1,3,1,30,108,96.8,Approved
Health & Safety,Sick Leave,1,1,3,0,40,204,92.0,Approved
Health & Safety,Sick Leave,1,1,4,1,40,204,93.9,Approved
Health & Safety,Sick Leave,1,1,0,2,30,108,85.7,Approved
Health & Safety,Sick Leave,1,1,2,2,40,204,98.8,Approved
Health & Safety,Sick Leave,1,1,3,0,49,348,79.7,Rejected
Operations,Annual Leave,1,1,4,3,40,204,84.4,Approved
Administration,Casual Leave,1,1,0,3,30,108,87.6,Approved
Operations,Annual Leave,1,1,1,0,34,168,90.3,Approved
Administration,Casual Leave,1,1,2,4,30,108,91.2,Approved
Administration,Casual Leave,1,1,2,0,38,216,89.6,Approved
Health & Safety,Sick Leave,1,1,2,0,33,156,86.6,Approved
Administration,Casual Leave,1,1,3,1,38,216,86.1,Approved
Administration,Casual Leave,1,1,4,2,38,216,92.6,Approved
Health & Safety,Sick Leave,1,2,1,3,38,216,82.4,Approved
Health & Safety,Sick Leave,1,2,1,0,28,108,85.3,Approved
Health & Safety,Sick Leave,1,2,2,0,47,168,90.7,Approved
Administration,Casual Leave,1,2,2,4,38,216,95.1,Approved
Health & Safety,Sick Leave,1,2,3,1,28,108,78.8,Approved
Administration,Casual Leave,1,2,3,5,38,216,86.5,Approved
Administration,Casual Leave,1,2,3,5,30,108,89.6,Approved
Health & Safety,Sick Leave,1,2,4,0,41,180,81.4,Approved
Administration,Casual Leave,1,2,4,6,38,216,85.9,Approved
Administration,Casual Leave,1,2,0,0,31,12,85.5,Rejected
Administration,Casual Leave,1,2,0,7,38,216,91.6,Rejected
Health & Safety,Sick Leave,1,2,1,2,28,108,95.7,Approved
Administration,Casual Leave,1,2,2,7,38,216,89.1,Approved
Administration,Casual Leave,1,2,3,8,38,216,86.4,Approved
Health & Safety,Sick Leave,1,2,3,3,28,108,92.3,Approved
Health & Safety,Sick Leave,1,2,3,6,30,108,80.5,Approved
Health & Safety,Sick Leave,1,2,4,4,40,204,85.6,Rejected
Administration,Casual Leave,1,2,4,9,38,216,82.9,Rejected
Health & Safety,Sick Leave,1,2,2,0,31,12,94.1,Approved
Administration,Casual Leave,1,2,2,7,30,108,83.5,Approved
Health & Safety,Sick Leave,1,2,3,9,38,216,83.4,Rejected
Health & Safety,Sick Leave,1,2,0,1,34,168,88.7,Approved
Health & Safety,Sick Leave,1,2,0,0,32,96,89.8,Approved
Health & Safety,Sick Leave,1,2,0,4,28,108,80.9,Rejected
Administration,Casual Leave,1,2,1,9,38,216,88.5,Approved
Health & Safety,Sick Leave,1,2,1,1,47,168,86.0,Approved
Health & Safety,Sick Leave,1,2,1,4,28,108,85.5,Approved
Health & Safety,Sick Leave,1,2,4,1,32,96,84.5,Approved
Administration,Casual Leave,1,3,0,10,38,216,78.0,Approved
Health & Safety,Sick Leave,1,3,0,2,47,168,83.4,Approved
Health & Safety,Sick Leave,1,3,1,0,58,192,80.8,Rejected
Health & Safety,Sick Leave,1,3,1,3,47,168,86.3,Approved
Health & Safety,Sick Leave,10,3,1,0,58,192,68.6,Approved
Administration,Casual Leave,1,3,2,11,38,216,85.8,Approved
Administration,Casual Leave,1,3,3,5,28,108,84.1,Approved
Administration,Casual Leave,1,3,3,12,38,216,84.3,Rejected
Health & Safety,Sick Leave,1,3,3,6,28,108,93.3,Approved
Administration,Casual Leave,1,3,4,8,30,108,80.7,Rejected
Health & Safety,Sick Leave,1,3,0,2,32,96,100.0,Rejected
Administration,Casual Leave,1,3,0,0,28,36,74.5,Approved
Health & Safety,Sick Leave,1,3,1,12,38,216,97.8,Approved
Administration,Casual Leave,1,3,4,8,30,108,91.5,Rejected
Health & Safety,Sick Leave,1,3,0,13,38,216,87.0,Rejected
Health & Safety,Sick Leave,1,3,0,4,47,168,89.4,Approved
Administration,Casual Leave,1,3,0,13,38,216,93.8,Rejected
Health & Safety,Sick Leave,1,3,0,7,28,108,85.2,Approved
Administration,Casual Leave,1,3,1,13,38,216,81.4,Approved
Health & Safety,Sick Leave,1,3,2,1,33,156,85.5,Approved
Health & Safety,Sick Leave,1,3,2,1,58,192,96.0,Approved
Health & Safety,Sick Leave,1,3,3,5,47,168,93.9,Approved
Health & Safety,Sick Leave,1,3,4,8,30,108,87.1,Approved
Administration,Casual Leave,1,3,4,14,38,216,95.2,Approved
Administration,Casual Leave,1,3,1,15,38,216,94.6,Approved
Health & Safety,Sick Leave,1,3,2,0,46,288,88.4,Approved
Health & Safety,Sick Leave,3,3,2,2,34,168,84.4,Approved
Administration,Casual Leave,1,3,2,16,38,216,79.1,Approved
Administration,Casual Leave,1,3,3,17,38,216,88.5,Rejected
Health & Safety,Sick Leave,1,3,0,9,30,108,90.6,Approved
Administration,Casual Leave,10,3,0,2,33,156,86.5,Approved
Health & Safety,Sick Leave,1,3,2,0,31,144,85.7,Approved
Health & Safety,Sick Leave,1,4,0,8,28,108,92.2,Approved
Health & Safety,Sick Leave,1,4,0,0,37,120,85.6,Approved
Administration,Casual Leave,1,4,1,1,28,36,78.8,Approved
Administration,Casual Leave,1,4,2,6,47,168,91.1,Approved
Health & Safety,Sick Leave,1,4,3,0,33,156,94.1,Rejected
Administration,Casual Leave,1,4,4,10,30,108,94.1,Approved
Health & Safety,Sick Leave,3,4,0,1,31,144,87.5,Rejected
Operations,Annual Leave,1,4,1,4,40,204,89.5,Approved
Health & Safety,Sick Leave,1,4,1,0,50,216,89.0,Approved
Health & Safety,Sick Leave,1,4,1,2,28,36,93.9,Approved
Health & Safety,Sick Leave,1,4,2,1,37,120,83.3,Approved
Health & Safety,Sick Leave,1,4,4,0,37,168,91.6,Approved
Administration,Casual Leave,1,4,0,9,28,108,90.4,Approved
Operations,Annual Leave,1,4,1,2,32,96,91.2,Approved
Health & Safety,Sick Leave,1,4,1,3,34,168,85.7,Approved
Administration,Casual Leave,1,4,3,10,28,108,80.7,Rejected
Health & Safety,Sick Leave,1,4,3,1,50,216,98.5,Approved
Health & Safety,Sick Leave,1,5,0,1,37,168,85.5,Approved
Administration,Casual Leave,1,5,2,1,41,180,90.3,Approved
Health & Safety,Sick Leave,1,5,2,3,32,96,81.4,Approved
Health & Safety,Sick Leave,1,5,2,2,37,120,97.3,Rejected
Administration,Casual Leave,1,5,2,0,43,156,80.8,Approved
Health & Safety,Sick Leave,1,5,3,11,30,108,93.5,Rejected
Health & Safety,Sick Leave,1,5,3,0,40,144,84.4,Rejected
Health & Safety,Sick Leave,1,5,3,2,41,180,81.6,Approved
Administration,Casual Leave,8,5,4,0,43,156,84.1,Rejected
Health & Safety,Sick Leave,1,5,4,3,41,180,81.0,Approved
Administration,Casual Leave,1,5,4,11,30,108,80.0,Approved
Health & Safety,Sick Leave,1,5,0,2,50,216,95.5,Rejected
Health & Safety,Sick Leave,1,5,1,2,50,216,90.4,Approved
Health & Safety,Sick Leave,1,5,1,2,37,120,88.9,Approved
Administration,Casual Leave,1,5,1,3,50,216,100.0,Rejected
Administration,Casual Leave,1,5,2,12,30,108,86.5,Approved
Administration,Casual Leave,1,5,2,1,36,132,90.1,Rejected
Operations,Annual Leave,1,5,4,5,40,204,86.1,Approved
Health & Safety,Sick Leave,6,5,0,4,34,168,94.7,Approved
Health & Safety,Sick Leave,1,5,0,4,32,96,85.2,Approved
Health & Safety,Sick Leave,1,5,2,0,40,144,88.2,Rejected
Health & Safety,Sick Leave,1,5,2,6,40,204,94.2,Approved
Health & Safety,Sick Leave,1,5,2,10,28,108,81.2,Rejected
Health & Safety,Sick Leave,1,5,3,0,28,48,87.0,Approved
Health & Safety,Sick Leave,1,5,3,5,32,96,84.5,Approved
Health & Safety,Sick Leave,1,5,0,3,28,36,86.8,Approved
Health & Safety,Sick Leave,1,5,2,5,34,168,94.3,Approved
Health & Safety,Sick Leave,1,5,4,7,40,204,80.4,Approved
Health & Safety,Sick Leave,1,5,4,6,34,168,90.8,Approved
Health & Safety,Sick Leave,1,5,0,10,28,108,88.0,Approved
Health & Safety,Sick Leave,1,6,2,1,46,288,81.6,Approved
Administration,Casual Leave,1,6,2,13,30,108,85.5,Rejected
Administration,Casual Leave,1,6,4,3,37,120,95.0,Approved
Health & Safety,Sick Leave,1,6,2,4,37,120,91.7,Approved
Health & Safety,Sick Leave,1,6,3,1,36,132,95.7,Approved
Administration,Casual Leave,3,6,3,3,50,216,99.7,Approved
Administration,Casual Leave,1,6,4,1,31,12,88.2,Approved
Administration,Casual Leave,1,6,4,13,30,108,85.5,Approved
Administration,Casual Leave,1,6,0,0,48,144,84.6,Rejected
Administration,Casual Leave,1,6,0,0,33,96,84.0,Rejected
Administration,Casual Leave,1,6,3,4,50,216,100.0,Approved
Health & Safety,Sick Leave,1,6,3,14,30,108,91.1,Approved
Health & Safety,Sick Leave,1,6,3,0,40,144,88.0,Approved
Health & Safety,Sick Leave,1,6,0,15,30,108,86.0,Approved
Health & Safety,Sick Leave,1,6,0,5,37,120,81.3,Approved
Health & Safety,Sick Leave,1,6,3,2,31,12,100.0,Rejected
Health & Safety,Sick Leave,1,6,4,6,37,120,82.1,Approved
Health & Safety,Sick Leave,1,6,2,7,37,120,86.6,Approved
Health & Safety,Sick Leave,1,6,2,2,31,12,86.0,Approved
Administration,Casual Leave,1,7,2,1,43,156,99.3,Approved
Administration,Casual Leave,1,7,4,3,31,12,90.3,Approved
Health & Safety,Sick Leave,1,7,0,2,58,192,82.0,Approved
Health & Safety,Sick Leave,1,7,0,8,37,120,89.3,Approved
Health & Safety,Sick Leave,10,7,1,3,58,192,81.3,Approved
Health & Safety,Sick Leave,2,7,1,0,33,156,85.3,Approved
Health & Safety,Sick Leave,1,7,2,9,37,120,88.4,Approved
Health & Safety,Sick Leave,1,7,2,4,28,36,78.0,Approved
Health & Safety,Sick Leave,1,7,2,11,28,108,89.8,Rejected
Health & Safety,Sick Leave,10,7,0,1,31,144,100.0,Approved
Health & Safety,Sick Leave,1,7,1,3,33,156,89.0,Approved
Health & Safety,Sick Leave,1,7,1,2,37,168,95.6,Approved
Administration,Casual Leave,1,7,1,0,33,156,88.1,Approved
Administration,Casual Leave,1,7,1,0,50,216,76.6,Rejected
Health & Safety,Sick Leave,1,7,2,0,38,216,82.2,Approved
Health & Safety,Sick Leave,1,7,3,0,39,168,85.8,Approved
Health & Safety,Sick Leave,1,7,3,1,33,156,82.6,Approved
Health & Safety,Sick Leave,1,7,4,1,38,216,89.7,Approved
Health & Safety,Sick Leave,1,7,4,0,28,36,81.3,Approved
Health & Safety,Sick Leave,1,7,4,0,36,132,81.6,Approved
Administration,Casual Leave,5,7,0,0,34,168,99.9,Approved
Health & Safety,Sick Leave,1,7,0,0,37,168,82.9,Approved
Health & Safety,Sick Leave,1,7,0,1,36,132,81.9,Approved
Health & Safety,Sick Leave,1,7,1,2,36,132,88.1,Approved
Health & Safety,Sick Leave,1,7,2,3,36,132,93.5,Approved
Health & Safety,Sick Leave,1,7,2,2,38,216,86.1,Approved
Health & Safety,Sick Leave,1,7,2,3,38,216,86.9,Rejected
Health & Safety,Sick Leave,1,7,4,0,41,192,90.9,Approved
Operations,Annual Leave,1,7,0,3,38,216,93.5,Approved
Health & Safety,Sick Leave,1,7,3,0,33,156,83.4,Rejected
Health & Safety,Sick Leave,1,8,2,0,47,168,85.0,Approved
Health & Safety,Sick Leave,1,8,2,0,28,48,85.8,Approved
Health & Safety,Sick Leave,1,8,0,4,38,216,79.6,Approved
Health & Safety,Sick Leave,5,8,0,1,28,36,87.7,Rejected
Health & Safety,Sick Leave,1,8,4,4,36,132,82.4,Approved
Operations,Annual Leave,1,8,0,2,33,156,76.4,Approved
Health & Safety,Sick Leave,1,8,0,1,28,36,79.7,Approved
Health & Safety,Sick Leave,1,8,1,3,33,156,82.0,Approved
Health & Safety,Sick Leave,1,8,2,0,29,72,90.9,Approved
Operations,Annual Leave,1,8,2,4,33,156,93.6,Approved
Health & Safety,Sick Leave,1,8,4,5,38,216,79.4,Approved
Operations,Annual Leave,1,8,0,6,38,216,89.8,Approved
Operations,Annual Leave,1,8,3,0,48,144,83.9,Approved
Health & Safety,Sick Leave,1,8,3,1,37,168,80.4,Approved
Operations,Annual Leave,1,8,0,1,48,144,89.2,Approved
Health & Safety,Sick Leave,1,8,0,7,38,216,88.2,Approved
Health & Safety,Sick Leave,1,8,0,2,28,36,83.5,Approved
Operations,Annual Leave,1,8,1,5,33,156,82.6,Approved
Health & Safety,Sick Leave,1,8,3,0,32,144,91.0,Approved
Health & Safety,Sick Leave,1,8,4,2,48,144,81.7,Approved
Health & Safety,Sick Leave,1,8,4,5,36,132,99.3,Approved
Health & Safety,Sick Leave,1,9,1,0,27,84,85.2,Approved
Health & Safety,Sick Leave,1,9,0,0,37,120,84.0,Approved
Health & Safety,Sick Leave,1,9,1,8,38,216,82.4,Approved
Administration,Casual Leave,1,9,1,0,43,156,87.6,Approved
Health & Safety,Sick Leave,1,9,2,1,34,168,90.2,Rejected
Health & Safety,Sick Leave,1,9,0,1,37,120,94.3,Approved
Health & Safety,Sick Leave,1,9,1,9,38,216,93.3,Approved
Health & Safety,Sick Leave,1,9,3,0,40,144,86.0,Approved
Health & Safety,Sick Leave,1,9,4,6,36,132,90.9,Approved
Health & Safety,Sick Leave,4,9,0,1,40,144,89.5,Approved
Administration,Casual Leave,1,9,0,7,36,132,88.7,Rejected
Administration,Casual Leave,1,9,0,0,28,108,85.7,Rejected
Health & Safety,Sick Leave,1,9,1,0,28,108,83.4,Approved
Health & Safety,Sick Leave,1,9,1,2,37,120,88.9,Approved
Administration,Casual Leave,1,9,1,6,33,156,97.3,Rejected
Administration,Casual Leave,1,9,1,0,50,216,92.6,Rejected
Operations,Annual Leave,1,9,2,1,28,108,93.3,Rejected
Health & Safety,Sick Leave,1,9,2,10,38,216,72.1,Approved
Administration,Casual Leave,1,9,2,0,31,144,93.0,Rejected
Health & Safety,Sick Leave,1,9,4,1,47,168,90.4,Approved
Health & Safety,Sick Leave,1,9,4,11,38,216,78.8,Rejected
Health & Safety,Sick Leave,1,9,4,7,36,132,79.4,Approved
Health & Safety,Sick Leave,1,10,1,11,38,216,83.0,Approved
Health & Safety,Sick Leave,1,10,1,3,37,120,91.6,Approved
Administration,Casual Leave,1,10,2,0,50,216,86.7,Rejected
Health & Safety,Sick Leave,1,10,3,0,30,108,86.4,Approved
Health & Safety,Sick Leave,1,10,4,12,38,216,87.1,Rejected
Health & Safety,Sick Leave,1,10,4,1,28,108,93.9,Approved
Health & Safety,Sick Leave,1,10,2,2,28,108,93.3,Approved
Health & Safety,Sick Leave,1,10,2,2,47,168,91.1,Approved
Health & Safety,Sick Leave,1,10,3,2,40,144,83.3,Approved
Health & Safety,Sick Leave,1,10,2,12,38,216,85.1,Approved
Health & Safety,Sick Leave,1,10,2,3,28,108,80.6,Rejected
Administration,Casual Leave,2,10,3,8,36,132,86.7,Approved
Health & Safety,Sick Leave,1,10,1,3,40,144,92.5,Approved
Health & Safety,Sick Leave,1,10,1,3,28,108,93.3,Approved
Administration,Casual Leave,1,10,2,6,33,156,88.6,Approved
Health & Safety,Sick Leave,1,10,4,3,28,36,83.6,Approved
Health & Safety,Sick Leave,1,10,4,9,36,132,92.4,Approved
Health & Safety,Sick Leave,1,11,3,13,38,216,80.0,Approved
Health & Safety,Sick Leave,1,11,2,4,28,108,85.7,Approved
Health & Safety,Sick Leave,1,11,3,14,38,216,85.7,Approved
Operations,Annual Leave,1,11,3,0,40,204,80.1,Approved
Health & Safety,Sick Leave,1,11,3,4,40,144,93.0,Approved
Health & Safety,Sick Leave,4,11,0,1,34,168,96.4,Approved
Health & Safety,Sick Leave,1,11,0,0,33,156,90.4,Approved
Health & Safety,Sick Leave,5,11,0,5,40,144,84.0,Rejected
Health & Safety,Sick Leave,1,11,4,2,34,168,96.2,Approved
Health & Safety,Sick Leave,1,11,2,5,28,108,90.7,Approved
Operations,Annual Leave,1,11,2,1,40,204,90.3,Approved
Health & Safety,Sick Leave,1,11,4,6,28,108,87.3,Approved
Health & Safety,Sick Leave,1,11,4,10,36,132,72.6,Approved
Health & Safety,Sick Leave,1,11,0,3,47,168,88.7,Approved
Health & Safety,Sick Leave,1,11,1,7,28,108,87.1,Approved
Health & Safety,Sick Leave,3,11,2,7,33,156,97.1,Approved
Health & Safety,Sick Leave,1,11,3,5,40,144,92.6,Approved
Health & Safety,Sick Leave,1,12,1,4,47,168,80.6,Approved
Administration,Casual Leave,8,12,1,4,37,120,89.3,Approved
Health & Safety,Sick Leave,1,12,2,0,50,216,91.6,Approved
Administration,Casual Leave,1,12,2,2,37,168,82.8,Approved
Health & Safety,Sick Leave,1,12,3,8,28,108,82.5,Rejected
Administration,Casual Leave,1,12,4,11,36,132,93.4,Approved
Administration,Casual Leave,7,12,1,5,37,120,86.4,Approved
Health & Safety,Sick Leave,1,12,2,4,28,36,86.6,Approved
Health & Safety,Sick Leave,1,12,3,8,28,108,89.9,Rejected
Health & Safety,Sick Leave,1,12,4,12,36,132,97.4,Approved
Health & Safety,Sick Leave,1,12,1,8,28,108,83.3,Rejected
Administration,Casual Leave,1,12,4,6,37,120,89.2,Approved
Administration,Casual Leave,1,12,4,1,41,192,77.9,Approved
Health & Safety,Sick Leave,1,12,4,8,28,108,94.6,Rejected
Health & Safety,Sick Leave,1,1,2,0,28,108,91.0,Rejected
Administration,Casual Leave,1,1,0,0,37,120,89.9,Rejected
Administration,Casual Leave,1,1,1,0,37,120,93.3,Approved
Operations,Annual Leave,1,1,1,0,34,168,89.9,Rejected
Administration,Casual Leave,1,1,2,0,28,108,93.8,Approved
Health & Safety,Sick Leave,1,1,3,0,27,84,86.1,Approved
Health & Safety,Sick Leave,1,1,3,1,28,108,81.3,Approved
Administration,Casual Leave,1,1,4,2,28,108,82.9,Approved
Administration,Casual Leave,1,1,0,1,37,120,76.3,Approved
Administration,Casual Leave,1,1,1,3,28,108,91.9,Approved
Administration,Casual Leave,1,1,1,2,37,120,90.3,Approved
Administration,Casual Leave,1,1,2,3,37,120,91.8,Approved
Administration,Casual Leave,1,1,3,4,37,120,89.4,Approved
Administration,Casual Leave,1,1,4,5,37,120,80.8,Approved
Operations,Annual Leave,1,1,1,0,30,108,92.0,Approved
Operations,Annual Leave,1,1,1,0,33,156,90.9,Rejected
Administration,Casual Leave,1,1,0,6,37,120,90.7,Approved
Health & Safety,Sick Leave,1,1,1,4,28,108,91.3,Rejected
Health & Safety,Sick Leave,1,1,3,0,33,156,97.7,Approved
Health & Safety,Sick Leave,1,2,4,1,27,84,84.7,Approved
Health & Safety,Sick Leave,1,2,2,0,41,192,88.4,Approved
Health & Safety,Sick Leave,1,2,2,0,38,216,91.6,Approved
Health & Safety,Sick Leave,1,2,3,0,34,168,86.4,Approved
Health & Safety,Sick Leave,1,2,3,0,33,156,93.7,Approved
Health & Safety,Sick Leave,1,2,4,0,36,132,82.3,Rejected
Health & Safety,Sick Leave,1,2,4,1,33,156,86.4,Approved
Health & Safety,Sick Leave,1,2,0,0,50,108,96.3,Rejected
Health & Safety,Sick Leave,1,2,1,0,50,108,88.0,Approved
Health & Safety,Sick Leave,1,2,0,4,28,108,76.0,Approved
Health & Safety,Sick Leave,1,2,1,5,28,108,98.2,Rejected
Health & Safety,Sick Leave,1,2,1,1,30,108,83.0,Approved
Health & Safety,Sick Leave,1,2,1,2,27,84,89.5,Rejected
Health & Safety,Sick Leave,1,2,3,5,28,108,85.6,Approved
Operations,Annual Leave,1,2,0,0,28,48,83.1,Rejected
Health & Safety,Sick Leave,1,2,1,0,28,48,89.0,Approved
Health & Safety,Sick Leave,1,2,2,6,28,108,82.7,Rejected
Administration,Casual Leave,1,2,3,1,33,156,92.6,Approved
Health & Safety,Sick Leave,1,3,1,0,32,144,92.7,Approved
Administration,Casual Leave,1,3,1,0,36,132,83.4,Approved
Administration,Casual Leave,1,3,1,0,29,72,90.6,Approved
Operations,Annual Leave,1,3,1,0,40,204,92.5,Rejected
Health & Safety,Sick Leave,1,3,2,0,40,144,85.3,Approved
Health & Safety,Sick Leave,1,3,2,1,36,132,93.2,Approved
Health & Safety,Sick Leave,1,3,3,2,30,108,90.4,Approved
Health & Safety,Sick Leave,1,3,4,0,47,168,95.8,Approved
Health & Safety,Sick Leave,5,3,4,2,36,132,92.7,Approved
Health & Safety,Sick Leave,5,3,0,0,40,204,96.5,Approved
Health & Safety,Sick Leave,2,3,0,1,34,168,89.3,Approved
Administration,Casual Leave,2,3,0,3,36,132,87.1,Approved
Health & Safety,Sick Leave,1,3,1,2,34,168,86.6,Approved
Health & Safety,Sick Leave,1,3,3,2,33,156,100.0,Approved
Health & Safety,Sick Leave,1,3,3,1,40,204,87.5,Rejected
Health & Safety,Sick Leave,1,3,4,4,36,132,94.4,Approved
Health & Safety,Sick Leave,1,3,4,6,28,108,98.9,Approved
Health & Safety,Sick Leave,1,3,0,0,39,168,88.3,Approved
Health & Safety,Sick Leave,3,3,1,1,38,216,90.6,Approved
Health & Safety,Sick Leave,1,3,2,7,28,108,94.1,Approved
Health & Safety,Sick Leave,1,3,0,8,28,108,82.6,Approved
Health & Safety,Sick Leave,1,3,0,3,30,108,93.6,Approved
Health & Safety,Sick Leave,1,3,1,9,28,108,92.6,Approved
Health & Safety,Sick Leave,2,3,2,10,28,108,94.8,Approved
Health & Safety,Sick Leave,1,3,2,2,38,216,86.7,Rejected
Health & Safety,Sick Leave,2,3,3,1,39,168,90.3,Approved
Health & Safety,Sick Leave,1,3,4,11,28,108,99.5,Rejected
Health & Safety,Sick Leave,1,3,4,1,47,168,91.3,Approved
Health & Safety,Sick Leave,1,3,0,11,28,108,77.2,Approved
Health & Safety,Sick Leave,1,4,2,1,40,144,100.0,Approved
Health & Safety,Sick Leave,1,4,2,12,28,108,90.4,Approved
Health & Safety,Sick Leave,1,4,1,3,34,168,88.0,Rejected
Health & Safety,Sick Leave,3,4,2,1,41,192,86.4,Approved
Health & Safety,Sick Leave,1,4,3,3,34,168,85.9,Approved
Health & Safety,Sick Leave,1,4,4,13,28,108,89.6,Rejected
Health & Safety,Sick Leave,1,4,4,5,36,132,92.6,Approved
Health & Safety,Sick Leave,3,4,2,2,38,216,88.6,Approved
Health & Safety,Sick Leave,1,4,3,0,50,216,92.4,Approved
Health & Safety,Sick Leave,1,4,4,2,40,144,90.7,Approved
Health & Safety,Sick Leave,1,4,4,2,41,192,84.3,Rejected
Health & Safety,Sick Leave,1,4,4,3,40,144,93.5,Approved
Health & Safety,Sick Leave,1,4,4,2,47,168,100.0,Approved
Administration,Casual Leave,7,4,4,6,36,132,100.0,Rejected
Administration,Casual Leave,1,4,1,3,33,156,78.8,Approved
Health & Safety,Sick Leave,3,4,2,4,34,168,88.5,Approved
Administration,Casual Leave,1,4,2,0,36,132,72.2,Approved
Health & Safety,Sick Leave,2,4,3,4,33,156,97.5,Approved
Health & Safety,Sick Leave,1,4,4,0,37,168,82.1,Approved
Administration,Casual Leave,1,4,0,0,48,144,81.3,Rejected
Health & Safety,Sick Leave,1,5,2,5,33,156,92.6,Approved
Health & Safety,Sick Leave,1,5,3,5,34,168,95.2,Rejected
Health & Safety,Sick Leave,1,5,0,5,34,168,95.0,Approved
Operations,Annual Leave,1,5,1,3,38,216,90.1,Approved
Administration,Casual Leave,1,5,1,13,28,108,92.4,Approved
Health & Safety,Sick Leave,1,5,2,2,27,84,92.1,Rejected
Health & Safety,Sick Leave,1,5,0,6,34,168,91.6,Approved
Health & Safety,Sick Leave,1,5,1,4,38,216,95.4,Rejected
Health & Safety,Sick Leave,3,5,2,6,33,156,86.2,Approved
Administration,Casual Leave,1,5,2,2,39,168,83.1,Rejected
Administration,Casual Leave,1,5,2,1,28,48,95.8,Rejected
Administration,Casual Leave,1,5,2,1,36,132,91.3,Rejected
Administration,Casual Leave,1,5,2,1,50,108,99.7,Rejected
Health & Safety,Sick Leave,1,5,1,4,38,216,81.0,Approved
Health & Safety,Sick Leave,3,5,2,1,50,216,92.4,Rejected
Health & Safety,Sick Leave,1,5,4,0,28,36,90.5,Approved
Administration,Casual Leave,1,6,0,2,41,192,88.7,Approved
Health & Safety,Sick Leave,1,6,0,1,28,36,89.0,Approved
Health & Safety,Sick Leave,3,6,1,3,41,192,85.4,Approved
Health & Safety,Sick Leave,1,6,3,4,40,144,96.6,Approved
Health & Safety,Sick Leave,1,6,4,4,41,192,96.0,Approved
Health & Safety,Sick Leave,1,6,0,5,38,216,85.0,Approved
Health & Safety,Sick Leave,1,6,0,7,34,168,97.1,Approved
Health & Safety,Sick Leave,1,6,0,5,41,192,90.8,Approved
Health & Safety,Sick Leave,1,6,2,1,50,216,95.7,Approved
Health & Safety,Sick Leave,2,6,4,1,37,168,90.8,Approved
Health & Safety,Sick Leave,1,6,1,2,50,216,88.4,Approved
Health & Safety,Sick Leave,10,6,2,3,50,216,72.7,Approved
Health & Safety,Sick Leave,1,6,3,1,36,132,90.0,Approved
Health & Safety,Sick Leave,1,6,4,6,38,216,76.5,Approved
Health & Safety,Sick Leave,1,6,0,0,49,348,90.1,Approved
Health & Safety,Sick Leave,1,6,3,14,28,108,76.9,Rejected
Administration,Casual Leave,2,7,1,8,34,168,99.8,Approved
Health & Safety,Sick Leave,1,7,2,4,50,216,89.0,Approved
Health & Safety,Sick Leave,1,7,4,7,37,120,94.3,Rejected
Administration,Casual Leave,1,7,4,7,37,120,100.0,Rejected
Administration,Casual Leave,1,7,1,1,28,48,86.4,Approved
Operations,Annual Leave,1,7,3,4,30,108,90.4,Approved
Health & Safety,Sick Leave,1,7,4,9,34,168,86.6,Rejected
Health & Safety,Sick Leave,1,7,0,2,28,48,91.7,Approved
Health & Safety,Sick Leave,1,7,1,3,28,48,81.7,Rejected
Health & Safety,Sick Leave,1,7,0,1,29,72,89.0,Rejected
Health & Safety,Sick Leave,1,7,1,2,28,36,88.4,Approved
Administration,Casual Leave,1,7,2,7,33,156,95.3,Approved
Administration,Casual Leave,1,7,3,7,38,216,95.8,Approved
Administration,Casual Leave,4,7,0,8,33,156,92.9,Approved
Administration,Casual Leave,1,7,3,9,33,156,84.0,Approved
Administration,Casual Leave,1,7,3,6,36,132,83.0,Rejected
Administration,Casual Leave,1,8,4,10,33,156,68.3,Approved
Administration,Casual Leave,1,8,4,1,29,72,82.0,Approved
Health & Safety,Sick Leave,1,8,0,11,33,156,75.9,Approved
Operations,Annual Leave,1,8,1,0,58,192,87.7,Approved
Health & Safety,Sick Leave,1,8,3,0,43,156,94.3,Approved
Health & Safety,Sick Leave,1,8,3,1,43,156,100.0,Approved
Health & Safety,Sick Leave,1,8,4,6,36,132,82.0,Rejected
Health & Safety,Sick Leave,1,8,1,12,33,156,85.5,Approved
Health & Safety,Sick Leave,1,8,2,3,47,168,87.0,Approved
Health & Safety,Sick Leave,1,8,3,0,33,96,83.6,Approved
Health & Safety,Sick Leave,1,8,3,5,30,108,81.3,Rejected
Health & Safety,Sick Leave,1,8,3,5,50,216,91.1,Approved
Health & Safety,Sick Leave,1,8,0,4,47,168,94.6,Rejected
Health & Safety,Sick Leave,1,8,1,2,37,168,89.9,Approved
Health & Safety,Sick Leave,1,8,3,6,50,216,85.5,Approved
Administration,Casual Leave,1,8,3,3,37,168,91.0,Approved
Health & Safety,Sick Leave,1,8,1,3,28,36,88.1,Approved
Health & Safety,Sick Leave,1,8,2,2,27,84,88.7,Approved
Health & Safety,Sick Leave,1,9,0,8,38,216,89.3,Rejected
Health & Safety,Sick Leave,1,9,4,8,38,216,84.1,Rejected
Administration,Casual Leave,3,9,2,13,33,156,91.6,Approved
Administration,Casual Leave,1,9,3,1,43,156,82.2,Rejected
Health & Safety,Sick Leave,2,9,0,6,41,192,86.6,Approved
Health & Safety,Sick Leave,1,9,1,5,40,144,90.4,Approved
Administration,Casual Leave,1,9,1,0,39,168,89.6,Rejected
Administration,Casual Leave,1,9,1,1,32,144,85.3,Rejected
Health & Safety,Sick Leave,1,9,2,8,38,216,97.5,Rejected
Health & Safety,Sick Leave,4,9,2,7,41,192,92.1,Approved
Health & Safety,Sick Leave,1,9,3,8,38,216,86.5,Rejected
Health & Safety,Sick Leave,1,9,4,6,40,144,83.6,Approved
Health & Safety,Sick Leave,1,9,4,6,36,132,88.3,Approved
Administration,Casual Leave,1,9,2,1,43,156,89.2,Approved
Health & Safety,Sick Leave,1,9,3,7,50,216,78.4,Approved
Administration,Casual Leave,1,9,3,2,43,156,88.2,Rejected
Health & Safety,Sick Leave,1,9,4,7,40,144,86.3,Approved
Health & Safety,Sick Leave,5,9,0,8,40,144,87.3,Approved
Health & Safety,Sick Leave,1,9,0,8,38,216,87.6,Approved
Operations,Annual Leave,1,10,0,14,33,156,89.4,Approved
Administration,Casual Leave,1,10,0,4,37,168,96.5,Approved
Administration,Casual Leave,1,10,0,15,33,156,85.7,Approved
Health & Safety,Sick Leave,1,10,4,16,33,156,88.6,Approved
Administration,Casual Leave,1,10,4,8,50,216,98.7,Rejected
Administration,Casual Leave,1,10,4,4,47,168,84.3,Rejected
Health & Safety,Sick Leave,1,10,0,5,30,108,97.3,Approved
Health & Safety,Sick Leave,1,10,0,7,37,120,86.4,Rejected
Health & Safety,Sick Leave,1,10,0,0,31,144,94.8,Rejected
Health & Safety,Sick Leave,1,10,2,9,38,216,97.0,Approved
Health & Safety,Sick Leave,8,10,2,6,30,108,96.2,Approved
Administration,Casual Leave,1,10,2,2,43,156,97.3,Rejected
Administration,Casual Leave,2,10,3,17,33,156,79.9,Approved
Health & Safety,Sick Leave,1,10,4,7,36,132,100.0,Approved
Administration,Casual Leave,1,10,4,2,43,156,82.4,Rejected
Health & Safety,Sick Leave,1,10,0,2,43,156,93.4,Approved
Health & Safety,Sick Leave,1,10,1,8,50,216,87.5,Approved
Health & Safety,Sick Leave,1,10,1,9,40,144,85.3,Approved
Health & Safety,Sick Leave,2,10,3,7,30,108,81.9,Approved
Health & Safety,Sick Leave,1,10,3,9,50,216,84.9,Approved
Health & Safety,Sick Leave,1,10,0,4,28,36,85.5,Approved
Administration,Casual Leave,1,10,1,8,36,132,90.8,Rejected
Administration,Casual Leave,1,10,1,10,40,144,93.2,Rejected
Administration,Casual Leave,1,10,1,2,29,72,89.6,Rejected
Health & Safety,Sick Leave,1,10,2,8,30,108,85.3,Rejected
Health & Safety,Sick Leave,1,10,2,8,30,108,87.1,Approved
Health & Safety,Sick Leave,1,10,3,10,50,216,92.3,Rejected
Health & Safety,Sick Leave,1,11,0,7,37,120,88.1,Approved
Health & Safety,Sick Leave,1,11,0,4,47,168,78.2,Approved
Health & Safety,Sick Leave,1,11,1,10,38,216,77.0,Rejected
Health & Safety,Sick Leave,1,11,4,8,36,132,87.5,Approved
Health & Safety,Sick Leave,1,11,0,10,40,144,88.4,Approved
Health & Safety,Sick Leave,1,11,0,2,36,132,76.6,Approved
Health & Safety,Sick Leave,10,11,0,9,34,168,80.5,Approved
Administration,Casual Leave,1,11,0,3,43,156,92.8,Approved
Administration,Casual Leave,1,11,1,3,28,48,86.5,Rejected
Operations,Annual Leave,1,11,2,5,37,168,85.7,Approved
Health & Safety,Sick Leave,1,11,2,8,37,120,80.7,Approved
Health & Safety,Sick Leave,1,11,3,6,37,168,82.7,Approved
Health & Safety,Sick Leave,1,11,3,10,38,216,85.5,Approved
Health & Safety,Sick Leave,1,11,4,8,41,192,83.7,Rejected
Health & Safety,Sick Leave,1,11,4,11,40,144,90.4,Approved
Health & Safety,Sick Leave,1,11,0,8,41,192,84.3,Approved
Health & Safety,Sick Leave,1,11,1,11,38,216,79.1,Rejected
Health & Safety,Sick Leave,1,11,2,9,36,132,85.3,Approved
Operations,Annual Leave,1,11,4,10,36,132,92.5,Approved
Administration,Casual Leave,1,11,4,3,36,132,96.8,Rejected
Administration,Casual Leave,1,11,1,2,39,168,78.4,Rejected
Health & Safety,Sick Leave,1,11,3,11,38,216,88.4,Approved
Health & Safety,Sick Leave,1,12,0,14,28,108,94.1,Approved
Health & Safety,Sick Leave,1,12,0,12,38,216,87.7,Approved
Health & Safety,Sick Leave,1,12,0,13,38,216,91.7,Approved
Health & Safety,Sick Leave,1,12,0,7,37,168,88.6,Rejected
Health & Safety,Sick Leave,1,12,1,10,50,216,91.3,Approved
Health & Safety,Sick Leave,1,12,4,11,36,132,93.1,Approved
Health & Safety,Sick Leave,1,12,3,9,41,192,94.9,Rejected
Health & Safety,Sick Leave,1,12,3,14,38,216,87.2,Approved
Health & Safety,Sick Leave,1,12,4,15,38,216,93.8,Approved
Health & Safety,Sick Leave,1,12,1,9,30,108,71.0,Rejected
Health & Safety,Sick Leave,1,12,1,9,37,120,74.5,Approved
Health & Safety,Sick Leave,1,12,3,7,37,168,97.5,Approved
Health & Safety,Sick Leave,1,12,1,4,43,156,82.3,Rejected
Health & Safety,Sick Leave,1,12,1,8,37,168,90.5,Approved
Administration,Casual Leave,1,12,2,12,36,132,79.6,Rejected
Health & Safety,Sick Leave,1,12,0,2,29,72,87.6,Approved
Health & Safety,Sick Leave,1,12,0,16,38,216,84.8,Approved
Administration,Casual Leave,1,12,0,18,33,156,75.9,Approved
Health & Safety,Sick Leave,1,1,2,0,28,108,90.2,Approved
Administration,Casual Leave,4,1,0,0,37,120,88.6,Approved
Health & Safety,Sick Leave,1,1,0,0,34,168,97.7,Approved
Health & Safety,Sick Leave,1,1,1,0,37,168,83.0,Approved
Health & Safety,Sick Leave,1,1,1,1,34,168,84.8,Approved
Administration,Casual Leave,1,1,0,0,33,156,97.8,Rejected
Health & Safety,Sick Leave,1,1,2,0,40,144,80.2,Approved
Administration,Casual Leave,1,1,0,0,43,156,84.3,Rejected
Administration,Casual Leave,1,1,0,0,50,216,85.1,Approved
Health & Safety,Sick Leave,1,1,2,0,38,216,98.2,Approved
Health & Safety,Sick Leave,1,1,4,1,38,216,93.8,Approved
Health & Safety,Sick Leave,1,2,1,1,37,120,88.1,Approved
Administration,Casual Leave,1,2,2,2,38,216,94.0,Approved
Health & Safety,Sick Leave,1,2,2,1,28,108,87.1,Approved
Health & Safety,Sick Leave,1,2,4,0,33,156,89.9,Rejected
Health & Safety,Sick Leave,1,2,4,0,36,132,85.8,Approved
Health & Safety,Sick Leave,1,2,4,3,38,216,73.7,Approved
Administration,Casual Leave,1,2,0,4,38,216,75.5,Approved
Health & Safety,Sick Leave,1,2,3,5,38,216,91.4,Approved
Administration,Casual Leave,1,2,3,0,41,192,86.9,Approved
Administration,Casual Leave,1,2,4,6,38,216,82.5,Approved
Health & Safety,Sick Leave,1,2,0,2,33,156,83.8,Approved
Administration,Casual Leave,1,2,0,7,38,216,92.2,Approved
Health & Safety,Sick Leave,1,2,1,1,41,192,90.5,Approved
Health & Safety,Sick Leave,1,2,1,1,40,144,88.1,Approved
Health & Safety,Sick Leave,2,2,2,0,29,72,81.4,Approved
Health & Safety,Sick Leave,3,2,4,2,41,192,90.4,Approved
Operations,Annual Leave,1,3,1,2,37,120,90.5,Approved
Administration,Casual Leave,2,3,2,3,41,192,96.5,Approved
Health & Safety,Sick Leave,1,3,4,4,41,192,70.4,Approved
Health & Safety,Sick Leave,1,3,4,1,36,132,80.4,Rejected
Health & Safety,Sick Leave,1,3,0,8,38,216,89.6,Approved
Health & Safety,Sick Leave,1,3,0,1,37,168,89.4,Approved
Health & Safety,Sick Leave,1,3,1,1,40,204,93.6,Approved
Health & Safety,Sick Leave,1,3,1,0,36,132,93.1,Approved
Health & Safety,Sick Leave,2,3,0,9,38,216,79.2,Approved
Health & Safety,Sick Leave,1,3,2,0,28,36,79.3,Approved
Administration,Casual Leave,1,3,2,0,31,144,91.7,Rejected
Operations,Annual Leave,1,3,3,2,37,168,82.4,Approved
Health & Safety,Sick Leave,1,3,4,1,50,216,95.3,Approved
Health & Safety,Sick Leave,1,3,1,2,50,216,88.9,Approved
Health & Safety,Sick Leave,1,3,2,3,50,216,92.5,Approved
Administration,Casual Leave,1,3,3,3,37,168,100.0,Rejected
Administration,Casual Leave,1,3,3,5,41,192,87.9,Rejected
Administration,Casual Leave,1,3,3,4,50,216,86.7,Rejected
Health & Safety,Sick Leave,1,3,4,10,38,216,94.0,Approved
Health & Safety,Sick Leave,1,3,4,0,33,156,79.3,Approved
Administration,Casual Leave,1,3,0,1,36,132,74.4,Approved
Health & Safety,Sick Leave,1,3,1,5,41,192,92.2,Approved
Health & Safety,Sick Leave,1,4,2,11,38,216,88.6,Approved
Health & Safety,Sick Leave,1,4,4,2,36,132,91.1,Approved
Administration,Casual Leave,1,4,4,0,28,48,83.9,Approved
Health & Safety,Sick Leave,1,4,0,0,31,144,83.5,Rejected
Administration,Casual Leave,1,4,0,0,47,168,79.1,Approved
Health & Safety,Sick Leave,1,4,2,1,28,48,84.0,Approved
Health & Safety,Sick Leave,1,4,2,12,38,216,86.4,Rejected
Health & Safety,Sick Leave,1,4,0,4,50,216,87.7,Approved
Health & Safety,Sick Leave,10,4,2,5,50,216,85.4,Rejected
Health & Safety,Sick Leave,1,4,4,0,43,156,82.8,Approved
Health & Safety,Sick Leave,1,4,4,3,36,132,93.1,Approved
Health & Safety,Sick Leave,1,4,0,12,38,216,83.3,Approved
Health & Safety,Sick Leave,1,4,2,3,37,120,92.1,Approved
Health & Safety,Sick Leave,2,5,0,0,43,156,80.9,Approved
Health & Safety,Sick Leave,1,5,2,1,47,168,87.1,Approved
Health & Safety,Sick Leave,1,5,0,0,31,144,87.4,Approved
Health & Safety,Sick Leave,1,5,2,0,30,108,82.3,Approved
Health & Safety,Sick Leave,1,5,2,13,38,216,90.1,Rejected
Health & Safety,Sick Leave,1,5,3,1,28,36,93.9,Rejected
Health & Safety,Sick Leave,1,5,4,4,36,132,79.7,Approved
Health & Safety,Sick Leave,1,5,0,2,40,204,96.1,Approved
Health & Safety,Sick Leave,1,5,0,3,40,204,90.7,Approved
Operations,Annual Leave,1,5,2,0,58,192,79.5,Approved
Health & Safety,Sick Leave,1,5,2,2,28,108,90.2,Rejected
Health & Safety,Sick Leave,1,5,4,2,28,48,97.3,Rejected
Health & Safety,Sick Leave,1,5,0,1,30,108,86.2,Rejected
Health & Safety,Sick Leave,1,5,0,4,37,120,85.8,Approved
Health & Safety,Sick Leave,1,5,0,3,37,168,84.4,Approved
Health & Safety,Sick Leave,1,6,0,5,37,120,88.4,Approved
Health & Safety,Sick Leave,1,6,0,13,38,216,66.3,Approved
Health & Safety,Sick Leave,1,6,1,6,37,120,92.1,Approved
Health & Safety,Sick Leave,1,6,3,2,28,108,90.8,Approved
Health & Safety,Sick Leave,1,6,4,5,36,132,89.2,Approved
Administration,Casual Leave,1,6,4,14,38,216,82.4,Rejected
Health & Safety,Sick Leave,5,6,0,2,40,144,88.8,Approved
Health & Safety,Sick Leave,3,6,0,14,38,216,96.4,Approved
Health & Safety,Sick Leave,1,6,1,6,41,192,91.6,Approved
Health & Safety,Sick Leave,1,6,0,15,38,216,90.8,Approved
Administration,Casual Leave,1,6,1,1,43,156,82.8,Approved
Health & Safety,Sick Leave,1,6,0,16,38,216,81.0,Approved
Health & Safety,Sick Leave,1,6,2,3,28,108,88.4,Approved
Health & Safety,Sick Leave,1,6,2,5,50,216,91.6,Approved
Health & Safety,Sick Leave,1,6,2,17,38,216,95.6,Approved
Operations,Annual Leave,1,6,2,1,30,108,88.2,Approved
Health & Safety,Sick Leave,1,6,4,7,41,192,79.9,Approved
Health & Safety,Sick Leave,1,6,1,2,28,48,89.8,Approved
Health & Safety,Sick Leave,1,6,1,4,37,168,76.0,Approved
Health & Safety,Sick Leave,1,7,3,2,30,108,85.3,Rejected
Health & Safety,Sick Leave,1,7,3,4,28,108,88.1,Approved
Health & Safety,Sick Leave,1,7,4,6,36,132,77.4,Approved
Health & Safety,Sick Leave,1,7,0,0,33,96,81.5,Rejected
Health & Safety,Sick Leave,1,7,4,3,28,48,81.3,Approved
Administration,Casual Leave,1,7,4,7,37,120,90.1,Approved
Administration,Casual Leave,1,7,0,7,36,132,94.7,Rejected
Health & Safety,Sick Leave,1,7,1,8,37,120,84.3,Approved
Operations,Annual Leave,1,7,0,1,43,156,94.8,Approved
Health & Safety,Sick Leave,1,7,0,0,48,144,78.6,Approved
Health & Safety,Sick Leave,1,7,1,8,41,192,86.3,Approved
Health & Safety,Sick Leave,10,7,1,5,28,108,87.7,Approved
Health & Safety,Sick Leave,1,7,1,18,38,216,94.2,Approved
Health & Safety,Sick Leave,1,7,4,6,50,216,84.7,Approved
Health & Safety,Sick Leave,1,7,4,1,28,36,86.3,Rejected
Health & Safety,Sick Leave,1,7,0,1,33,156,88.0,Approved
Administration,Casual Leave,1,7,0,2,43,156,93.1,Approved
Health & Safety,Sick Leave,1,7,3,3,40,144,88.8,Approved
Health & Safety,Sick Leave,1,7,3,0,39,168,86.4,Approved
Health & Safety,Sick Leave,1,8,3,19,38,216,92.8,Approved
Health & Safety,Sick Leave,1,8,0,4,40,204,82.4,Approved
Health & Safety,Sick Leave,1,8,1,9,41,192,100.0,Approved
Health & Safety,Sick Leave,1,8,1,9,37,120,90.2,Rejected
Administration,Casual Leave,1,8,1,2,33,156,88.3,Approved
Administration,Casual Leave,1,8,1,3,43,156,85.4,Rejected
Health & Safety,Sick Leave,1,8,3,4,40,144,92.4,Approved
Health & Safety,Sick Leave,1,8,0,20,38,216,83.4,Rejected
Health & Safety,Sick Leave,1,8,1,5,40,204,97.9,Approved
Health & Safety,Sick Leave,2,8,3,4,28,48,88.4,Rejected
Health & Safety,Sick Leave,1,8,1,5,37,168,91.7,Approved
Health & Safety,Sick Leave,1,8,1,10,41,192,87.7,Approved
Health & Safety,Sick Leave,1,8,1,9,37,120,78.1,Approved
Health & Safety,Sick Leave,1,8,3,5,40,144,83.2,Rejected
Health & Safety,Sick Leave,1,8,0,7,36,132,92.1,Rejected
Health & Safety,Sick Leave,1,9,1,11,41,192,97.7,Approved
Health & Safety,Sick Leave,1,9,1,10,37,120,100.0,Approved
Health & Safety,Sick Leave,1,9,1,2,34,168,79.8,Approved
Health & Safety,Sick Leave,1,9,3,5,40,144,95.9,Rejected
Health & Safety,Sick Leave,1,9,4,2,30,108,98.6,Approved
Health & Safety,Sick Leave,1,9,4,2,47,168,92.7,Approved
Health & Safety,Sick Leave,1,9,0,20,38,216,91.2,Approved
Health & Safety,Sick Leave,1,9,2,6,28,108,86.6,Rejected
Health & Safety,Sick Leave,1,9,0,3,30,108,94.6,Approved
Health & Safety,Sick Leave,1,9,1,1,31,144,92.7,Approved
Health & Safety,Sick Leave,1,9,1,1,28,36,100.0,Approved
Health & Safety,Sick Leave,1,10,3,1,49,348,95.2,Approved
Health & Safety,Sick Leave,1,10,3,0,32,96,93.3,Approved
Administration,Casual Leave,1,10,4,12,41,192,80.6,Approved
Health & Safety,Sick Leave,1,10,2,2,49,348,88.1,Approved
Health & Safety,Sick Leave,1,10,2,5,40,144,96.2,Rejected
Health & Safety,Sick Leave,1,10,1,11,37,120,83.9,Approved
Health & Safety,Sick Leave,1,10,3,3,49,348,86.9,Approved
Health & Safety,Sick Leave,1,10,4,5,40,144,90.3,Approved
Health & Safety,Sick Leave,1,10,1,6,28,108,77.6,Approved
Health & Safety,Sick Leave,1,10,1,2,31,144,96.0,Rejected
Health & Safety,Sick Leave,1,10,1,2,31,144,91.8,Approved
Health & Safety,Sick Leave,1,10,1,7,28,108,97.1,Approved
Administration,Casual Leave,1,10,1,3,31,144,100.0,Approved
Health & Safety,Sick Leave,1,10,2,21,38,216,96.1,Approved
Health & Safety,Sick Leave,1,10,2,1,58,192,85.3,Rejected
Health & Safety,Sick Leave,1,10,2,6,40,144,87.2,Approved
Health & Safety,Sick Leave,1,10,3,4,31,144,94.2,Rejected
Health & Safety,Sick Leave,1,10,3,8,28,108,85.9,Approved
Health & Safety,Sick Leave,1,10,4,4,31,144,82.4,Approved
Health & Safety,Sick Leave,1,10,4,9,28,108,85.5,Approved
Health & Safety,Sick Leave,1,10,0,3,33,156,82.9,Approved
Health & Safety,Sick Leave,1,10,0,1,32,96,91.4,Approved
Health & Safety,Sick Leave,1,10,0,3,47,168,87.5,Approved
Administration,Casual Leave,1,10,0,10,28,108,84.6,Rejected
Health & Safety,Sick Leave,1,10,1,10,28,108,87.6,Approved
Operations,Annual Leave,1,11,1,22,38,216,85.0,Rejected
Health & Safety,Sick Leave,1,11,2,12,37,120,88.4,Approved
Health & Safety,Sick Leave,3,11,2,4,28,48,85.1,Rejected
Health & Safety,Sick Leave,1,11,4,22,38,216,96.3,Rejected
Health & Safety,Sick Leave,1,11,1,13,37,120,81.8,Rejected
Operations,Annual Leave,1,11,2,3,33,156,94.9,Approved
Health & Safety,Sick Leave,1,11,4,2,32,96,86.9,Approved
Health & Safety,Sick Leave,1,11,4,11,28,108,90.1,Approved
Health & Safety,Sick Leave,1,11,1,2,28,36,93.9,Approved
Health & Safety,Sick Leave,1,11,2,7,40,144,93.9,Approved
Health & Safety,Sick Leave,1,11,3,13,37,120,88.9,Approved
Health & Safety,Sick Leave,1,11,3,12,28,108,70.0,Approved
Health & Safety,Sick Leave,1,11,0,22,38,216,92.2,Approved
Health & Safety,Sick Leave,1,11,0,14,37,120,96.9,Approved
Health & Safety,Sick Leave,1,11,1,15,37,120,84.1,Approved
Health & Safety,Sick Leave,1,11,1,13,28,108,93.9,Approved
Administration,Casual Leave,1,11,1,8,40,144,90.8,Rejected
Administration,Casual Leave,1,11,2,4,33,156,81.7,Rejected
Health & Safety,Sick Leave,1,11,3,4,47,168,80.3,Approved
Administration,Casual Leave,1,11,3,3,43,156,95.1,Rejected
Health & Safety,Sick Leave,1,11,4,14,28,108,86.4,Approved
Administration,Casual Leave,1,11,4,5,31,144,76.8,Approved
Health & Safety,Sick Leave,1,11,0,3,28,36,85.1,Approved
Health & Safety,Sick Leave,4,12,1,23,38,216,94.7,Approved
Health & Safety,Sick Leave,1,12,2,8,40,144,87.1,Approved
Health & Safety,Sick Leave,1,12,2,15,28,108,89.3,Approved
Health & Safety,Sick Leave,1,12,4,4,30,108,90.4,Approved
Health & Safety,Sick Leave,1,12,4,16,28,108,90.8,Approved
Health & Safety,Sick Leave,1,12,3,4,28,36,81.2,Approved
Operations,Annual Leave,1,12,4,6,40,204,95.7,Approved
Administration,Casual Leave,1,12,4,3,43,156,85.6,Rejected
Operations,Annual Leave,1,12,0,0,31,12,93.2,Approved
Health & Safety,Sick Leave,2,12,1,5,30,108,87.4,Rejected
Health & Safety,Sick Leave,1,12,1,17,28,108,81.5,Approved
Health & Safety,Sick Leave,1,12,3,18,28,108,81.2,Rejected
Health & Safety,Sick Leave,1,12,0,18,28,108,93.8,Approved
Operations,Annual Leave,10,12,1,3,34,168,92.8,Rejected
Health & Safety,Sick Leave,3,1,0,0,30,108,77.2,Approved
Health & Safety,Sick Leave,2,1,3,1,30,108,87.4,Approved
Health & Safety,Sick Leave,1,1,3,0,40,204,97.4,Approved
Health & Safety,Sick Leave,1,1,4,1,40,204,87.7,Approved
Health & Safety,Sick Leave,1,1,0,2,30,108,79.2,Approved
Health & Safety,Sick Leave,1,1,2,2,40,204,90.9,Rejected
Health & Safety,Sick Leave,1,1,3,0,49,348,81.1,Rejected
Operations,Annual Leave,1,1,4,2,40,204,100.0,Approved
Administration,Casual Leave,1,1,0,3,30,108,99.8,Rejected
Operations,Annual Leave,1,1,1,0,34,168,92.0,Rejected
Administration,Casual Leave,1,1,2,3,30,108,91.7,Rejected
Administration,Casual Leave,1,1,2,0,38,216,83.7,Approved
Health & Safety,Sick Leave,1,1,2,0,33,156,86.1,Approved
Administration,Casual Leave,1,1,3,1,38,216,89.7,Approved
Administration,Casual Leave,1,1,4,2,38,216,80.7,Rejected
Health & Safety,Sick Leave,1,2,1,2,38,216,91.8,Approved
Health & Safety,Sick Leave,1,2,1,0,28,108,99.4,Rejected
Health & Safety,Sick Leave,1,2,2,0,47,168,89.3,Rejected
Administration,Casual Leave,1,2,2,3,38,216,92.4,Approved
Health & Safety,Sick Leave,1,2,3,0,28,108,94.0,Approved
Administration,Casual Leave,1,2,3,4,38,216,84.6,Approved
Administration,Casual Leave,1,2,3,3,30,108,80.1,Rejected
Health & Safety,Sick Leave,1,2,4,0,41,180,94.6,Approved
Administration,Casual Leave,1,2,4,5,38,216,98.3,Approved
Administration,Casual Leave,1,2,0,0,31,12,89.5,Approved
Administration,Casual Leave,1,2,0,6,38,216,93.9,Rejected
Health & Safety,Sick Leave,1,2,1,1,28,108,88.7,Rejected
Administration,Casual Leave,1,2,2,6,38,216,89.9,Approved
Administration,Casual Leave,1,2,3,7,38,216,81.0,Rejected
Health & Safety,Sick Leave,1,2,3,1,28,108,94.2,Approved
Health & Safety,Sick Leave,1,2,3,3,30,108,89.8,Approved
Health & Safety,Sick Leave,1,2,4,3,40,204,87.8,Approved
Administration,Casual Leave,1,2,4,7,38,216,87.8,Approved
Health & Safety,Sick Leave,1,2,2,1,31,12,88.8,Approved
Administration,Casual Leave,1,2,2,4,30,108,84.2,Rejected
Health & Safety,Sick Leave,1,2,3,8,38,216,86.1,Approved
Health & Safety,Sick Leave,1,2,0,0,34,168,89.4,Rejected
Health & Safety,Sick Leave,1,2,0,0,32,96,87.7,Approved
Health & Safety,Sick Leave,1,2,0,2,28,108,76.2,Approved
Administration,Casual Leave,1,2,1,9,38,216,90.5,Approved
Health & Safety,Sick Leave,1,2,1,0,47,168,83.0,Approved
Health & Safety,Sick Leave,1,2,1,3,28,108,74.4,Approved
Health & Safety,Sick Leave,1,2,4,1,32,96,94.4,Approved
Administration,Casual Leave,1,3,0,10,38,216,92.7,Approved
Health & Safety,Sick Leave,1,3,0,1,47,168,90.5,Approved
Health & Safety,Sick Leave,1,3,1,0,58,192,90.8,Rejected
Health & Safety,Sick Leave,1,3,1,2,47,168,74.6,Approved
Health & Safety,Sick Leave,10,3,1,0,58,192,90.9,Approved
Administration,Casual Leave,1,3,2,11,38,216,95.6,Approved
Administration,Casual Leave,1,3,3,4,28,108,84.9,Approved
Administration,Casual Leave,1,3,3,12,38,216,88.6,Approved
Health & Safety,Sick Leave,1,3,3,5,28,108,94.2,Approved
Administration,Casual Leave,1,3,4,4,30,108,89.3,Approved
Health & Safety,Sick Leave,1,3,0,2,32,96,87.2,Rejected
Administration,Casual Leave,1,3,0,0,28,36,86.7,Approved
Health & Safety,Sick Leave,1,3,1,13,38,216,91.1,Approved
Administration,Casual Leave,1,3,4,5,30,108,84.3,Approved
Health & Safety,Sick Leave,1,3,0,14,38,216,80.0,Approved
Health & Safety,Sick Leave,1,3,0,3,47,168,82.2,Approved
Administration,Casual Leave,1,3,0,15,38,216,86.6,Rejected
Health & Safety,Sick Leave,1,3,0,6,28,108,91.7,Approved
Administration,Casual Leave,1,3,1,15,38,216,92.6,Rejected
Health & Safety,Sick Leave,1,3,2,1,33,156,85.8,Approved
Health & Safety,Sick Leave,1,3,2,1,58,192,83.7,Approved
Health & Safety,Sick Leave,1,3,3,4,47,168,91.8,Approved
Health & Safety,Sick Leave,1,3,4,6,30,108,86.4,Approved
Administration,Casual Leave,1,3,4,15,38,216,85.5,Rejected
Administration,Casual Leave,1,3,1,15,38,216,80.4,Approved
Health & Safety,Sick Leave,1,3,2,0,46,288,89.4,Approved
Health & Safety,Sick Leave,3,3,2,0,34,168,86.5,Approved
Administration,Casual Leave,1,3,2,16,38,216,84.6,Approved
Administration,Casual Leave,1,3,3,17,38,216,94.8,Rejected
Health & Safety,Sick Leave,1,3,0,7,30,108,84.3,Rejected
Administration,Casual Leave,10,3,0,2,33,156,81.1,Rejected
Health & Safety,Sick Leave,1,3,2,0,31,144,82.7,Approved
Health & Safety,Sick Leave,1,4,0,7,28,108,89.7,Approved
Health & Safety,Sick Leave,1,4,0,0,37,120,88.8,Approved
Administration,Casual Leave,1,4,1,1,28,36,83.9,Approved
Administration,Casual Leave,1,4,2,5,47,168,87.7,Approved
Health & Safety,Sick Leave,1,4,3,0,33,156,89.4,Approved
Administration,Casual Leave,1,4,4,7,30,108,93.1,Approved
Health & Safety,Sick Leave,3,4,0,1,31,144,87.9,Approved
Operations,Annual Leave,1,4,1,4,40,204,83.4,Approved
Health & Safety,Sick Leave,1,4,1,0,50,216,89.1,Approved
Health & Safety,Sick Leave,1,4,1,2,28,36,92.6,Approved
Health & Safety,Sick Leave,1,4,2,1,37,120,84.6,Approved
Health & Safety,Sick Leave,1,4,4,0,37,168,84.6,Approved
Administration,Casual Leave,1,4,0,8,28,108,89.7,Approved
Operations,Annual Leave,1,4,1,2,32,96,92.4,Approved
Health & Safety,Sick Leave,1,4,1,1,34,168,84.1,Approved
Administration,Casual Leave,1,4,3,9,28,108,92.9,Rejected
Health & Safety,Sick Leave,1,4,3,1,50,216,86.2,Approved
Health & Safety,Sick Leave,1,5,0,1,37,168,81.0,Approved
Administration,Casual Leave,1,5,2,1,41,180,89.6,Approved
Health & Safety,Sick Leave,1,5,2,3,32,96,90.7,Approved
Health & Safety,Sick Leave,1,5,2,2,37,120,88.4,Approved
Administration,Casual Leave,1,5,2,0,43,156,84.2,Approved
Health & Safety,Sick Leave,1,5,3,8,30,108,84.7,Rejected
Health & Safety,Sick Leave,1,5,3,0,40,144,100.0,Approved
Health & Safety,Sick Leave,1,5,3,2,41,180,84.7,Rejected
Administration,Casual Leave,8,5,4,0,43,156,79.9,Approved
Health & Safety,Sick Leave,1,5,4,2,41,180,91.9,Rejected
Administration,Casual Leave,1,5,4,8,30,108,98.4,Approved
Health & Safety,Sick Leave,1,5,0,2,50,216,95.5,Approved
Health & Safety,Sick Leave,1,5,1,3,50,216,88.6,Approved
Health & Safety,Sick Leave,1,5,1,3,37,120,85.5,Approved
Administration,Casual Leave,1,5,1,4,50,216,94.6,Rejected
Administration,Casual Leave,1,5,2,9,30,108,95.7,Approved
Administration,Casual Leave,1,5,2,1,36,132,89.1,Rejected
Operations,Annual Leave,1,5,4,5,40,204,91.2,Approved
Health & Safety,Sick Leave,6,5,0,2,34,168,90.5,Approved
Health & Safety,Sick Leave,1,5,0,4,32,96,76.9,Approved
Health & Safety,Sick Leave,1,5,2,1,40,144,95.5,Rejected
Health & Safety,Sick Leave,1,5,2,6,40,204,96.5,Approved
Health & Safety,Sick Leave,1,5,2,9,28,108,86.9,Rejected
Health & Safety,Sick Leave,1,5,3,0,28,48,89.0,Approved
Health & Safety,Sick Leave,1,5,3,5,32,96,80.2,Approved
Health & Safety,Sick Leave,1,5,0,3,28,36,79.6,Approved
Health & Safety,Sick Leave,1,5,2,3,34,168,80.2,Rejected
Health & Safety,Sick Leave,1,5,4,7,40,204,86.1,Approved
Health & Safety,Sick Leave,1,5,4,3,34,168,96.8,Approved
Health & Safety,Sick Leave,1,5,0,9,28,108,87.5,Approved
Health & Safety,Sick Leave,1,6,2,1,46,288,77.3,Approved
Administration,Casual Leave,1,6,2,10,30,108,76.2,Approved
Administration,Casual Leave,1,6,4,4,37,120,93.2,Approved
Health & Safety,Sick Leave,1,6,2,5,37,120,91.5,Approved
Health & Safety,Sick Leave,1,6,3,1,36,132,89.1,Approved
Administration,Casual Leave,3,6,3,4,50,216,88.0,Approved
Administration,Casual Leave,1,6,4,2,31,12,86.8,Rejected
Administration,Casual Leave,1,6,4,11,30,108,91.0,Rejected
Administration,Casual Leave,1,6,0,0,48,144,92.0,Rejected
Administration,Casual Leave,1,6,0,0,33,96,78.0,Rejected
Administration,Casual Leave,1,6,3,5,50,216,91.4,Approved
Health & Safety,Sick Leave,1,6,3,11,30,108,81.8,Approved
Health & Safety,Sick Leave,1,6,3,1,40,144,99.2,Approved
Health & Safety,Sick Leave,1,6,0,12,30,108,97.6,Approved
Health & Safety,Sick Leave,1,6,0,6,37,120,87.9,Approved
Health & Safety,Sick Leave,1,6,3,2,31,12,77.6,Approved
Health & Safety,Sick Leave,1,6,4,7,37,120,78.7,Approved
Health & Safety,Sick Leave,1,6,2,8,37,120,88.1,Approved
Health & Safety,Sick Leave,1,6,2,3,31,12,81.4,Approved
Administration,Casual Leave,1,7,2,1,43,156,88.8,Approved
Administration,Casual Leave,1,7,4,4,31,12,84.6,Approved
Health & Safety,Sick Leave,1,7,0,2,58,192,79.9,Rejected
Health & Safety,Sick Leave,1,7,0,9,37,120,100.0,Approved
Health & Safety,Sick Leave,10,7,1,2,58,192,90.7,Approved
Health & Safety,Sick Leave,2,7,1,1,33,156,88.4,Approved
Health & Safety,Sick Leave,1,7,2,10,37,120,93.0,Approved
Health & Safety,Sick Leave,1,7,2,4,28,36,84.5,Approved
Health & Safety,Sick Leave,1,7,2,10,28,108,80.3,Approved
Health & Safety,Sick Leave,10,7,0,2,31,144,85.2,Approved
Health & Safety,Sick Leave,1,7,1,2,33,156,83.1,Approved
Health & Safety,Sick Leave,1,7,1,2,37,168,79.6,Approved
Administration,Casual Leave,1,7,1,0,33,156,87.3,Rejected
Administration,Casual Leave,1,7,1,0,50,216,89.5,Rejected
Health & Safety,Sick Leave,1,7,2,0,38,216,99.9,Approved
Health & Safety,Sick Leave,1,7,3,0,39,168,90.8,Approved
Health & Safety,Sick Leave,1,7,3,0,33,156,80.5,Approved
Health & Safety,Sick Leave,1,7,4,1,38,216,80.8,Approved
Health & Safety,Sick Leave,1,7,4,0,28,36,84.7,Approved
Health & Safety,Sick Leave,1,7,4,0,36,132,84.6,Approved
Administration,Casual Leave,5,7,0,0,34,168,87.1,Approved
Health & Safety,Sick Leave,1,7,0,0,37,168,87.2,Approved
Health & Safety,Sick Leave,1,7,0,1,36,132,79.1,Approved
Health & Safety,Sick Leave,1,7,1,2,36,132,74.8,Approved
Health & Safety,Sick Leave,1,7,2,3,36,132,91.1,Approved
Health & Safety,Sick Leave,1,7,2,2,38,216,86.2,Approved
Health & Safety,Sick Leave,1,7,2,3,38,216,91.5,Approved
Health & Safety,Sick Leave,1,7,4,0,41,192,85.9,Approved
Operations,Annual Leave,1,7,0,4,38,216,90.1,Approved
Health & Safety,Sick Leave,1,7,3,0,33,156,85.6,Approved
Health & Safety,Sick Leave,1,8,2,0,47,168,86.6,Approved
Health & Safety,Sick Leave,1,8,2,0,28,48,87.3,Approved
Health & Safety,Sick Leave,1,8,0,5,38,216,97.9,Approved
Health & Safety,Sick Leave,5,8,0,1,28,36,86.4,Approved
Health & Safety,Sick Leave,1,8,4,4,36,132,94.1,Approved
Operations,Annual Leave,1,8,0,1,33,156,84.0,Approved
Health & Safety,Sick Leave,1,8,0,2,28,36,91.5,Approved
Health & Safety,Sick Leave,1,8,1,2,33,156,79.1,Approved
Health & Safety,Sick Leave,1,8,2,0,29,72,93.5,Approved
Operations,Annual Leave,1,8,2,3,33,156,90.3,Approved
Health & Safety,Sick Leave,1,8,4,6,38,216,92.6,Approved
Operations,Annual Leave,1,8,0,7,38,216,85.1,Approved
Operations,Annual Leave,1,8,3,0,48,144,86.3,Rejected
Health & Safety,Sick Leave,1,8,3,1,37,168,80.3,Approved
Operations,Annual Leave,1,8,0,0,48,144,86.7,Approved
Health & Safety,Sick Leave,1,8,0,8,38,216,88.4,Approved
Health & Safety,Sick Leave,1,8,0,3,28,36,87.3,Approved
Operations,Annual Leave,1,8,1,4,33,156,87.8,Approved
Health & Safety,Sick Leave,1,8,3,0,32,144,89.9,Approved
Health & Safety,Sick Leave,1,8,4,1,48,144,82.6,Approved
Health & Safety,Sick Leave,1,8,4,5,36,132,76.7,Approved
Health & Safety,Sick Leave,1,9,1,0,27,84,81.1,Approved
Health & Safety,Sick Leave,1,9,0,0,37,120,95.2,Rejected
Health & Safety,Sick Leave,1,9,1,9,38,216,82.0,Approved
Administration,Casual Leave,1,9,1,0,43,156,84.2,Rejected
Health & Safety,Sick Leave,1,9,2,1,34,168,91.1,Approved
Health & Safety,Sick Leave,1,9,0,0,37,120,100.0,Approved
Health & Safety,Sick Leave,1,9,1,10,38,216,94.8,Approved
Health & Safety,Sick Leave,1,9,3,0,40,144,96.8,Approved
Health & Safety,Sick Leave,1,9,4,6,36,132,81.7,Approved
Health & Safety,Sick Leave,4,9,0,1,40,144,91.9,Approved
Administration,Casual Leave,1,9,0,7,36,132,80.4,Rejected
Administration,Casual Leave,1,9,0,0,28,108,98.1,Rejected
Health & Safety,Sick Leave,1,9,1,0,28,108,99.2,Rejected
Health & Safety,Sick Leave,1,9,1,1,37,120,84.4,Approved
Administration,Casual Leave,1,9,1,5,33,156,82.2,Rejected
Administration,Casual Leave,1,9,1,0,50,216,91.8,Rejected
Operations,Annual Leave,1,9,2,0,28,108,79.7,Approved
Health & Safety,Sick Leave,1,9,2,11,38,216,92.3,Approved
Administration,Casual Leave,1,9,2,0,31,144,98.7,Rejected
Health & Safety,Sick Leave,1,9,4,1,47,168,92.0,Approved
Health & Safety,Sick Leave,1,9,4,12,38,216,85.8,Approved
Health & Safety,Sick Leave,1,9,4,7,36,132,98.1,Approved
Health & Safety,Sick Leave,1,10,1,13,38,216,87.6,Rejected
Health & Safety,Sick Leave,1,10,1,2,37,120,88.9,Rejected
Administration,Casual Leave,1,10,2,0,50,216,88.1,Rejected
Health & Safety,Sick Leave,1,10,3,0,30,108,84.0,Approved
Health & Safety,Sick Leave,1,10,4,13,38,216,95.2,Rejected
Health & Safety,Sick Leave,1,10,4,1,28,108,100.0,Rejected
Health & Safety,Sick Leave,1,10,2,1,28,108,92.1,Approved
Health & Safety,Sick Leave,1,10,2,2,47,168,88.5,Approved
Health & Safety,Sick Leave,1,10,3,2,40,144,83.2,Approved
Health & Safety,Sick Leave,1,10,2,13,38,216,89.1,Rejected
Health & Safety,Sick Leave,1,10,2,2,28,108,70.8,Approved
Administration,Casual Leave,2,10,3,8,36,132,99.9,Approved
Health & Safety,Sick Leave,1,10,1,3,40,144,91.0,Approved
Health & Safety,Sick Leave,1,10,1,3,28,108,80.3,Approved
Administration,Casual Leave,1,10,2,5,33,156,85.0,Approved
Health & Safety,Sick Leave,1,10,4,4,28,36,79.3,Approved
Health & Safety,Sick Leave,1,10,4,9,36,132,85.9,Approved
Health & Safety,Sick Leave,1,11,3,13,38,216,86.4,Rejected
Health & Safety,Sick Leave,1,11,2,4,28,108,94.8,Approved
Health & Safety,Sick Leave,1,11,3,13,38,216,88.7,Approved
Operations,Annual Leave,1,11,3,0,40,204,90.1,Approved
Health & Safety,Sick Leave,1,11,3,4,40,144,88.2,Approved
Health & Safety,Sick Leave,4,11,0,2,34,168,87.9,Approved
Health & Safety,Sick Leave,1,11,0,1,33,156,84.0,Approved
Health & Safety,Sick Leave,5,11,0,5,40,144,86.3,Approved
Health & Safety,Sick Leave,1,11,4,3,34,168,87.8,Rejected
Health & Safety,Sick Leave,1,11,2,5,28,108,86.0,Approved
Operations,Annual Leave,1,11,2,1,40,204,82.8,Approved
Health & Safety,Sick Leave,1,11,4,6,28,108,85.7,Approved
Health & Safety,Sick Leave,1,11,4,10,36,132,92.9,Approved
Health & Safety,Sick Leave,1,11,0,3,47,168,96.6,Rejected
Health & Safety,Sick Leave,1,11,1,7,28,108,96.5,Approved
Health & Safety,Sick Leave,3,11,2,6,33,156,81.1,Approved
Health & Safety,Sick Leave,1,11,3,6,40,144,96.5,Approved
Health & Safety,Sick Leave,1,12,1,3,47,168,79.0,Approved
Administration,Casual Leave,8,12,1,2,37,120,90.1,Approved
Health & Safety,Sick Leave,1,12,2,0,50,216,83.6,Approved
Administration,Casual Leave,1,12,2,2,37,168,87.4,Approved
Health & Safety,Sick Leave,1,12,3,8,28,108,96.7,Approved
Administration,Casual Leave,1,12,4,11,36,132,88.9,Rejected
Administration,Casual Leave,7,12,1,3,37,120,100.0,Approved
Health & Safety,Sick Leave,1,12,2,5,28,36,78.1,Approved
Health & Safety,Sick Leave,1,12,3,9,28,108,84.9,Approved
Health & Safety,Sick Leave,1,12,4,11,36,132,85.5,Approved
Health & Safety,Sick Leave,1,12,1,10,28,108,84.4,Rejected
Administration,Casual Leave,1,12,4,4,37,120,78.6,Approved
Administration,Casual Leave,1,12,4,1,41,192,87.6,Approved
Health & Safety,Sick Leave,1,12,4,10,28,108,90.0,Approved
Health & Safety,Sick Leave,1,1,2,0,28,108,83.4,Approved
Administration,Casual Leave,1,1,0,0,37,120,90.6,Approved
Administration,Casual Leave,1,1,1,1,37,120,87.9,Approved
Operations,Annual Leave,1,1,1,0,34,168,89.1,Approved
Administration,Casual Leave,1,1,2,1,28,108,97.9,Rejected
Health & Safety,Sick Leave,1,1,3,0,27,84,83.8,Approved
Health & Safety,Sick Leave,1,1,3,1,28,108,78.1,Rejected
Administration,Casual Leave,1,1,4,1,28,108,89.4,Rejected
Administration,Casual Leave,1,1,0,2,37,120,84.6,Approved
Administration,Casual Leave,1,1,1,1,28,108,89.3,Approved
Administration,Casual Leave,1,1,1,3,37,120,79.8,Approved
Administration,Casual Leave,1,1,2,4,37,120,89.4,Approved
Administration,Casual Leave,1,1,3,5,37,120,85.9,Approved
Administration,Casual Leave,1,1,4,6,37,120,83.9,Approved
Operations,Annual Leave,1,1,1,0,30,108,88.7,Rejected
Operations,Annual Leave,1,1,1,0,33,156,80.1,Rejected
Administration,Casual Leave,1,1,0,7,37,120,81.2,Rejected
Health & Safety,Sick Leave,1,1,1,2,28,108,86.9,Approved
Health & Safety,Sick Leave,1,1,3,0,33,156,89.5,Approved
Health & Safety,Sick Leave,1,2,4,1,27,84,89.2,Approved
Health & Safety,Sick Leave,1,2,2,0,41,192,84.9,Approved
Health & Safety,Sick Leave,1,2,2,0,38,216,85.5,Approved
Health & Safety,Sick Leave,1,2,3,1,34,168,88.8,Approved
Health & Safety,Sick Leave,1,2,3,0,33,156,87.1,Approved
Health & Safety,Sick Leave,1,2,4,0,36,132,82.2,Approved
Health & Safety,Sick Leave,1,2,4,1,33,156,91.9,Approved
Health & Safety,Sick Leave,1,2,0,0,50,108,89.5,Rejected
Health & Safety,Sick Leave,1,2,1,0,50,108,77.9,Approved
Health & Safety,Sick Leave,1,2,0,3,28,108,90.4,Rejected
Health & Safety,Sick Leave,1,2,1,3,28,108,90.4,Rejected
Health & Safety,Sick Leave,1,2,1,0,30,108,93.1,Approved
Health & Safety,Sick Leave,1,2,1,2,27,84,79.3,Rejected
Health & Safety,Sick Leave,1,2,3,3,28,108,83.6,Approved
Operations,Annual Leave,1,2,0,0,28,48,92.5,Approved
Health & Safety,Sick Leave,1,2,1,1,28,48,81.3,Approved
Health & Safety,Sick Leave,1,2,2,4,28,108,100.0,Approved
Administration,Casual Leave,1,2,3,1,33,156,87.6,Approved
Health & Safety,Sick Leave,1,3,1,0,32,144,100.0,Approved
Administration,Casual Leave,1,3,1,1,36,132,94.7,Rejected
Administration,Casual Leave,1,3,1,0,29,72,92.4,Approved
Operations,Annual Leave,1,3,1,0,40,204,98.8,Approved
Health & Safety,Sick Leave,1,3,2,0,40,144,79.0,Approved
Health & Safety,Sick Leave,1,3,2,1,36,132,79.7,Approved
Health & Safety,Sick Leave,1,3,3,1,30,108,84.5,Approved
Health & Safety,Sick Leave,1,3,4,0,47,168,93.3,Approved
Health & Safety,Sick Leave,5,3,4,2,36,132,95.8,Approved
Health & Safety,Sick Leave,5,3,0,1,40,204,90.0,Rejected
Health & Safety,Sick Leave,2,3,0,2,34,168,84.7,Approved
Administration,Casual Leave,2,3,0,3,36,132,94.6,Rejected
Health & Safety,Sick Leave,1,3,1,3,34,168,85.3,Rejected
Health & Safety,Sick Leave,1,3,3,2,33,156,92.3,Approved
Health & Safety,Sick Leave,1,3,3,1,40,204,72.0,Rejected
Health & Safety,Sick Leave,1,3,4,3,36,132,95.0,Approved
Health & Safety,Sick Leave,1,3,4,5,28,108,95.1,Approved
Health & Safety,Sick Leave,1,3,0,0,39,168,96.4,Approved
Health & Safety,Sick Leave,3,3,1,1,38,216,89.2,Approved
Health & Safety,Sick Leave,1,3,2,6,28,108,84.1,Approved
Health & Safety,Sick Leave,1,3,0,7,28,108,87.1,Rejected
Health & Safety,Sick Leave,1,3,0,2,30,108,83.0,Approved
Health & Safety,Sick Leave,1,3,1,7,28,108,73.6,Rejected
Health & Safety,Sick Leave,2,3,2,7,28,108,86.1,Rejected
Health & Safety,Sick Leave,1,3,2,2,38,216,97.1,Approved
Health & Safety,Sick Leave,2,3,3,1,39,168,91.1,Approved
Health & Safety,Sick Leave,1,3,4,7,28,108,85.6,Approved
Health & Safety,Sick Leave,1,3,4,1,47,168,96.0,Approved
Health & Safety,Sick Leave,1,3,0,8,28,108,91.2,Approved
Health & Safety,Sick Leave,1,4,2,1,40,144,84.1,Approved
Health & Safety,Sick Leave,1,4,2,9,28,108,90.1,Approved
Health & Safety,Sick Leave,1,4,1,3,34,168,86.7,Approved
Health & Safety,Sick Leave,3,4,2,1,41,192,95.4,Approved
Health & Safety,Sick Leave,1,4,3,4,34,168,78.8,Approved
Health & Safety,Sick Leave,1,4,4,10,28,108,87.5,Approved
Health & Safety,Sick Leave,1,4,4,4,36,132,84.3,Approved
Health & Safety,Sick Leave,3,4,2,3,38,216,90.2,Approved
Health & Safety,Sick Leave,1,4,3,0,50,216,95.5,Approved
Health & Safety,Sick Leave,1,4,4,2,40,144,85.9,Approved
Health & Safety,Sick Leave,1,4,4,2,41,192,92.7,Rejected
Health & Safety,Sick Leave,1,4,4,3,40,144,85.3,Approved
Health & Safety,Sick Leave,1,4,4,2,47,168,91.0,Approved
Administration,Casual Leave,7,4,4,5,36,132,85.7,Approved
Administration,Casual Leave,1,4,1,3,33,156,90.8,Approved
Health & Safety,Sick Leave,3,4,2,5,34,168,90.4,Approved
Administration,Casual Leave,1,4,2,0,36,132,95.3,Approved
Health & Safety,Sick Leave,2,4,3,4,33,156,92.3,Approved
Health & Safety,Sick Leave,1,4,4,0,37,168,88.7,Approved
Administration,Casual Leave,1,4,0,0,48,144,94.7,Rejected
Health & Safety,Sick Leave,1,5,2,5,33,156,84.4,Approved
Health & Safety,Sick Leave,1,5,3,6,34,168,86.7,Approved
Health & Safety,Sick Leave,1,5,0,7,34,168,95.3,Approved
Operations,Annual Leave,1,5,1,4,38,216,89.5,Approved
Administration,Casual Leave,1,5,1,11,28,108,90.2,Approved
Health & Safety,Sick Leave,1,5,2,2,27,84,84.5,Rejected
Health & Safety,Sick Leave,1,5,0,8,34,168,84.0,Approved
Health & Safety,Sick Leave,1,5,1,5,38,216,88.7,Rejected
Health & Safety,Sick Leave,3,5,2,6,33,156,91.2,Approved
Administration,Casual Leave,1,5,2,2,39,168,98.8,Rejected
Administration,Casual Leave,1,5,2,2,28,48,87.7,Rejected
Administration,Casual Leave,1,5,2,1,36,132,84.2,Rejected
Administration,Casual Leave,1,5,2,1,50,108,82.1,Rejected
Health & Safety,Sick Leave,1,5,1,5,38,216,81.0,Approved
Health & Safety,Sick Leave,3,5,2,1,50,216,90.5,Approved
Health & Safety,Sick Leave,1,5,4,0,28,36,89.0,Approved
Administration,Casual Leave,1,6,0,2,41,192,88.4,Approved
Health & Safety,Sick Leave,1,6,0,1,28,36,86.8,Rejected
Health & Safety,Sick Leave,3,6,1,3,41,192,87.5,Approved
Health & Safety,Sick Leave,1,6,3,4,40,144,84.9,Rejected
Health & Safety,Sick Leave,1,6,4,4,41,192,91.1,Approved
Health & Safety,Sick Leave,1,6,0,6,38,216,84.3,Approved
Health & Safety,Sick Leave,1,6,0,9,34,168,93.3,Approved
Health & Safety,Sick Leave,1,6,0,5,41,192,89.9,Approved
Health & Safety,Sick Leave,1,6,2,2,50,216,96.5,Rejected
Health & Safety,Sick Leave,2,6,4,1,37,168,93.0,Rejected
Health & Safety,Sick Leave,1,6,1,2,50,216,84.7,Approved
Health & Safety,Sick Leave,10,6,2,3,50,216,84.6,Rejected
Health & Safety,Sick Leave,1,6,3,1,36,132,96.2,Rejected
Health & Safety,Sick Leave,1,6,4,7,38,216,86.5,Approved
Health & Safety,Sick Leave,1,6,0,0,49,348,94.9,Approved
Health & Safety,Sick Leave,1,6,3,12,28,108,91.3,Approved
Administration,Casual Leave,2,7,1,10,34,168,86.3,Approved
Health & Safety,Sick Leave,1,7,2,3,50,216,75.1,Approved
Health & Safety,Sick Leave,1,7,4,7,37,120,88.9,Rejected
Administration,Casual Leave,1,7,4,7,37,120,85.2,Approved
Administration,Casual Leave,1,7,1,2,28,48,76.0,Approved
Operations,Annual Leave,1,7,3,3,30,108,86.1,Rejected
Health & Safety,Sick Leave,1,7,4,11,34,168,99.5,Approved
Health & Safety,Sick Leave,1,7,0,3,28,48,89.1,Approved
Health & Safety,Sick Leave,1,7,1,4,28,48,94.3,Approved
Health & Safety,Sick Leave,1,7,0,1,29,72,74.8,Approved
Health & Safety,Sick Leave,1,7,1,1,28,36,86.7,Approved
Administration,Casual Leave,1,7,2,7,33,156,84.8,Rejected
Administration,Casual Leave,1,7,3,8,38,216,95.9,Approved
Administration,Casual Leave,4,7,0,7,33,156,82.9,Approved
Administration,Casual Leave,1,7,3,8,33,156,94.8,Rejected
Administration,Casual Leave,1,7,3,6,36,132,100.0,Rejected
Administration,Casual Leave,1,8,4,8,33,156,100.0,Approved
Administration,Casual Leave,1,8,4,2,29,72,87.4,Approved
Health & Safety,Sick Leave,1,8,0,9,33,156,81.3,Rejected
Operations,Annual Leave,1,8,1,0,58,192,87.6,Approved
Health & Safety,Sick Leave,1,8,3,0,43,156,93.8,Approved
Health & Safety,Sick Leave,1,8,3,1,43,156,92.6,Approved
Health & Safety,Sick Leave,1,8,4,6,36,132,90.6,Approved
Health & Safety,Sick Leave,1,8,1,9,33,156,86.6,Approved
Health & Safety,Sick Leave,1,8,2,3,47,168,81.6,Approved
Health & Safety,Sick Leave,1,8,3,0,33,96,87.5,Approved
Health & Safety,Sick Leave,1,8,3,3,30,108,92.5,Approved
Health & Safety,Sick Leave,1,8,3,4,50,216,87.3,Rejected
Health & Safety,Sick Leave,1,8,0,4,47,168,67.8,Approved
Health & Safety,Sick Leave,1,8,1,1,37,168,84.7,Approved
Health & Safety,Sick Leave,1,8,3,4,50,216,75.1,Rejected
Administration,Casual Leave,1,8,3,2,37,168,100.0,Approved
Health & Safety,Sick Leave,1,8,1,2,28,36,94.2,Approved
Health & Safety,Sick Leave,1,8,2,2,27,84,84.6,Approved
Health & Safety,Sick Leave,1,9,0,9,38,216,83.8,Approved
Health & Safety,Sick Leave,1,9,4,10,38,216,93.7,Rejected
Administration,Casual Leave,3,9,2,10,33,156,80.3,Approved
Administration,Casual Leave,1,9,3,0,43,156,87.3,Rejected
Health & Safety,Sick Leave,2,9,0,6,41,192,93.3,Approved
Health & Safety,Sick Leave,1,9,1,4,40,144,93.3,Approved
Administration,Casual Leave,1,9,1,0,39,168,83.2,Rejected
Administration,Casual Leave,1,9,1,1,32,144,100.0,Rejected
Health & Safety,Sick Leave,1,9,2,10,38,216,86.3,Approved
Health & Safety,Sick Leave,4,9,2,7,41,192,100.0,Approved
Health & Safety,Sick Leave,1,9,3,11,38,216,82.4,Approved
Health & Safety,Sick Leave,1,9,4,5,40,144,90.9,Approved
Health & Safety,Sick Leave,1,9,4,7,36,132,83.0,Rejected
Administration,Casual Leave,1,9,2,0,43,156,81.3,Rejected
Health & Safety,Sick Leave,1,9,3,4,50,216,83.2,Approved
Administration,Casual Leave,1,9,3,0,43,156,90.8,Rejected
Health & Safety,Sick Leave,1,9,4,6,40,144,85.8,Rejected
Health & Safety,Sick Leave,5,9,0,6,40,144,94.6,Approved
Health & Safety,Sick Leave,1,9,0,12,38,216,82.5,Approved
Operations,Annual Leave,1,10,0,11,33,156,97.1,Rejected
Administration,Casual Leave,1,10,0,3,37,168,88.4,Approved
Administration,Casual Leave,1,10,0,11,33,156,91.5,Approved
Health & Safety,Sick Leave,1,10,4,12,33,156,97.6,Approved
Administration,Casual Leave,1,10,4,5,50,216,91.0,Rejected
Administration,Casual Leave,1,10,4,5,47,168,91.6,Rejected
Health & Safety,Sick Leave,1,10,0,4,30,108,98.1,Approved
Health & Safety,Sick Leave,1,10,0,8,37,120,86.3,Approved
Health & Safety,Sick Leave,1,10,0,0,31,144,90.5,Approved
Health & Safety,Sick Leave,1,10,2,13,38,216,87.9,Approved
Health & Safety,Sick Leave,8,10,2,5,30,108,82.1,Approved
Administration,Casual Leave,1,10,2,0,43,156,83.8,Rejected
Administration,Casual Leave,2,10,3,13,33,156,100.0,Approved
Health & Safety,Sick Leave,1,10,4,7,36,132,84.0,Approved
Administration,Casual Leave,1,10,4,0,43,156,83.3,Rejected
Health & Safety,Sick Leave,1,10,0,0,43,156,89.8,Approved
Health & Safety,Sick Leave,1,10,1,5,50,216,79.4,Approved
Health & Safety,Sick Leave,1,10,1,7,40,144,88.2,Approved
Health & Safety,Sick Leave,2,10,3,6,30,108,88.9,Approved
Health & Safety,Sick Leave,1,10,3,6,50,216,88.9,Rejected
Health & Safety,Sick Leave,1,10,0,3,28,36,84.2,Approved
Administration,Casual Leave,1,10,1,8,36,132,81.2,Rejected
Administration,Casual Leave,1,10,1,8,40,144,86.2,Rejected
Administration,Casual Leave,1,10,1,3,29,72,89.7,Rejected
Health & Safety,Sick Leave,1,10,2,7,30,108,84.7,Approved
Health & Safety,Sick Leave,1,10,2,8,30,108,84.2,Approved
Health & Safety,Sick Leave,1,10,3,6,50,216,80.2,Approved
Health & Safety,Sick Leave,1,11,0,9,37,120,87.5,Approved
Health & Safety,Sick Leave,1,11,0,5,47,168,92.2,Approved
Health & Safety,Sick Leave,1,11,1,14,38,216,79.5,Approved
Health & Safety,Sick Leave,1,11,4,8,36,132,88.3,Approved
Health & Safety,Sick Leave,1,11,0,8,40,144,82.8,Approved
Health & Safety,Sick Leave,1,11,0,1,36,132,85.4,Approved
Health & Safety,Sick Leave,10,11,0,12,34,168,96.4,Approved
Administration,Casual Leave,1,11,0,1,43,156,90.3,Approved
Administration,Casual Leave,1,11,1,5,28,48,86.9,Rejected
Operations,Annual Leave,1,11,2,4,37,168,85.2,Rejected
Health & Safety,Sick Leave,1,11,2,10,37,120,83.3,Approved
Health & Safety,Sick Leave,1,11,3,4,37,168,96.1,Approved
Health & Safety,Sick Leave,1,11,3,15,38,216,85.7,Approved
Health & Safety,Sick Leave,1,11,4,8,41,192,97.7,Approved
Health & Safety,Sick Leave,1,11,4,9,40,144,87.6,Rejected
Health & Safety,Sick Leave,1,11,0,9,41,192,71.7,Approved
Health & Safety,Sick Leave,1,11,1,16,38,216,79.1,Rejected
Health & Safety,Sick Leave,1,11,2,9,36,132,80.7,Approved
Operations,Annual Leave,1,11,4,10,36,132,88.1,Approved
Administration,Casual Leave,1,11,4,2,36,132,92.0,Rejected
Administration,Casual Leave,1,11,1,2,39,168,88.1,Rejected
Health & Safety,Sick Leave,1,11,3,16,38,216,83.7,Approved
Health & Safety,Sick Leave,1,12,0,13,28,108,90.2,Approved
Health & Safety,Sick Leave,1,12,0,17,38,216,87.5,Approved
Health & Safety,Sick Leave,1,12,0,18,38,216,86.3,Approved
Health & Safety,Sick Leave,1,12,0,5,37,168,86.7,Approved
Health & Safety,Sick Leave,1,12,1,7,50,216,90.8,Approved
Health & Safety,Sick Leave,1,12,4,11,36,132,86.2,Approved
Health & Safety,Sick Leave,1,12,3,10,41,192,89.4,Approved
Health & Safety,Sick Leave,1,12,3,19,38,216,93.1,Approved
Health & Safety,Sick Leave,1,12,4,20,38,216,93.0,Approved
Health & Safety,Sick Leave,1,12,1,9,30,108,91.8,Approved
Health & Safety,Sick Leave,1,12,1,11,37,120,84.8,Approved
Health & Safety,Sick Leave,1,12,3,6,37,168,85.0,Approved
Health & Safety,Sick Leave,1,12,1,2,43,156,89.5,Approved
Health & Safety,Sick Leave,1,12,1,7,37,168,91.6,Rejected
Administration,Casual Leave,1,12,2,12,36,132,75.3,Approved
Health & Safety,Sick Leave,1,12,0,3,29,72,71.6,Approved
Health & Safety,Sick Leave,1,12,0,21,38,216,92.9,Rejected
Administration,Casual Leave,1,12,0,14,33,156,89.5,Approved
Health & Safety,Sick Leave,1,1,2,0,28,108,91.8,Approved
Administration,Casual Leave,4,1,0,0,37,120,86.6,Rejected
Health & Safety,Sick Leave,1,1,0,0,34,168,85.9,Approved
Health & Safety,Sick Leave,1,1,1,0,37,168,86.8,Rejected
Health & Safety,Sick Leave,1,1,1,1,34,168,83.4,Approved
Administration,Casual Leave,1,1,0,0,33,156,86.2,Approved
Health & Safety,Sick Leave,1,1,2,0,40,144,96.3,Approved
Administration,Casual Leave,1,1,0,0,43,156,93.1,Approved
Administration,Casual Leave,1,1,0,0,50,216,73.7,Approved
Health & Safety,Sick Leave,1,1,2,0,38,216,92.3,Approved
Health & Safety,Sick Leave,1,1,4,1,38,216,86.8,Approved
Health & Safety,Sick Leave,1,2,1,0,37,120,86.2,Approved
Administration,Casual Leave,1,2,2,2,38,216,91.6,Approved
Health & Safety,Sick Leave,1,2,2,1,28,108,94.0,Approved
Health & Safety,Sick Leave,1,2,4,1,33,156,93.9,Approved
Health & Safety,Sick Leave,1,2,4,0,36,132,84.3,Rejected
Health & Safety,Sick Leave,1,2,4,3,38,216,90.8,Approved
Administration,Casual Leave,1,2,0,4,38,216,74.1,Approved
Health & Safety,Sick Leave,1,2,3,5,38,216,90.1,Approved
Administration,Casual Leave,1,2,3,0,41,192,86.2,Approved
Administration,Casual Leave,1,2,4,6,38,216,96.1,Approved
Health & Safety,Sick Leave,1,2,0,2,33,156,82.1,Approved
Administration,Casual Leave,1,2,0,7,38,216,86.8,Rejected
Health & Safety,Sick Leave,1,2,1,1,41,192,90.3,Rejected
Health & Safety,Sick Leave,1,2,1,1,40,144,99.5,Approved
Health & Safety,Sick Leave,2,2,2,0,29,72,94.9,Approved
Health & Safety,Sick Leave,3,2,4,1,41,192,82.0,Approved
Operations,Annual Leave,1,3,1,1,37,120,85.1,Rejected
Administration,Casual Leave,2,3,2,2,41,192,83.3,Approved
Health & Safety,Sick Leave,1,3,4,3,41,192,93.5,Approved
Health & Safety,Sick Leave,1,3,4,0,36,132,85.5,Approved
Health & Safety,Sick Leave,1,3,0,7,38,216,79.2,Approved
Health & Safety,Sick Leave,1,3,0,0,37,168,86.8,Approved
Health & Safety,Sick Leave,1,3,1,1,40,204,90.1,Approved
Health & Safety,Sick Leave,1,3,1,0,36,132,82.9,Approved
Health & Safety,Sick Leave,2,3,0,8,38,216,89.8,Approved
Health & Safety,Sick Leave,1,3,2,0,28,36,95.7,Approved
Administration,Casual Leave,1,3,2,0,31,144,84.8,Rejected
Operations,Annual Leave,1,3,3,1,37,168,82.0,Approved
Health & Safety,Sick Leave,1,3,4,1,50,216,87.4,Approved
Health & Safety,Sick Leave,1,3,1,2,50,216,100.0,Approved
Health & Safety,Sick Leave,1,3,2,3,50,216,85.4,Approved
Administration,Casual Leave,1,3,3,2,37,168,89.6,Rejected
Administration,Casual Leave,1,3,3,4,41,192,90.0,Rejected
Administration,Casual Leave,1,3,3,4,50,216,96.8,Rejected
Health & Safety,Sick Leave,1,3,4,9,38,216,100.0,Approved
Health & Safety,Sick Leave,1,3,4,2,33,156,90.1,Approved
Administration,Casual Leave,1,3,0,1,36,132,82.9,Approved
Health & Safety,Sick Leave,1,3,1,4,41,192,86.6,Approved
Health & Safety,Sick Leave,1,4,2,10,38,216,90.6,Approved
Health & Safety,Sick Leave,1,4,4,2,36,132,86.6,Approved
Administration,Casual Leave,1,4,4,0,28,48,86.8,Approved
Health & Safety,Sick Leave,1,4,0,0,31,144,93.8,Approved
Administration,Casual Leave,1,4,0,0,47,168,81.6,Approved
Health & Safety,Sick Leave,1,4,2,1,28,48,84.1,Approved
Health & Safety,Sick Leave,1,4,2,11,38,216,91.6,Approved
Health & Safety,Sick Leave,1,4,0,4,50,216,91.9,Approved
Health & Safety,Sick Leave,10,4,2,5,50,216,93.6,Approved
Health & Safety,Sick Leave,1,4,4,0,43,156,81.0,Rejected
Health & Safety,Sick Leave,1,4,4,3,36,132,87.1,Approved
Health & Safety,Sick Leave,1,4,0,12,38,216,87.0,Rejected
Health & Safety,Sick Leave,1,4,2,1,37,120,85.2,Rejected
Health & Safety,Sick Leave,2,5,0,1,43,156,89.5,Approved
Health & Safety,Sick Leave,1,5,2,1,47,168,82.2,Approved
Health & Safety,Sick Leave,1,5,0,1,31,144,87.4,Rejected
Health & Safety,Sick Leave,1,5,2,0,30,108,89.3,Approved
Health & Safety,Sick Leave,1,5,2,12,38,216,88.7,Rejected
Health & Safety,Sick Leave,1,5,3,1,28,36,92.8,Approved
Health & Safety,Sick Leave,1,5,4,4,36,132,76.8,Approved
Health & Safety,Sick Leave,1,5,0,2,40,204,82.5,Approved
Health & Safety,Sick Leave,1,5,0,3,40,204,88.6,Approved
Operations,Annual Leave,1,5,2,0,58,192,81.9,Approved
Health & Safety,Sick Leave,1,5,2,2,28,108,86.1,Approved
Health & Safety,Sick Leave,1,5,4,2,28,48,83.5,Approved
Health & Safety,Sick Leave,1,5,0,1,30,108,84.1,Rejected
Health & Safety,Sick Leave,1,5,0,1,37,120,85.5,Approved
Health & Safety,Sick Leave,1,5,0,2,37,168,88.6,Rejected
Health & Safety,Sick Leave,1,6,0,2,37,120,100.0,Approved
Health & Safety,Sick Leave,1,6,0,12,38,216,90.8,Approved
Health & Safety,Sick Leave,1,6,1,3,37,120,88.7,Rejected
Health & Safety,Sick Leave,1,6,3,3,28,108,88.4,Rejected
Health & Safety,Sick Leave,1,6,4,5,36,132,91.0,Approved
Administration,Casual Leave,1,6,4,13,38,216,98.0,Rejected
Health & Safety,Sick Leave,5,6,0,2,40,144,86.4,Approved
Health & Safety,Sick Leave,3,6,0,13,38,216,91.2,Approved
Health & Safety,Sick Leave,1,6,1,5,41,192,78.3,Rejected
Health & Safety,Sick Leave,1,6,0,14,38,216,84.5,Approved
Administration,Casual Leave,1,6,1,2,43,156,97.7,Approved
Health & Safety,Sick Leave,1,6,0,15,38,216,80.6,Approved
Health & Safety,Sick Leave,1,6,2,3,28,108,84.7,Approved
Health & Safety,Sick Leave,1,6,2,6,50,216,93.2,Approved
Health & Safety,Sick Leave,1,6,2,16,38,216,83.9,Approved
Operations,Annual Leave,1,6,2,1,30,108,86.6,Approved
Health & Safety,Sick Leave,1,6,4,5,41,192,85.6,Approved
Health & Safety,Sick Leave,1,6,1,3,28,48,84.8,Approved
Health & Safety,Sick Leave,1,6,1,2,37,168,96.3,Approved
Health & Safety,Sick Leave,1,7,3,2,30,108,84.6,Approved
Health & Safety,Sick Leave,1,7,3,4,28,108,80.1,Approved
Health & Safety,Sick Leave,1,7,4,6,36,132,88.6,Approved
Health & Safety,Sick Leave,1,7,0,0,33,96,76.9,Approved
Health & Safety,Sick Leave,1,7,4,4,28,48,96.6,Approved
Administration,Casual Leave,1,7,4,3,37,120,99.5,Approved
Administration,Casual Leave,1,7,0,7,36,132,92.1,Approved
Health & Safety,Sick Leave,1,7,1,4,37,120,91.6,Approved
Operations,Annual Leave,1,7,0,0,43,156,87.4,Approved
Health & Safety,Sick Leave,1,7,0,0,48,144,89.1,Approved
Health & Safety,Sick Leave,1,7,1,6,41,192,87.1,Approved
Health & Safety,Sick Leave,10,7,1,5,28,108,90.4,Approved
Health & Safety,Sick Leave,1,7,1,17,38,216,97.6,Approved
Health & Safety,Sick Leave,1,7,4,7,50,216,91.4,Approved
Health & Safety,Sick Leave,1,7,4,2,28,36,93.1,Rejected
Health & Safety,Sick Leave,1,7,0,3,33,156,92.1,Approved
Administration,Casual Leave,1,7,0,3,43,156,84.2,Approved
Health & Safety,Sick Leave,1,7,3,3,40,144,87.7,Rejected
Health & Safety,Sick Leave,1,7,3,0,39,168,83.9,Approved
Health & Safety,Sick Leave,1,8,3,18,38,216,89.0,Approved
Health & Safety,Sick Leave,1,8,0,4,40,204,84.1,Approved
Health & Safety,Sick Leave,1,8,1,7,41,192,80.2,Rejected
Health & Safety,Sick Leave,1,8,1,5,37,120,85.9,Approved
Administration,Casual Leave,1,8,1,4,33,156,93.6,Approved
Administration,Casual Leave,1,8,1,4,43,156,100.0,Approved
Health & Safety,Sick Leave,1,8,3,3,40,144,87.2,Approved
Health & Safety,Sick Leave,1,8,0,19,38,216,93.4,Approved
Health & Safety,Sick Leave,1,8,1,5,40,204,83.8,Rejected
Health & Safety,Sick Leave,2,8,3,5,28,48,78.1,Approved
Health & Safety,Sick Leave,1,8,1,3,37,168,87.3,Approved
Health & Safety,Sick Leave,1,8,1,7,41,192,87.0,Approved
Health & Safety,Sick Leave,1,8,1,6,37,120,82.6,Approved
Health & Safety,Sick Leave,1,8,3,4,40,144,77.5,Approved
Health & Safety,Sick Leave,1,8,0,8,36,132,84.2,Approved
Health & Safety,Sick Leave,1,9,1,8,41,192,86.6,Approved
Health & Safety,Sick Leave,1,9,1,7,37,120,87.3,Rejected
Health & Safety,Sick Leave,1,9,1,2,34,168,74.9,Approved
Health & Safety,Sick Leave,1,9,3,5,40,144,86.0,Approved
Health & Safety,Sick Leave,1,9,4,3,30,108,84.5,Rejected
Health & Safety,Sick Leave,1,9,4,2,47,168,88.7,Approved
Health & Safety,Sick Leave,1,9,0,20,38,216,100.0,Approved
Health & Safety,Sick Leave,1,9,2,6,28,108,85.0,Rejected
Health & Safety,Sick Leave,1,9,0,3,30,108,85.1,Approved
Health & Safety,Sick Leave,1,9,1,1,31,144,88.0,Approved
Health & Safety,Sick Leave,1,9,1,2,28,36,86.9,Approved
Health & Safety,Sick Leave,1,10,3,1,49,348,84.1,Approved
Health & Safety,Sick Leave,1,10,3,0,32,96,82.4,Rejected
Administration,Casual Leave,1,10,4,9,41,192,99.2,Approved
Health & Safety,Sick Leave,1,10,2,2,49,348,83.8,Rejected
Health & Safety,Sick Leave,1,10,2,6,40,144,82.8,Approved
Health & Safety,Sick Leave,1,10,1,7,37,120,82.8,Approved
Health & Safety,Sick Leave,1,10,3,2,49,348,85.4,Rejected
Health & Safety,Sick Leave,1,10,4,7,40,144,79.9,Approved
Health & Safety,Sick Leave,1,10,1,6,28,108,91.0,Approved
Health & Safety,Sick Leave,1,10,1,2,31,144,95.2,Approved
Health & Safety,Sick Leave,1,10,1,3,31,144,88.5,Approved
Health & Safety,Sick Leave,1,10,1,7,28,108,91.9,Approved
Administration,Casual Leave,1,10,1,4,31,144,87.1,Approved
Health & Safety,Sick Leave,1,10,2,21,38,216,89.5,Approved
Health & Safety,Sick Leave,1,10,2,1,58,192,91.8,Approved
Health & Safety,Sick Leave,1,10,2,8,40,144,95.5,Approved
Health & Safety,Sick Leave,1,10,3,5,31,144,87.6,Approved
Health & Safety,Sick Leave,1,10,3,8,28,108,86.3,Approved
Health & Safety,Sick Leave,1,10,4,6,31,144,84.5,Rejected
Health & Safety,Sick Leave,1,10,4,9,28,108,84.8,Approved
Health & Safety,Sick Leave,1,10,0,3,33,156,88.8,Rejected
Health & Safety,Sick Leave,1,10,0,0,32,96,89.6,Approved
Health & Safety,Sick Leave,1,10,0,3,47,168,96.0,Rejected
Administration,Casual Leave,1,10,0,10,28,108,92.9,Rejected
Health & Safety,Sick Leave,1,10,1,10,28,108,94.1,Approved
Operations,Annual Leave,1,11,1,22,38,216,87.6,Rejected
Health & Safety,Sick Leave,1,11,2,8,37,120,82.5,Approved
Health & Safety,Sick Leave,3,11,2,6,28,48,89.4,Approved
Health & Safety,Sick Leave,1,11,4,22,38,216,95.6,Approved
Health & Safety,Sick Leave,1,11,1,9,37,120,87.1,Approved
Operations,Annual Leave,1,11,2,5,33,156,73.5,Approved
Health & Safety,Sick Leave,1,11,4,1,32,96,93.3,Approved
Health & Safety,Sick Leave,1,11,4,11,28,108,81.8,Approved
Health & Safety,Sick Leave,1,11,1,3,28,36,100.0,Approved
Health & Safety,Sick Leave,1,11,2,9,40,144,98.5,Approved
Health & Safety,Sick Leave,1,11,3,10,37,120,92.7,Rejected
Health & Safety,Sick Leave,1,11,3,12,28,108,84.0,Approved
Health & Safety,Sick Leave,1,11,0,23,38,216,88.1,Rejected
Health & Safety,Sick Leave,1,11,0,10,37,120,83.3,Approved
Health & Safety,Sick Leave,1,11,1,11,37,120,85.2,Rejected
Health & Safety,Sick Leave,1,11,1,13,28,108,79.0,Approved
Administration,Casual Leave,1,11,1,10,40,144,88.6,Rejected
Administration,Casual Leave,1,11,2,6,33,156,84.8,Rejected
Health & Safety,Sick Leave,1,11,3,3,47,168,89.9,Approved
Administration,Casual Leave,1,11,3,5,43,156,83.6,Rejected
Health & Safety,Sick Leave,1,11,4,14,28,108,82.3,Approved
Administration,Casual Leave,1,11,4,6,31,144,80.3,Approved
Health & Safety,Sick Leave,1,11,0,4,28,36,95.2,Approved
Health & Safety,Sick Leave,4,12,1,23,38,216,83.1,Rejected
Health & Safety,Sick Leave,1,12,2,10,40,144,84.4,Approved
Health & Safety,Sick Leave,1,12,2,15,28,108,87.2,Rejected
Health & Safety,Sick Leave,1,12,4,4,30,108,86.4,Rejected
Health & Safety,Sick Leave,1,12,4,15,28,108,79.9,Approved
Health & Safety,Sick Leave,1,12,3,5,28,36,83.3,Approved
Operations,Annual Leave,1,12,4,5,40,204,89.2,Approved
Administration,Casual Leave,1,12,4,5,43,156,81.3,Approved
Operations,Annual Leave,1,12,0,0,31,12,85.7,Rejected
Health & Safety,Sick Leave,2,12,1,4,30,108,78.5,Approved
Health & Safety,Sick Leave,1,12,1,16,28,108,93.7,Approved
Health & Safety,Sick Leave,1,12,3,17,28,108,88.1,Approved
Health & Safety,Sick Leave,1,12,0,18,28,108,90.5,Rejected
Operations,Annual Leave,10,12,1,3,34,168,86.1,Rejected
Health & Safety,Sick Leave,3,1,0,0,30,108,89.6,Approved
Health & Safety,Sick Leave,2,1,3,1,30,108,75.7,Approved
Health & Safety,Sick Leave,1,1,3,0,40,204,88.4,Approved
Health & Safety,Sick Leave,1,1,4,1,40,204,94.9,Approved
Health & Safety,Sick Leave,1,1,0,2,30,108,88.1,Rejected
Health & Safety,Sick Leave,1,1,2,2,40,204,80.5,Rejected
Health & Safety,Sick Leave,1,1,3,0,49,348,100.0,Rejected
Operations,Annual Leave,1,1,4,2,40,204,93.5,Approved
Administration,Casual Leave,1,1,0,2,30,108,76.6,Approved
Operations,Annual Leave,1,1,1,0,34,168,80.5,Approved
Administration,Casual Leave,1,1,2,3,30,108,95.0,Approved
Administration,Casual Leave,1,1,2,0,38,216,88.6,Approved
Health & Safety,Sick Leave,1,1,2,0,33,156,97.9,Approved
Administration,Casual Leave,1,1,3,1,38,216,90.9,Approved
Administration,Casual Leave,1,1,4,2,38,216,93.0,Approved
Health & Safety,Sick Leave,1,2,1,3,38,216,85.5,Approved
Health & Safety,Sick Leave,1,2,1,0,28,108,84.5,Approved
Health & Safety,Sick Leave,1,2,2,0,47,168,81.4,Approved
Administration,Casual Leave,1,2,2,4,38,216,78.1,Approved
Health & Safety,Sick Leave,1,2,3,1,28,108,92.0,Approved
Administration,Casual Leave,1,2,3,5,38,216,83.8,Approved
Administration,Casual Leave,1,2,3,4,30,108,93.5,Approved
Health & Safety,Sick Leave,1,2,4,0,41,180,87.2,Approved
Administration,Casual Leave,1,2,4,6,38,216,93.9,Approved
Administration,Casual Leave,1,2,0,0,31,12,100.0,Approved
Administration,Casual Leave,1,2,0,7,38,216,88.1,Approved
Health & Safety,Sick Leave,1,2,1,2,28,108,90.9,Approved
Administration,Casual Leave,1,2,2,8,38,216,82.3,Approved
Administration,Casual Leave,1,2,3,9,38,216,90.4,Approved
Health & Safety,Sick Leave,1,2,3,3,28,108,85.7,Approved
Health & Safety,Sick Leave,1,2,3,5,30,108,87.8,Approved
Health & Safety,Sick Leave,1,2,4,3,40,204,89.3,Approved
Administration,Casual Leave,1,2,4,10,38,216,90.4,Rejected
Health & Safety,Sick Leave,1,2,2,1,31,12,86.8,Approved
Administration,Casual Leave,1,2,2,6,30,108,88.6,Approved
Health & Safety,Sick Leave,1,2,3,10,38,216,99.0,Rejected
Health & Safety,Sick Leave,1,2,0,1,34,168,88.0,Approved
Health & Safety,Sick Leave,1,2,0,0,32,96,96.4,Approved
Health & Safety,Sick Leave,1,2,0,4,28,108,100.0,Approved
Administration,Casual Leave,1,2,1,10,38,216,84.0,Approved
Health & Safety,Sick Leave,1,2,1,1,47,168,82.4,Approved
Health & Safety,Sick Leave,1,2,1,5,28,108,89.4,Approved
Health & Safety,Sick Leave,1,2,4,1,32,96,87.9,Approved
Administration,Casual Leave,1,3,0,11,38,216,95.5,Approved
Health & Safety,Sick Leave,1,3,0,2,47,168,91.8,Rejected
Health & Safety,Sick Leave,1,3,1,0,58,192,78.9,Approved
Health & Safety,Sick Leave,1,3,1,2,47,168,98.5,Approved
Health & Safety,Sick Leave,10,3,1,1,58,192,88.2,Approved
Administration,Casual Leave,1,3,2,12,38,216,83.4,Approved
Administration,Casual Leave,1,3,3,6,28,108,87.7,Approved
Administration,Casual Leave,1,3,3,13,38,216,90.5,Approved
Health & Safety,Sick Leave,1,3,3,7,28,108,91.5,Approved
Administration,Casual Leave,1,3,4,7,30,108,93.2,Approved
Health & Safety,Sick Leave,1,3,0,2,32,96,87.8,Approved
Administration,Casual Leave,1,3,0,0,28,36,88.1,Approved
Health & Safety,Sick Leave,1,3,1,14,38,216,90.8,Rejected
Administration,Casual Leave,1,3,4,8,30,108,87.3,Rejected
Health & Safety,Sick Leave,1,3,0,14,38,216,90.3,Approved
Health & Safety,Sick Leave,1,3,0,3,47,168,89.8,Approved
Administration,Casual Leave,1,3,0,15,38,216,91.2,Rejected
Health & Safety,Sick Leave,1,3,0,8,28,108,85.6,Approved
Administration,Casual Leave,1,3,1,15,38,216,84.6,Rejected
Health & Safety,Sick Leave,1,3,2,1,33,156,94.3,Approved
Health & Safety,Sick Leave,1,3,2,2,58,192,87.0,Approved
Health & Safety,Sick Leave,1,3,3,4,47,168,91.7,Approved
Health & Safety,Sick Leave,1,3,4,8,30,108,86.0,Approved
Administration,Casual Leave,1,3,4,15,38,216,85.2,Rejected
Administration,Casual Leave,1,3,1,15,38,216,96.1,Rejected
Health & Safety,Sick Leave,1,3,2,0,46,288,92.8,Approved
Health & Safety,Sick Leave,3,3,2,2,34,168,95.5,Rejected
Administration,Casual Leave,1,3,2,15,38,216,89.9,Rejected
Administration,Casual Leave,1,3,3,15,38,216,82.4,Approved
Health & Safety,Sick Leave,1,3,0,9,30,108,86.1,Approved
Administration,Casual Leave,10,3,0,2,33,156,80.8,Rejected
Health & Safety,Sick Leave,1,3,2,0,31,144,80.5,Approved
Health & Safety,Sick Leave,1,4,0,9,28,108,88.3,Approved
Health & Safety,Sick Leave,1,4,0,0,37,120,85.4,Approved
Administration,Casual Leave,1,4,1,1,28,36,95.2,Approved
Administration,Casual Leave,1,4,2,5,47,168,88.2,Rejected
Health & Safety,Sick Leave,1,4,3,0,33,156,83.3,Approved
Administration,Casual Leave,1,4,4,10,30,108,90.4,Approved
Health & Safety,Sick Leave,3,4,0,1,31,144,94.0,Approved
Operations,Annual Leave,1,4,1,4,40,204,90.7,Approved
Health & Safety,Sick Leave,1,4,1,0,50,216,91.5,Approved
Health & Safety,Sick Leave,1,4,1,2,28,36,88.1,Approved
Health & Safety,Sick Leave,1,4,2,1,37,120,91.5,Approved
Health & Safety,Sick Leave,1,4,4,0,37,168,80.6,Approved
Administration,Casual Leave,1,4,0,10,28,108,94.8,Approved
Operations,Annual Leave,1,4,1,3,32,96,86.2,Approved
Health & Safety,Sick Leave,1,4,1,2,34,168,86.1,Approved
Administration,Casual Leave,1,4,3,11,28,108,85.5,Approved
Health & Safety,Sick Leave,1,4,3,1,50,216,89.2,Approved
Health & Safety,Sick Leave,1,5,0,1,37,168,90.9,Approved
Administration,Casual Leave,1,5,2,1,41,180,100.0,Approved
Health & Safety,Sick Leave,1,5,2,4,32,96,76.8,Approved
Health & Safety,Sick Leave,1,5,2,2,37,120,86.3,Approved
Administration,Casual Leave,1,5,2,0,43,156,83.6,Approved
Health & Safety,Sick Leave,1,5,3,11,30,108,82.2,Approved
Health & Safety,Sick Leave,1,5,3,0,40,144,89.9,Rejected
Health & Safety,Sick Leave,1,5,3,2,41,180,79.9,Approved
Administration,Casual Leave,8,5,4,0,43,156,91.9,Rejected
Health & Safety,Sick Leave,1,5,4,3,41,180,90.3,Approved
Administration,Casual Leave,1,5,4,12,30,108,81.6,Rejected
Health & Safety,Sick Leave,1,5,0,2,50,216,85.4,Approved
Health & Safety,Sick Leave,1,5,1,3,50,216,94.1,Approved
Health & Safety,Sick Leave,1,5,1,3,37,120,83.3,Approved
Administration,Casual Leave,1,5,1,4,50,216,88.5,Rejected
Administration,Casual Leave,1,5,2,12,30,108,74.4,Approved
Administration,Casual Leave,1,5,2,1,36,132,84.9,Rejected
Operations,Annual Leave,1,5,4,5,40,204,86.2,Rejected
Health & Safety,Sick Leave,6,5,0,3,34,168,85.9,Approved
Health & Safety,Sick Leave,1,5,0,5,32,96,85.9,Approved
Health & Safety,Sick Leave,1,5,2,0,40,144,97.9,Approved
Health & Safety,Sick Leave,1,5,2,5,40,204,86.7,Approved
Health & Safety,Sick Leave,1,5,2,12,28,108,89.7,Approved
Health & Safety,Sick Leave,1,5,3,0,28,48,72.6,Rejected
Health & Safety,Sick Leave,1,5,3,6,32,96,93.8,Rejected
Health & Safety,Sick Leave,1,5,0,3,28,36,85.4,Approved
Health & Safety,Sick Leave,1,5,2,4,34,168,91.7,Approved
Health & Safety,Sick Leave,1,5,4,6,40,204,88.8,Approved
Health & Safety,Sick Leave,1,5,4,5,34,168,98.1,Approved
Health & Safety,Sick Leave,1,5,0,13,28,108,85.6,Approved
Health & Safety,Sick Leave,1,6,2,1,46,288,80.9,Rejected
Administration,Casual Leave,1,6,2,13,30,108,89.8,Rejected
Administration,Casual Leave,1,6,4,4,37,120,89.8,Approved
Health & Safety,Sick Leave,1,6,2,5,37,120,75.9,Approved
Health & Safety,Sick Leave,1,6,3,1,36,132,83.7,Approved
Administration,Casual Leave,3,6,3,4,50,216,84.5,Approved
Administration,Casual Leave,1,6,4,2,31,12,91.3,Approved
Administration,Casual Leave,1,6,4,13,30,108,79.7,Rejected
Administration,Casual Leave,1,6,0,0,48,144,87.1,Rejected
Administration,Casual Leave,1,6,0,0,33,96,84.9,Rejected
Administration,Casual Leave,1,6,3,5,50,216,89.5,Approved
Health & Safety,Sick Leave,1,6,3,13,30,108,95.9,Approved
Health & Safety,Sick Leave,1,6,3,1,40,144,91.0,Approved
Health & Safety,Sick Leave,1,6,0,14,30,108,92.6,Approved
Health & Safety,Sick Leave,1,6,0,6,37,120,92.0,Approved
Health & Safety,Sick Leave,1,6,3,3,31,12,86.0,Approved
Health & Safety,Sick Leave,1,6,4,7,37,120,83.7,Approved
Health & Safety,Sick Leave,1,6,2,8,37,120,83.0,Approved
Health & Safety,Sick Leave,1,6,2,4,31,12,97.6,Approved
Administration,Casual Leave,1,7,2,1,43,156,84.7,Approved
Administration,Casual Leave,1,7,4,5,31,12,92.9,Approved
Health & Safety,Sick Leave,1,7,0,3,58,192,89.5,Rejected
Health & Safety,Sick Leave,1,7,0,9,37,120,90.0,Approved
Health & Safety,Sick Leave,10,7,1,3,58,192,94.5,Approved
Health & Safety,Sick Leave,2,7,1,1,33,156,82.9,Approved
Health & Safety,Sick Leave,1,7,2,10,37,120,89.4,Approved
Health & Safety,Sick Leave,1,7,2,4,28,36,80.3,Approved
Health & Safety,Sick Leave,1,7,2,14,28,108,86.9,Approved
Health & Safety,Sick Leave,10,7,0,2,31,144,90.8,Approved
Health & Safety,Sick Leave,1,7,1,2,33,156,78.9,Approved
Health & Safety,Sick Leave,1,7,1,2,37,168,93.3,Approved
